bioguide,twitter,name,first,last,gender,birthday,source,congress,chamber,state,district,senate_class,party,term_start,term_end,congress_start,congress_end,overlap_start,overlap_end
Y000033,,Don Young,Don,Young,M,1933-06-09,historical,116,house,AK,0,,Republican,2019-01-03,2021-01-03,2019-01-03,2021-01-03,2019-01-03,2021-01-03
A000055,Robert_Aderholt,Robert B. Aderholt,Robert,Aderholt,M,1965-07-22,current,116,house,AL,4,,Republican,2019-01-03,2021-01-03,2019-01-03,2021-01-03,2019-01-03,2021-01-03
B001274,,Mo Brooks,Mo,Brooks,M,1954-04-29,historical,116,house,AL,5,,Republican,2019-01-03,2021-01-03,2019-01-03,2021-01-03,2019-01-03,2021-01-03
B001289,,Bradley Byrne,Bradley,Byrne,M,1955-02-16,historical,116,house,AL,1,,Republican,2019-01-03,2021-01-03,2019-01-03,2021-01-03,2019-01-03,2021-01-03
P000609,USRepGaryPalmer,Gary J. Palmer,Gary,Palmer,M,1954-05-14,current,116,house,AL,6,,Republican,2019-01-03,2021-01-03,2019-01-03,2021-01-03,2019-01-03,2021-01-03
R000591,,Martha Roby,Martha,Roby,F,1976-07-27,historical,116,house,AL,2,,Republican,2019-01-03,2021-01-03,2019-01-03,2021-01-03,2019-01-03,2021-01-03
R000575,RepMikeRogersAL,Mike Rogers,Mike,Rogers,M,1958-07-16,current,116,house,AL,3,,Republican,2019-01-03,2021-01-03,2019-01-03,2021-01-03,2019-01-03,2021-01-03
S001185,RepTerriSewell,Terri A. Sewell,Terri,Sewell,F,1965-01-01,current,116,house,AL,7,,Democrat,2019-01-03,2021-01-03,2019-01-03,2021-01-03,2019-01-03,2021-01-03
C001087,RepRickCrawford,"Eric A. ""Rick"" Crawford",Eric,Crawford,M,1966-01-22,current,116,house,AR,1,,Republican,2019-01-03,2021-01-03,2019-01-03,2021-01-03,2019-01-03,2021-01-03
H001072,RepFrenchHill,J. French Hill,J.,Hill,M,1956-12-05,current,116,house,AR,2,,Republican,2019-01-03,2021-01-03,2019-01-03,2021-01-03,2019-01-03,2021-01-03
W000821,RepWesterman,Bruce Westerman,Bruce,Westerman,M,1967-11-18,current,116,house,AR,4,,Republican,2019-01-03,2021-01-03,2019-01-03,2021-01-03,2019-01-03,2021-01-03
W000809,Rep_SteveWomack,Steve Womack,Steve,Womack,M,1957-02-18,current,116,house,AR,3,,Republican,2019-01-03,2021-01-03,2019-01-03,2021-01-03,2019-01-03,2021-01-03
R000600,RepAmata,Aumua Amata Coleman Radewagen,Aumua Amata,Radewagen,F,1947-12-29,current,116,house,AS,0,,Republican,2019-01-03,2021-01-03,2019-01-03,2021-01-03,2019-01-03,2021-01-03
B001302,RepAndyBiggsAZ,Andy Biggs,Andy,Biggs,M,1958-11-07,current,116,house,AZ,5,,Republican,2019-01-03,2021-01-03,2019-01-03,2021-01-03,2019-01-03,2021-01-03
G000574,RepRubenGallego,Ruben Gallego,Ruben,Gallego,M,1979-11-20,current,116,house,AZ,7,,Democrat,2019-01-03,2021-01-03,2019-01-03,2021-01-03,2019-01-03,2021-01-03
G000565,RepGosar,Paul A. Gosar,Paul,Gosar,M,1958-11-22,current,116,house,AZ,4,,Republican,2019-01-03,2021-01-03,2019-01-03,2021-01-03,2019-01-03,2021-01-03
G000551,,Raúl M. Grijalva,Raúl,Grijalva,M,1948-02-19,historical,116,house,AZ,3,,Democrat,2019-01-03,2021-01-03,2019-01-03,2021-01-03,2019-01-03,2021-01-03
K000368,,Ann Kirkpatrick,Ann,Kirkpatrick,F,1950-03-24,historical,116,house,AZ,2,,Democrat,2019-01-03,2021-01-03,2019-01-03,2021-01-03,2019-01-03,2021-01-03
L000589,,Debbie Lesko,Debbie,Lesko,F,1958-11-14,historical,116,house,AZ,8,,Republican,2019-01-03,2021-01-03,2019-01-03,2021-01-03,2019-01-03,2021-01-03
O000171,,Tom O’Halleran,Tom,O’Halleran,M,1946-01-24,historical,116,house,AZ,1,,Democrat,2019-01-03,2021-01-03,2019-01-03,2021-01-03,2019-01-03,2021-01-03
S001183,RepDavid,David Schweikert,David,Schweikert,M,1962-03-03,current,116,house,AZ,6,,Republican,2019-01-03,2021-01-03,2019-01-03,2021-01-03,2019-01-03,2021-01-03
S001211,RepGregStanton,Greg Stanton,Greg,Stanton,M,1970-03-08,current,116,house,AZ,9,,Democrat,2019-01-03,2021-01-03,2019-01-03,2021-01-03,2019-01-03,2021-01-03
A000371,RepPeteAguilar,Pete Aguilar,Pete,Aguilar,M,1979-06-19,current,116,house,CA,31,,Democrat,2019-01-03,2021-01-03,2019-01-03,2021-01-03,2019-01-03,2021-01-03
B001300,RepBarragan,Nanette Diaz Barragán,Nanette,Barragán,F,1976-09-15,current,116,house,CA,44,,Democrat,2019-01-03,2021-01-03,2019-01-03,2021-01-03,2019-01-03,2021-01-03
B001270,,Karen Bass,Karen,Bass,F,1953-10-03,historical,116,house,CA,37,,Democrat,2019-01-03,2021-01-03,2019-01-03,2021-01-03,2019-01-03,2021-01-03
B001287,RepBera,Ami Bera,Ami,Bera,M,1965-03-02,current,116,house,CA,7,,Democrat,2019-01-03,2021-01-03,2019-01-03,2021-01-03,2019-01-03,2021-01-03
B001285,RepBrownley,Julia Brownley,Julia,Brownley,F,1952-08-28,current,116,house,CA,26,,Democrat,2019-01-03,2021-01-03,2019-01-03,2021-01-03,2019-01-03,2021-01-03
C000059,KenCalvert,Ken Calvert,Ken,Calvert,M,1953-06-08,current,116,house,CA,42,,Republican,2019-01-03,2021-01-03,2019-01-03,2021-01-03,2019-01-03,2021-01-03
C001112,RepCarbajal,Salud O. Carbajal,Salud,Carbajal,M,1964-11-18,current,116,house,CA,24,,Democrat,2019-01-03,2021-01-03,2019-01-03,2021-01-03,2019-01-03,2021-01-03
C001080,RepJudyChu,Judy Chu,Judy,Chu,F,1953-07-07,current,116,house,CA,27,,Democrat,2019-01-03,2021-01-03,2019-01-03,2021-01-03,2019-01-03,2021-01-03
C001123,,"Gilbert Ray Cisneros, Jr.",Gilbert,Cisneros,M,1971-02-12,current,116,house,CA,39,,Democrat,2019-01-03,2021-01-03,2019-01-03,2021-01-03,2019-01-03,2021-01-03
C001094,,Paul Cook,Paul,Cook,M,1943-03-03,historical,116,house,CA,8,,Republican,2019-01-03,2020-12-07,2019-01-03,2021-01-03,2019-01-03,2020-12-07
C001110,RepLouCorrea,J. Luis Correa,J.,Correa,M,1958-01-24,current,116,house,CA,46,,Democrat,2019-01-03,2021-01-03,2019-01-03,2021-01-03,2019-01-03,2021-01-03
C001059,RepJimCosta,Jim Costa,Jim,Costa,M,1952-04-13,current,116,house,CA,16,,Democrat,2019-01-03,2021-01-03,2019-01-03,2021-01-03,2019-01-03,2021-01-03
C001124,,TJ Cox,TJ,Cox,M,1963-07-18,historical,116,house,CA,21,,Democrat,2019-01-03,2021-01-03,2019-01-03,2021-01-03,2019-01-03,2021-01-03
C001097,,Tony Cárdenas,Tony,Cárdenas,M,1963-03-31,historical,116,house,CA,29,,Democrat,2019-01-03,2021-01-03,2019-01-03,2021-01-03,2019-01-03,2021-01-03
D000598,,Susan A. Davis,Susan,Davis,F,1944-04-13,historical,116,house,CA,53,,Democrat,2019-01-03,2021-01-03,2019-01-03,2021-01-03,2019-01-03,2021-01-03
D000623,RepDeSaulnier,Mark DeSaulnier,Mark,DeSaulnier,M,1952-03-31,current,116,house,CA,11,,Democrat,2019-01-03,2021-01-03,2019-01-03,2021-01-03,2019-01-03,2021-01-03
E000215,,Anna G. Eshoo,Anna,Eshoo,F,1942-12-13,historical,116,house,CA,18,,Democrat,2019-01-03,2021-01-03,2019-01-03,2021-01-03,2019-01-03,2021-01-03
G000559,RepGaramendi,John Garamendi,John,Garamendi,M,1945-01-24,current,116,house,CA,3,,Democrat,2019-01-03,2021-01-03,2019-01-03,2021-01-03,2019-01-03,2021-01-03
G000061,,Mike Garcia,Mike,Garcia,M,1976-04-24,historical,116,house,CA,25,,Republican,2020-05-19,2021-01-03,2019-01-03,2021-01-03,2020-05-19,2021-01-03
G000585,RepJimmyGomez,Jimmy Gomez,Jimmy,Gomez,M,1974-11-25,current,116,house,CA,34,,Democrat,2019-01-03,2021-01-03,2019-01-03,2021-01-03,2019-01-03,2021-01-03
H001090,RepJoshHarder,Josh Harder,Josh,Harder,M,1986-08-01,current,116,house,CA,10,,Democrat,2019-01-03,2021-01-03,2019-01-03,2021-01-03,2019-01-03,2021-01-03
H001087,,Katie Hill,Katie,Hill,F,1987-08-25,historical,116,house,CA,25,,Democrat,2019-01-03,2019-11-03,2019-01-03,2021-01-03,2019-01-03,2019-11-03
H001068,RepHuffman,Jared Huffman,Jared,Huffman,M,1964-02-18,current,116,house,CA,2,,Democrat,2019-01-03,2021-01-03,2019-01-03,2021-01-03,2019-01-03,2021-01-03
H001048,,Duncan Hunter,Duncan,Hunter,M,1976-12-07,historical,116,house,CA,50,,Republican,2019-01-03,2020-01-13,2019-01-03,2021-01-03,2019-01-03,2020-01-13
K000389,RepRoKhanna,Ro Khanna,Ro,Khanna,M,1976-09-13,current,116,house,CA,17,,Democrat,2019-01-03,2021-01-03,2019-01-03,2021-01-03,2019-01-03,2021-01-03
L000578,,Doug LaMalfa,Doug,LaMalfa,M,1960-07-02,historical,116,house,CA,1,,Republican,2019-01-03,2021-01-03,2019-01-03,2021-01-03,2019-01-03,2021-01-03
L000551,,Barbara Lee,Barbara,Lee,F,1946-07-16,historical,116,house,CA,13,,Democrat,2019-01-03,2021-01-03,2019-01-03,2021-01-03,2019-01-03,2021-01-03
L000593,RepMikeLevin,Mike Levin,Mike,Levin,M,1978-10-28,current,116,house,CA,49,,Democrat,2019-01-03,2021-01-03,2019-01-03,2021-01-03,2019-01-03,2021-01-03
L000582,RepTedLieu,Ted Lieu,Ted,Lieu,M,1969-03-29,current,116,house,CA,33,,Democrat,2019-01-03,2021-01-03,2019-01-03,2021-01-03,2019-01-03,2021-01-03
L000397,RepZoeLofgren,Zoe Lofgren,Zoe,Lofgren,F,1947-12-21,current,116,house,CA,19,,Democrat,2019-01-03,2021-01-03,2019-01-03,2021-01-03,2019-01-03,2021-01-03
L000579,,Alan S. Lowenthal,Alan,Lowenthal,M,1941-03-08,historical,116,house,CA,47,,Democrat,2019-01-03,2021-01-03,2019-01-03,2021-01-03,2019-01-03,2021-01-03
M001163,DorisMatsui,Doris O. Matsui,Doris,Matsui,F,1944-09-25,current,116,house,CA,6,,Democrat,2019-01-03,2021-01-03,2019-01-03,2021-01-03,2019-01-03,2021-01-03
M001165,,Kevin McCarthy,Kevin,McCarthy,M,1965-01-26,historical,116,house,CA,23,,Republican,2019-01-03,2021-01-03,2019-01-03,2021-01-03,2019-01-03,2021-01-03
M001177,RepMcClintock,Tom McClintock,Tom,McClintock,M,1956-07-10,current,116,house,CA,4,,Republican,2019-01-03,2021-01-03,2019-01-03,2021-01-03,2019-01-03,2021-01-03
M001166,,Jerry McNerney,Jerry,McNerney,M,1951-06-18,historical,116,house,CA,9,,Democrat,2019-01-03,2021-01-03,2019-01-03,2021-01-03,2019-01-03,2021-01-03
N000179,,Grace F. Napolitano,Grace,Napolitano,F,1936-12-04,historical,116,house,CA,32,,Democrat,2019-01-03,2021-01-03,2019-01-03,2021-01-03,2019-01-03,2021-01-03
N000181,,Devin Nunes,Devin,Nunes,M,1973-10-01,historical,116,house,CA,22,,Republican,2019-01-03,2021-01-03,2019-01-03,2021-01-03,2019-01-03,2021-01-03
P000613,RepJimmyPanetta,Jimmy Panetta,Jimmy,Panetta,M,1969-10-01,current,116,house,CA,20,,Democrat,2019-01-03,2021-01-03,2019-01-03,2021-01-03,2019-01-03,2021-01-03
P000197,SpeakerPelosi,Nancy Pelosi,Nancy,Pelosi,F,1940-03-26,current,116,house,CA,12,,Democrat,2019-01-03,2021-01-03,2019-01-03,2021-01-03,2019-01-03,2021-01-03
P000608,RepScottPeters,Scott H. Peters,Scott,Peters,M,1958-06-17,current,116,house,CA,52,,Democrat,2019-01-03,2021-01-03,2019-01-03,2021-01-03,2019-01-03,2021-01-03
P000618,,Katie Porter,Katie,Porter,F,1974-01-03,historical,116,house,CA,45,,Democrat,2019-01-03,2021-01-03,2019-01-03,2021-01-03,2019-01-03,2021-01-03
R000616,,Harley Rouda,Harley,Rouda,M,1961-12-10,historical,116,house,CA,48,,Democrat,2019-01-03,2021-01-03,2019-01-03,2021-01-03,2019-01-03,2021-01-03
R000486,,Lucille Roybal-Allard,Lucille,Roybal-Allard,F,1941-06-12,historical,116,house,CA,40,,Democrat,2019-01-03,2021-01-03,2019-01-03,2021-01-03,2019-01-03,2021-01-03
R000599,RepRaulRuizMD,Raul Ruiz,Raul,Ruiz,M,1972-08-25,current,116,house,CA,36,,Democrat,2019-01-03,2021-01-03,2019-01-03,2021-01-03,2019-01-03,2021-01-03
S001150,SenAdamSchiff,Adam B. Schiff,Adam,Schiff,M,1960-06-22,current,116,house,CA,28,,Democrat,2019-01-03,2021-01-03,2019-01-03,2021-01-03,2019-01-03,2021-01-03
S000344,BradSherman,Brad Sherman,Brad,Sherman,M,1954-10-24,current,116,house,CA,30,,Democrat,2019-01-03,2021-01-03,2019-01-03,2021-01-03,2019-01-03,2021-01-03
S001175,,Jackie Speier,Jackie,Speier,F,1950-05-14,historical,116,house,CA,14,,Democrat,2019-01-03,2021-01-03,2019-01-03,2021-01-03,2019-01-03,2021-01-03
S001193,RepSwalwell,Eric Swalwell,Eric,Swalwell,M,1980-11-16,current,116,house,CA,15,,Democrat,2019-01-03,2021-01-03,2019-01-03,2021-01-03,2019-01-03,2021-01-03
S001156,RepLindaSanchez,Linda T. Sánchez,Linda,Sánchez,F,1969-01-28,current,116,house,CA,38,,Democrat,2019-01-03,2021-01-03,2019-01-03,2021-01-03,2019-01-03,2021-01-03
T000472,RepMarkTakano,Mark Takano,Mark,Takano,M,1960-12-10,current,116,house,CA,41,,Democrat,2019-01-03,2021-01-03,2019-01-03,2021-01-03,2019-01-03,2021-01-03
T000460,RepThompson,Mike Thompson,Mike,Thompson,M,1951-01-24,current,116,house,CA,5,,Democrat,2019-01-03,2021-01-03,2019-01-03,2021-01-03,2019-01-03,2021-01-03
T000474,NormaJTorres,Norma J. Torres,Norma,Torres,F,1965-04-04,current,116,house,CA,35,,Democrat,2019-01-03,2021-01-03,2019-01-03,2021-01-03,2019-01-03,2021-01-03
V000130,RepJuanVargas,Juan Vargas,Juan,Vargas,M,1961-03-07,current,116,house,CA,51,,Democrat,2019-01-03,2021-01-03,2019-01-03,2021-01-03,2019-01-03,2021-01-03
W000187,RepMaxineWaters,Maxine Waters,Maxine,Waters,F,1938-08-15,current,116,house,CA,43,,Democrat,2019-01-03,2021-01-03,2019-01-03,2021-01-03,2019-01-03,2021-01-03
B001297,,Ken Buck,Ken,Buck,M,1959-02-16,historical,116,house,CO,4,,Republican,2019-01-03,2021-01-03,2019-01-03,2021-01-03,2019-01-03,2021-01-03
C001121,RepJasonCrow,Jason Crow,Jason,Crow,M,1979-03-15,current,116,house,CO,6,,Democrat,2019-01-03,2021-01-03,2019-01-03,2021-01-03,2019-01-03,2021-01-03
D000197,RepDianaDeGette,Diana DeGette,Diana,DeGette,F,1957-07-29,current,116,house,CO,1,,Democrat,2019-01-03,2021-01-03,2019-01-03,2021-01-03,2019-01-03,2021-01-03
L000564,,Doug Lamborn,Doug,Lamborn,M,1954-05-24,historical,116,house,CO,5,,Republican,2019-01-03,2021-01-03,2019-01-03,2021-01-03,2019-01-03,2021-01-03
N000191,RepJoeNeguse,Joe Neguse,Joe,Neguse,M,1984-05-13,current,116,house,CO,2,,Democrat,2019-01-03,2021-01-03,2019-01-03,2021-01-03,2019-01-03,2021-01-03
P000593,,Ed Perlmutter,Ed,Perlmutter,M,1953-05-01,historical,116,house,CO,7,,Democrat,2019-01-03,2021-01-03,2019-01-03,2021-01-03,2019-01-03,2021-01-03
T000470,,Scott R. Tipton,Scott,Tipton,M,1956-11-09,historical,116,house,CO,3,,Republican,2019-01-03,2021-01-03,2019-01-03,2021-01-03,2019-01-03,2021-01-03
C001069,RepJoeCourtney,Joe Courtney,Joe,Courtney,M,1953-04-06,current,116,house,CT,2,,Democrat,2019-01-03,2021-01-03,2019-01-03,2021-01-03,2019-01-03,2021-01-03
D000216,RosaDeLauro,Rosa L. DeLauro,Rosa,DeLauro,F,1943-03-02,current,116,house,CT,3,,Democrat,2019-01-03,2021-01-03,2019-01-03,2021-01-03,2019-01-03,2021-01-03
H001081,RepJahanaHayes,Jahana Hayes,Jahana,Hayes,F,1973-03-08,current,116,house,CT,5,,Democrat,2019-01-03,2021-01-03,2019-01-03,2021-01-03,2019-01-03,2021-01-03
H001047,jahimes,James A. Himes,James,Himes,M,1966-07-05,current,116,house,CT,4,,Democrat,2019-01-03,2021-01-03,2019-01-03,2021-01-03,2019-01-03,2021-01-03
L000557,RepJohnLarson,John B. Larson,John,Larson,M,1948-07-22,current,116,house,CT,1,,Democrat,2019-01-03,2021-01-03,2019-01-03,2021-01-03,2019-01-03,2021-01-03
N000147,EleanorNorton,Eleanor Holmes Norton,Eleanor,Norton,F,1937-06-13,current,116,house,DC,0,,Democrat,2019-01-03,2021-01-03,2019-01-03,2021-01-03,2019-01-03,2021-01-03
B001303,SenLBR,Lisa Blunt Rochester,Lisa,Blunt Rochester,F,1962-02-10,current,116,house,DE,0,,Democrat,2019-01-03,2021-01-03,2019-01-03,2021-01-03,2019-01-03,2021-01-03
B001257,RepGusBilirakis,Gus M. Bilirakis,Gus,Bilirakis,M,1963-02-08,current,116,house,FL,12,,Republican,2019-01-03,2021-01-03,2019-01-03,2021-01-03,2019-01-03,2021-01-03
B001260,VernBuchanan,Vern Buchanan,Vern,Buchanan,M,1951-05-08,current,116,house,FL,16,,Republican,2019-01-03,2021-01-03,2019-01-03,2021-01-03,2019-01-03,2021-01-03
C001066,USRepKCastor,Kathy Castor,Kathy,Castor,F,1966-08-20,current,116,house,FL,14,,Democrat,2019-01-03,2021-01-03,2019-01-03,2021-01-03,2019-01-03,2021-01-03
C001111,,Charlie Crist,Charlie,Crist,M,1956-07-24,historical,116,house,FL,13,,Democrat,2019-01-03,2021-01-03,2019-01-03,2021-01-03,2019-01-03,2021-01-03
D000627,,Val Butler Demings,Val,Demings,F,1957-03-12,historical,116,house,FL,10,,Democrat,2019-01-03,2021-01-03,2019-01-03,2021-01-03,2019-01-03,2021-01-03
D000610,,Theodore E. Deutch,Theodore,Deutch,M,1966-05-07,historical,116,house,FL,22,,Democrat,2019-01-03,2021-01-03,2019-01-03,2021-01-03,2019-01-03,2021-01-03
D000600,MarioDB,Mario Diaz-Balart,Mario,Diaz-Balart,M,1961-09-25,current,116,house,FL,25,,Republican,2019-01-03,2021-01-03,2019-01-03,2021-01-03,2019-01-03,2021-01-03
D000628,DrNealDunnFL2,Neal P. Dunn,Neal,Dunn,M,1953-02-16,current,116,house,FL,2,,Republican,2019-01-03,2021-01-03,2019-01-03,2021-01-03,2019-01-03,2021-01-03
F000462,RepLoisFrankel,Lois Frankel,Lois,Frankel,F,1948-05-16,current,116,house,FL,21,,Democrat,2019-01-03,2021-01-03,2019-01-03,2021-01-03,2019-01-03,2021-01-03
G000578,,Matt Gaetz,Matt,Gaetz,M,1982-05-07,historical,116,house,FL,1,,Republican,2019-01-03,2021-01-03,2019-01-03,2021-01-03,2019-01-03,2021-01-03
H000324,,Alcee L. Hastings,Alcee,Hastings,M,1936-09-05,historical,116,house,FL,20,,Democrat,2019-01-03,2021-01-03,2019-01-03,2021-01-03,2019-01-03,2021-01-03
L000586,,"Al Lawson, Jr.",Al,Lawson,M,1948-09-23,historical,116,house,FL,5,,Democrat,2019-01-03,2021-01-03,2019-01-03,2021-01-03,2019-01-03,2021-01-03
M001199,RepBrianMast,Brian J. Mast,Brian,Mast,M,1980-07-10,current,116,house,FL,18,,Republican,2019-01-03,2021-01-03,2019-01-03,2021-01-03,2019-01-03,2021-01-03
M001207,,Debbie Mucarsel-Powell,Debbie,Mucarsel-Powell,F,1971-01-18,historical,116,house,FL,26,,Democrat,2019-01-03,2021-01-03,2019-01-03,2021-01-03,2019-01-03,2021-01-03
M001202,,Stephanie N. Murphy,Stephanie,Murphy,F,1978-09-16,historical,116,house,FL,7,,Democrat,2019-01-03,2021-01-03,2019-01-03,2021-01-03,2019-01-03,2021-01-03
P000599,,Bill Posey,Bill,Posey,M,1947-12-18,historical,116,house,FL,8,,Republican,2019-01-03,2021-01-03,2019-01-03,2021-01-03,2019-01-03,2021-01-03
R000607,,Francis Rooney,Francis,Rooney,M,1953-12-04,historical,116,house,FL,19,,Republican,2019-01-03,2021-01-03,2019-01-03,2021-01-03,2019-01-03,2021-01-03
R000609,RepRutherfordFL,John H. Rutherford,John,Rutherford,M,1952-09-02,current,116,house,FL,4,,Republican,2019-01-03,2021-01-03,2019-01-03,2021-01-03,2019-01-03,2021-01-03
S001206,,Donna E. Shalala,Donna,Shalala,F,1941-02-14,historical,116,house,FL,27,,Democrat,2019-01-03,2021-01-03,2019-01-03,2021-01-03,2019-01-03,2021-01-03
S001200,RepDarrenSoto,Darren Soto,Darren,Soto,M,1978-02-25,current,116,house,FL,9,,Democrat,2019-01-03,2021-01-03,2019-01-03,2021-01-03,2019-01-03,2021-01-03
S001210,,Ross Spano,Ross,Spano,M,1966-07-16,historical,116,house,FL,15,,Republican,2019-01-03,2021-01-03,2019-01-03,2021-01-03,2019-01-03,2021-01-03
S001214,RepGregSteube,W. Gregory Steube,W.,Steube,M,1978-05-19,current,116,house,FL,17,,Republican,2019-01-03,2021-01-03,2019-01-03,2021-01-03,2019-01-03,2021-01-03
W000823,,Michael Waltz,Michael,Waltz,M,1974-01-31,historical,116,house,FL,6,,Republican,2019-01-03,2021-01-03,2019-01-03,2021-01-03,2019-01-03,2021-01-03
W000797,RepDWStweets,Debbie Wasserman Schultz,Debbie,Wasserman Schultz,F,1966-09-27,current,116,house,FL,23,,Democrat,2019-01-03,2021-01-03,2019-01-03,2021-01-03,2019-01-03,2021-01-03
W000806,RepWebster,Daniel Webster,Daniel,Webster,M,1949-04-27,current,116,house,FL,11,,Republican,2019-01-03,2021-01-03,2019-01-03,2021-01-03,2019-01-03,2021-01-03
W000808,RepWilson,Frederica S. Wilson,Frederica,Wilson,F,1942-11-05,current,116,house,FL,24,,Democrat,2019-01-03,2021-01-03,2019-01-03,2021-01-03,2019-01-03,2021-01-03
Y000065,,Ted S. Yoho,Ted,Yoho,M,1955-04-13,historical,116,house,FL,3,,Republican,2019-01-03,2021-01-03,2019-01-03,2021-01-03,2019-01-03,2021-01-03
A000372,RepRickAllen,Rick W. Allen,Rick,Allen,M,1951-11-07,current,116,house,GA,12,,Republican,2019-01-03,2021-01-03,2019-01-03,2021-01-03,2019-01-03,2021-01-03
B000490,SanfordBishop,"Sanford D. Bishop, Jr.",Sanford,Bishop,M,1947-02-04,current,116,house,GA,2,,Democrat,2019-01-03,2021-01-03,2019-01-03,2021-01-03,2019-01-03,2021-01-03
C001103,RepBuddyCarter,"Earl L. ""Buddy"" Carter",Earl,Carter,M,1957-09-06,current,116,house,GA,1,,Republican,2019-01-03,2021-01-03,2019-01-03,2021-01-03,2019-01-03,2021-01-03
C001093,,Doug Collins,Doug,Collins,M,1966-08-16,historical,116,house,GA,9,,Republican,2019-01-03,2021-01-03,2019-01-03,2021-01-03,2019-01-03,2021-01-03
F000465,,A. Drew Ferguson IV,A.,Ferguson,M,1966-11-15,historical,116,house,GA,3,,Republican,2019-01-03,2021-01-03,2019-01-03,2021-01-03,2019-01-03,2021-01-03
G000560,,Tom Graves,Tom,Graves,M,1970-02-03,historical,116,house,GA,14,,Republican,2019-01-03,2020-10-04,2019-01-03,2021-01-03,2019-01-03,2020-10-04
H001092,,Kwanza Hall,Kwanza,Hall,M,1971-05-01,historical,116,house,GA,5,,Democrat,2020-12-03,2021-01-03,2019-01-03,2021-01-03,2020-12-03,2021-01-03
H001071,,Jody B. Hice,Jody,Hice,M,1960-04-22,historical,116,house,GA,10,,Republican,2019-01-03,2021-01-03,2019-01-03,2021-01-03,2019-01-03,2021-01-03
J000288,RepHankJohnson,"Henry C. ""Hank"" Johnson, Jr.",Henry,Johnson,M,1954-10-02,current,116,house,GA,4,,Democrat,2019-01-03,2021-01-03,2019-01-03,2021-01-03,2019-01-03,2021-01-03
L000287,,John Lewis,John,Lewis,M,1940-02-21,historical,116,house,GA,5,,Democrat,2019-01-03,2020-07-17,2019-01-03,2021-01-03,2019-01-03,2020-07-17
L000583,RepLoudermilk,Barry Loudermilk,Barry,Loudermilk,M,1963-12-22,current,116,house,GA,11,,Republican,2019-01-03,2021-01-03,2019-01-03,2021-01-03,2019-01-03,2021-01-03
M001208,RepLucyMcBath,Lucy McBath,Lucy,McBath,F,1960-06-01,current,116,house,GA,6,,Democrat,2019-01-03,2021-01-03,2019-01-03,2021-01-03,2019-01-03,2021-01-03
S001189,AustinScottGA08,Austin Scott,Austin,Scott,M,1969-12-10,current,116,house,GA,8,,Republican,2019-01-03,2021-01-03,2019-01-03,2021-01-03,2019-01-03,2021-01-03
S001157,RepDavidScott,David Scott,David,Scott,M,1945-06-27,current,116,house,GA,13,,Democrat,2019-01-03,2021-01-03,2019-01-03,2021-01-03,2019-01-03,2021-01-03
W000810,,Rob Woodall,Rob,Woodall,M,1970-02-11,historical,116,house,GA,7,,Republican,2019-01-03,2021-01-03,2019-01-03,2021-01-03,2019-01-03,2021-01-03
S001204,,Michael F. Q. San Nicolas,Michael,San Nicolas,M,1981-01-30,historical,116,house,GU,0,,Democrat,2019-01-03,2021-01-03,2019-01-03,2021-01-03,2019-01-03,2021-01-03
C001055,RepEdCase,Ed Case,Ed,Case,M,1952-09-27,current,116,house,HI,1,,Democrat,2019-01-03,2021-01-03,2019-01-03,2021-01-03,2019-01-03,2021-01-03
G000571,,Tulsi Gabbard,Tulsi,Gabbard,F,1981-04-12,historical,116,house,HI,2,,Democrat,2019-01-03,2021-01-03,2019-01-03,2021-01-03,2019-01-03,2021-01-03
A000378,,Cynthia Axne,Cynthia,Axne,F,1965-04-20,historical,116,house,IA,3,,Democrat,2019-01-03,2021-01-03,2019-01-03,2021-01-03,2019-01-03,2021-01-03
F000467,,Abby Finkenauer,Abby,Finkenauer,F,1988-12-27,historical,116,house,IA,1,,Democrat,2019-01-03,2021-01-03,2019-01-03,2021-01-03,2019-01-03,2021-01-03
K000362,,Steve King,Steve,King,M,1949-05-28,historical,116,house,IA,4,,Republican,2019-01-03,2021-01-03,2019-01-03,2021-01-03,2019-01-03,2021-01-03
L000565,,David Loebsack,David,Loebsack,M,1952-12-23,historical,116,house,IA,2,,Democrat,2019-01-03,2021-01-03,2019-01-03,2021-01-03,2019-01-03,2021-01-03
F000469,RepRussFulcher,Russ Fulcher,Russ,Fulcher,M,1973-07-19,current,116,house,ID,1,,Republican,2019-01-03,2021-01-03,2019-01-03,2021-01-03,2019-01-03,2021-01-03
S001148,CongMikeSimpson,Michael K. Simpson,Michael,Simpson,M,1950-09-08,current,116,house,ID,2,,Republican,2019-01-03,2021-01-03,2019-01-03,2021-01-03,2019-01-03,2021-01-03
B001295,RepBost,Mike Bost,Mike,Bost,M,1960-12-30,current,116,house,IL,12,,Republican,2019-01-03,2021-01-03,2019-01-03,2021-01-03,2019-01-03,2021-01-03
B001286,,Cheri Bustos,Cheri,Bustos,F,1961-10-17,historical,116,house,IL,17,,Democrat,2019-01-03,2021-01-03,2019-01-03,2021-01-03,2019-01-03,2021-01-03
C001117,RepCasten,Sean Casten,Sean,Casten,M,1971-11-23,current,116,house,IL,6,,Democrat,2019-01-03,2021-01-03,2019-01-03,2021-01-03,2019-01-03,2021-01-03
D000096,RepDannyDavis,Danny K. Davis,Danny,Davis,M,1941-09-06,current,116,house,IL,7,,Democrat,2019-01-03,2021-01-03,2019-01-03,2021-01-03,2019-01-03,2021-01-03
D000619,,Rodney Davis,Rodney,Davis,M,1970-01-05,historical,116,house,IL,13,,Republican,2019-01-03,2021-01-03,2019-01-03,2021-01-03,2019-01-03,2021-01-03
F000454,RepBillFoster,Bill Foster,Bill,Foster,M,1955-10-07,current,116,house,IL,11,,Democrat,2019-01-03,2021-01-03,2019-01-03,2021-01-03,2019-01-03,2021-01-03
G000586,RepChuyGarcia,"Jesús G. ""Chuy"" García",Jesús,García,M,1956-04-12,current,116,house,IL,4,,Democrat,2019-01-03,2021-01-03,2019-01-03,2021-01-03,2019-01-03,2021-01-03
K000385,RepRobinKelly,Robin L. Kelly,Robin,Kelly,F,1956-04-30,current,116,house,IL,2,,Democrat,2019-01-03,2021-01-03,2019-01-03,2021-01-03,2019-01-03,2021-01-03
K000378,,Adam Kinzinger,Adam,Kinzinger,M,1978-02-27,historical,116,house,IL,16,,Republican,2019-01-03,2021-01-03,2019-01-03,2021-01-03,2019-01-03,2021-01-03
K000391,CongressmanRaja,Raja Krishnamoorthi,Raja,Krishnamoorthi,M,1973-07-19,current,116,house,IL,8,,Democrat,2019-01-03,2021-01-03,2019-01-03,2021-01-03,2019-01-03,2021-01-03
L000585,RepLaHood,Darin LaHood,Darin,LaHood,M,1968-07-05,current,116,house,IL,18,,Republican,2019-01-03,2021-01-03,2019-01-03,2021-01-03,2019-01-03,2021-01-03
L000563,,Daniel Lipinski,Daniel,Lipinski,M,1966-07-15,historical,116,house,IL,3,,Democrat,2019-01-03,2021-01-03,2019-01-03,2021-01-03,2019-01-03,2021-01-03
Q000023,RepMikeQuigley,Mike Quigley,Mike,Quigley,M,1958-10-17,current,116,house,IL,5,,Democrat,2019-01-03,2021-01-03,2019-01-03,2021-01-03,2019-01-03,2021-01-03
R000515,,Bobby L. Rush,Bobby,Rush,M,1946-11-23,historical,116,house,IL,1,,Democrat,2019-01-03,2021-01-03,2019-01-03,2021-01-03,2019-01-03,2021-01-03
S001145,JanSchakowsky,Janice D. Schakowsky,Janice,Schakowsky,F,1944-05-26,current,116,house,IL,9,,Democrat,2019-01-03,2021-01-03,2019-01-03,2021-01-03,2019-01-03,2021-01-03
S001190,RepSchneider,Bradley Scott Schneider,Bradley,Schneider,M,1961-08-20,current,116,house,IL,10,,Democrat,2019-01-03,2021-01-03,2019-01-03,2021-01-03,2019-01-03,2021-01-03
S000364,,John Shimkus,John,Shimkus,M,1958-02-21,historical,116,house,IL,15,,Republican,2019-01-03,2021-01-03,2019-01-03,2021-01-03,2019-01-03,2021-01-03
U000040,RepUnderwood,Lauren Underwood,Lauren,Underwood,F,1986-10-04,current,116,house,IL,14,,Democrat,2019-01-03,2021-01-03,2019-01-03,2021-01-03,2019-01-03,2021-01-03
B001307,RepJimBaird,James R. Baird,James,Baird,M,1945-06-04,current,116,house,IN,4,,Republican,2019-01-03,2021-01-03,2019-01-03,2021-01-03,2019-01-03,2021-01-03
B001299,RepJimBanks,Jim Banks,Jim,Banks,M,1979-07-16,current,116,house,IN,3,,Republican,2019-01-03,2021-01-03,2019-01-03,2021-01-03,2019-01-03,2021-01-03
B001284,,Susan W. Brooks,Susan,Brooks,F,1960-08-25,historical,116,house,IN,5,,Republican,2019-01-03,2021-01-03,2019-01-03,2021-01-03,2019-01-03,2021-01-03
B001275,,Larry Bucshon,Larry,Bucshon,M,1962-05-31,historical,116,house,IN,8,,Republican,2019-01-03,2021-01-03,2019-01-03,2021-01-03,2019-01-03,2021-01-03
C001072,RepAndreCarson,André Carson,André,Carson,M,1974-10-16,current,116,house,IN,7,,Democrat,2019-01-03,2021-01-03,2019-01-03,2021-01-03,2019-01-03,2021-01-03
H001074,,Trey Hollingsworth,Trey,Hollingsworth,M,1983-09-12,historical,116,house,IN,9,,Republican,2019-01-03,2021-01-03,2019-01-03,2021-01-03,2019-01-03,2021-01-03
P000615,,Greg Pence,Greg,Pence,M,1956-11-14,historical,116,house,IN,6,,Republican,2019-01-03,2021-01-03,2019-01-03,2021-01-03,2019-01-03,2021-01-03
V000108,,Peter J. Visclosky,Peter,Visclosky,M,1949-08-13,historical,116,house,IN,1,,Democrat,2019-01-03,2021-01-03,2019-01-03,2021-01-03,2019-01-03,2021-01-03
W000813,,Jackie Walorski,Jackie,Walorski,F,1963-08-17,historical,116,house,IN,2,,Republican,2019-01-03,2021-01-03,2019-01-03,2021-01-03,2019-01-03,2021-01-03
D000629,RepDavids,Sharice Davids,Sharice,Davids,F,1980-05-22,current,116,house,KS,3,,Democrat,2019-01-03,2021-01-03,2019-01-03,2021-01-03,2019-01-03,2021-01-03
E000298,RepRonEstes,Ron Estes,Ron,Estes,M,1956-07-19,current,116,house,KS,4,,Republican,2019-01-03,2021-01-03,2019-01-03,2021-01-03,2019-01-03,2021-01-03
M001198,SenatorMarshall,Roger Marshall,Roger,Marshall,M,1960-08-09,current,116,house,KS,1,,Republican,2019-01-03,2021-01-03,2019-01-03,2021-01-03,2019-01-03,2021-01-03
W000824,,Steve Watkins,Steven,Watkins,M,1976-09-18,historical,116,house,KS,2,,Republican,2019-01-03,2021-01-03,2019-01-03,2021-01-03,2019-01-03,2021-01-03
B001282,RepAndyBarr,Andy Barr,Garland,Barr,M,1973-07-24,current,116,house,KY,6,,Republican,2019-01-03,2021-01-03,2019-01-03,2021-01-03,2019-01-03,2021-01-03
C001108,RepJamesComer,James Comer,James,Comer,M,1972-08-19,current,116,house,KY,1,,Republican,2019-01-03,2021-01-03,2019-01-03,2021-01-03,2019-01-03,2021-01-03
G000558,RepGuthrie,Brett Guthrie,Brett,Guthrie,M,1964-02-18,current,116,house,KY,2,,Republican,2019-01-03,2021-01-03,2019-01-03,2021-01-03,2019-01-03,2021-01-03
M001184,RepThomasMassie,Thomas Massie,Thomas,Massie,M,1971-01-13,current,116,house,KY,4,,Republican,2019-01-03,2021-01-03,2019-01-03,2021-01-03,2019-01-03,2021-01-03
R000395,RepHalRogers,Harold Rogers,Harold,Rogers,M,1937-12-31,current,116,house,KY,5,,Republican,2019-01-03,2021-01-03,2019-01-03,2021-01-03,2019-01-03,2021-01-03
Y000062,,John A. Yarmuth,John,Yarmuth,M,1947-11-04,historical,116,house,KY,3,,Democrat,2019-01-03,2021-01-03,2019-01-03,2021-01-03,2019-01-03,2021-01-03
A000374,,Ralph Lee Abraham,Ralph,Abraham,M,1954-09-16,historical,116,house,LA,5,,Republican,2019-01-03,2021-01-03,2019-01-03,2021-01-03,2019-01-03,2021-01-03
G000577,,Garret Graves,Garret,Graves,M,1972-01-31,historical,116,house,LA,6,,Republican,2019-01-03,2021-01-03,2019-01-03,2021-01-03,2019-01-03,2021-01-03
H001077,RepClayHiggins,Clay Higgins,Clay,Higgins,M,1961-08-24,current,116,house,LA,3,,Republican,2019-01-03,2021-01-03,2019-01-03,2021-01-03,2019-01-03,2021-01-03
J000299,RepMikeJohnson,Mike Johnson,Mike,Johnson,M,1972-01-30,current,116,house,LA,4,,Republican,2019-01-03,2021-01-03,2019-01-03,2021-01-03,2019-01-03,2021-01-03
R000588,,Cedric L. Richmond,Cedric,Richmond,M,1973-09-13,historical,116,house,LA,2,,Democrat,2019-01-03,2021-01-03,2019-01-03,2021-01-03,2019-01-03,2021-01-03
S001176,SteveScalise,Steve Scalise,Steve,Scalise,M,1965-10-06,current,116,house,LA,1,,Republican,2019-01-03,2021-01-03,2019-01-03,2021-01-03,2019-01-03,2021-01-03
C001101,RepKClark,Katherine M. Clark,Katherine,Clark,F,1963-07-17,current,116,house,MA,5,,Democrat,2019-01-03,2021-01-03,2019-01-03,2021-01-03,2019-01-03,2021-01-03
K000375,USRepKeating,William R. Keating,William,Keating,M,1952-09-06,current,116,house,MA,9,,Democrat,2019-01-03,2021-01-03,2019-01-03,2021-01-03,2019-01-03,2021-01-03
K000379,,Joseph P. Kennedy III,Joseph,Kennedy,M,1980-10-04,historical,116,house,MA,4,,Democrat,2019-01-03,2021-01-03,2019-01-03,2021-01-03,2019-01-03,2021-01-03
L000562,RepStephenLynch,Stephen F. Lynch,Stephen,Lynch,M,1955-03-31,current,116,house,MA,8,,Democrat,2019-01-03,2021-01-03,2019-01-03,2021-01-03,2019-01-03,2021-01-03
M000312,RepMcGovern,James P. McGovern,James,McGovern,M,1959-11-20,current,116,house,MA,2,,Democrat,2019-01-03,2021-01-03,2019-01-03,2021-01-03,2019-01-03,2021-01-03
M001196,RepMoulton,Seth Moulton,Seth,Moulton,M,1978-10-24,current,116,house,MA,6,,Democrat,2019-01-03,2021-01-03,2019-01-03,2021-01-03,2019-01-03,2021-01-03
N000015,RepRichardNeal,Richard E. Neal,Richard,Neal,M,1949-02-14,current,116,house,MA,1,,Democrat,2019-01-03,2021-01-03,2019-01-03,2021-01-03,2019-01-03,2021-01-03
P000617,RepPressley,Ayanna Pressley,Ayanna,Pressley,F,1974-02-03,current,116,house,MA,7,,Democrat,2019-01-03,2021-01-03,2019-01-03,2021-01-03,2019-01-03,2021-01-03
T000482,RepLoriTrahan,Lori Trahan,Lori,Trahan,F,1973-10-27,current,116,house,MA,3,,Democrat,2019-01-03,2021-01-03,2019-01-03,2021-01-03,2019-01-03,2021-01-03
B001304,,Anthony G. Brown,Anthony,Brown,M,1961-11-21,historical,116,house,MD,4,,Democrat,2019-01-03,2021-01-03,2019-01-03,2021-01-03,2019-01-03,2021-01-03
C000984,,Elijah E. Cummings,Elijah,Cummings,M,1951-01-18,historical,116,house,MD,7,,Democrat,2019-01-03,2019-10-17,2019-01-03,2021-01-03,2019-01-03,2019-10-17
H001052,RepAndyHarrisMD,Andy Harris,Andy,Harris,M,1957-01-25,current,116,house,MD,1,,Republican,2019-01-03,2021-01-03,2019-01-03,2021-01-03,2019-01-03,2021-01-03
H000874,RepStenyHoyer,Steny H. Hoyer,Steny,Hoyer,M,1939-06-14,current,116,house,MD,5,,Democrat,2019-01-03,2021-01-03,2019-01-03,2021-01-03,2019-01-03,2021-01-03
M000687,RepKweisiMfume,Kweisi Mfume,Kweisi,Mfume,M,1948-10-24,current,116,house,MD,7,,Democrat,2020-05-05,2021-01-03,2019-01-03,2021-01-03,2020-05-05,2021-01-03
R000606,RepRaskin,Jamie Raskin,Jamie,Raskin,M,1962-12-13,current,116,house,MD,8,,Democrat,2019-01-03,2021-01-03,2019-01-03,2021-01-03,2019-01-03,2021-01-03
R000576,,C. A. Dutch Ruppersberger,C.,Ruppersberger,M,1946-01-31,historical,116,house,MD,2,,Democrat,2019-01-03,2021-01-03,2019-01-03,2021-01-03,2019-01-03,2021-01-03
S001168,,John P. Sarbanes,John,Sarbanes,M,1962-05-22,historical,116,house,MD,3,,Democrat,2019-01-03,2021-01-03,2019-01-03,2021-01-03,2019-01-03,2021-01-03
T000483,,David J. Trone,David,Trone,M,1955-09-21,historical,116,house,MD,6,,Democrat,2019-01-03,2021-01-03,2019-01-03,2021-01-03,2019-01-03,2021-01-03
G000592,RepGolden,Jared F. Golden,Jared,Golden,M,1982-07-25,current,116,house,ME,2,,Democrat,2019-01-03,2021-01-03,2019-01-03,2021-01-03,2019-01-03,2021-01-03
P000597,ChelliePingree,Chellie Pingree,Chellie,Pingree,F,1955-04-02,current,116,house,ME,1,,Democrat,2019-01-03,2021-01-03,2019-01-03,2021-01-03,2019-01-03,2021-01-03
A000367,,Justin Amash,Justin,Amash,M,1980-04-18,historical,116,house,MI,3,,Libertarian,2019-01-03,2021-01-03,2019-01-03,2021-01-03,2019-01-03,2021-01-03
B001301,RepJackBergman,Jack Bergman,Jack,Bergman,M,1947-02-02,current,116,house,MI,1,,Republican,2019-01-03,2021-01-03,2019-01-03,2021-01-03,2019-01-03,2021-01-03
D000624,RepDebDingell,Debbie Dingell,Debbie,Dingell,F,1953-11-23,current,116,house,MI,12,,Democrat,2019-01-03,2021-01-03,2019-01-03,2021-01-03,2019-01-03,2021-01-03
H001058,RepHuizenga,Bill Huizenga,Bill,Huizenga,M,1969-01-31,current,116,house,MI,2,,Republican,2019-01-03,2021-01-03,2019-01-03,2021-01-03,2019-01-03,2021-01-03
K000380,,Daniel T. Kildee,Daniel,Kildee,M,1958-08-11,historical,116,house,MI,5,,Democrat,2019-01-03,2021-01-03,2019-01-03,2021-01-03,2019-01-03,2021-01-03
L000581,,Brenda L. Lawrence,Brenda,Lawrence,F,1954-10-18,historical,116,house,MI,14,,Democrat,2019-01-03,2021-01-03,2019-01-03,2021-01-03,2019-01-03,2021-01-03
L000592,,Andy Levin,Andy,Levin,M,1960-08-10,historical,116,house,MI,9,,Democrat,2019-01-03,2021-01-03,2019-01-03,2021-01-03,2019-01-03,2021-01-03
M001201,,Paul Mitchell,Paul,Mitchell,M,1961-05-08,historical,116,house,MI,10,,Independent,2019-01-03,2021-01-03,2019-01-03,2021-01-03,2019-01-03,2021-01-03
M001194,RepMoolenaar,John R. Moolenaar,John,Moolenaar,M,1961-05-08,current,116,house,MI,4,,Republican,2019-01-03,2021-01-03,2019-01-03,2021-01-03,2019-01-03,2021-01-03
S001208,RepSlotkin,Elissa Slotkin,Elissa,Slotkin,F,1976-07-10,current,116,house,MI,8,,Democrat,2019-01-03,2021-01-03,2019-01-03,2021-01-03,2019-01-03,2021-01-03
S001215,RepHaleyStevens,Haley M. Stevens,Haley,Stevens,F,1983-06-24,current,116,house,MI,11,,Democrat,2019-01-03,2021-01-03,2019-01-03,2021-01-03,2019-01-03,2021-01-03
T000481,RepRashida,Rashida Tlaib,Rashida,Tlaib,F,1976-07-24,current,116,house,MI,13,,Democrat,2019-01-03,2021-01-03,2019-01-03,2021-01-03,2019-01-03,2021-01-03
U000031,,Fred Upton,Fred,Upton,M,1953-04-23,historical,116,house,MI,6,,Republican,2019-01-03,2021-01-03,2019-01-03,2021-01-03,2019-01-03,2021-01-03
W000798,RepWalberg,Tim Walberg,Tim,Walberg,M,1951-04-12,current,116,house,MI,7,,Republican,2019-01-03,2021-01-03,2019-01-03,2021-01-03,2019-01-03,2021-01-03
C001119,RepAngieCraig,Angie Craig,Angie,Craig,F,1972-02-14,current,116,house,MN,2,,Democrat,2019-01-03,2021-01-03,2019-01-03,2021-01-03,2019-01-03,2021-01-03
E000294,RepTomEmmer,Tom Emmer,Tom,Emmer,M,1961-03-03,current,116,house,MN,6,,Republican,2019-01-03,2021-01-03,2019-01-03,2021-01-03,2019-01-03,2021-01-03
H001088,,Jim Hagedorn,Jim,Hagedorn,M,1962-08-04,historical,116,house,MN,1,,Republican,2019-01-03,2021-01-03,2019-01-03,2021-01-03,2019-01-03,2021-01-03
M001143,BettyMcCollum04,Betty McCollum,Betty,McCollum,F,1954-07-12,current,116,house,MN,4,,Democrat,2019-01-03,2021-01-03,2019-01-03,2021-01-03,2019-01-03,2021-01-03
O000173,Ilhan,Ilhan Omar,Ilhan,Omar,F,1981-10-04,current,116,house,MN,5,,Democrat,2019-01-03,2021-01-03,2019-01-03,2021-01-03,2019-01-03,2021-01-03
P000258,,Collin C. Peterson,Collin,Peterson,M,1944-06-29,historical,116,house,MN,7,,Democrat,2019-01-03,2021-01-03,2019-01-03,2021-01-03,2019-01-03,2021-01-03
P000616,,Dean Phillips,Dean,Phillips,M,1969-01-20,historical,116,house,MN,3,,Democrat,2019-01-03,2021-01-03,2019-01-03,2021-01-03,2019-01-03,2021-01-03
S001212,RepPeteStauber,Pete Stauber,Pete,Stauber,M,1966-05-10,current,116,house,MN,8,,Republican,2019-01-03,2021-01-03,2019-01-03,2021-01-03,2019-01-03,2021-01-03
C001049,,Wm. Lacy Clay,Wm.,Clay,M,1956-07-27,historical,116,house,MO,1,,Democrat,2019-01-03,2021-01-03,2019-01-03,2021-01-03,2019-01-03,2021-01-03
C001061,RepCleaver,Emanuel Cleaver,Emanuel,Cleaver,M,1944-10-26,current,116,house,MO,5,,Democrat,2019-01-03,2021-01-03,2019-01-03,2021-01-03,2019-01-03,2021-01-03
G000546,RepSamGraves,Sam Graves,Sam,Graves,M,1963-11-07,current,116,house,MO,6,,Republican,2019-01-03,2021-01-03,2019-01-03,2021-01-03,2019-01-03,2021-01-03
H001053,,Vicky Hartzler,Vicky,Hartzler,F,1960-10-13,historical,116,house,MO,4,,Republican,2019-01-03,2021-01-03,2019-01-03,2021-01-03,2019-01-03,2021-01-03
L000576,,Billy Long,Billy,Long,M,1955-08-11,historical,116,house,MO,7,,Republican,2019-01-03,2021-01-03,2019-01-03,2021-01-03,2019-01-03,2021-01-03
L000569,,Blaine Luetkemeyer,Blaine,Luetkemeyer,M,1952-05-07,historical,116,house,MO,3,,Republican,2019-01-03,2021-01-03,2019-01-03,2021-01-03,2019-01-03,2021-01-03
S001195,RepJasonSmith,Jason Smith,Jason,Smith,M,1980-06-16,current,116,house,MO,8,,Republican,2019-01-03,2021-01-03,2019-01-03,2021-01-03,2019-01-03,2021-01-03
W000812,RepAnnWagner,Ann Wagner,Ann,Wagner,F,1962-09-13,current,116,house,MO,2,,Republican,2019-01-03,2021-01-03,2019-01-03,2021-01-03,2019-01-03,2021-01-03
S001177,,Gregorio Kilili Camacho Sablan,Gregorio,Sablan,M,1955-01-19,historical,116,house,MP,0,,Democrat,2019-01-03,2021-01-03,2019-01-03,2021-01-03,2019-01-03,2021-01-03
G000591,RepMichaelGuest,Michael Guest,Michael,Guest,M,1970-02-04,current,116,house,MS,3,,Republican,2019-01-03,2021-01-03,2019-01-03,2021-01-03,2019-01-03,2021-01-03
K000388,RepTrentKelly,Trent Kelly,Trent,Kelly,M,1966-03-01,current,116,house,MS,1,,Republican,2019-01-03,2021-01-03,2019-01-03,2021-01-03,2019-01-03,2021-01-03
P000601,,Steven M. Palazzo,Steven,Palazzo,M,1970-02-21,historical,116,house,MS,4,,Republican,2019-01-03,2021-01-03,2019-01-03,2021-01-03,2019-01-03,2021-01-03
T000193,BennieGThompson,Bennie G. Thompson,Bennie,Thompson,M,1948-01-28,current,116,house,MS,2,,Democrat,2019-01-03,2021-01-03,2019-01-03,2021-01-03,2019-01-03,2021-01-03
G000584,,Greg Gianforte,Greg,Gianforte,M,1961-04-17,historical,116,house,MT,0,,Republican,2019-01-03,2021-01-03,2019-01-03,2021-01-03,2019-01-03,2021-01-03
A000370,RepAdams,Alma S. Adams,Alma,Adams,F,1946-05-27,current,116,house,NC,12,,Democrat,2019-01-03,2021-01-03,2019-01-03,2021-01-03,2019-01-03,2021-01-03
B001311,,Dan Bishop,Dan,Bishop,M,1964-07-01,historical,116,house,NC,9,,Republican,2019-09-17,2021-01-03,2019-01-03,2021-01-03,2019-09-17,2021-01-03
B001305,RepTedBudd,Ted Budd,Ted,Budd,M,1971-10-21,current,116,house,NC,13,,Republican,2019-01-03,2021-01-03,2019-01-03,2021-01-03,2019-01-03,2021-01-03
B001251,,G. K. Butterfield,George,Butterfield,M,1947-04-27,historical,116,house,NC,1,,Democrat,2019-01-03,2021-01-03,2019-01-03,2021-01-03,2019-01-03,2021-01-03
F000450,VirginiaFoxx,Virginia Foxx,Virginia,Foxx,F,1943-06-29,current,116,house,NC,5,,Republican,2019-01-03,2021-01-03,2019-01-03,2021-01-03,2019-01-03,2021-01-03
H001065,,George Holding,George,Holding,M,1968-04-17,historical,116,house,NC,2,,Republican,2019-01-03,2021-01-03,2019-01-03,2021-01-03,2019-01-03,2021-01-03
H001067,RepRichHudson,Richard Hudson,Richard,Hudson,M,1971-11-04,current,116,house,NC,8,,Republican,2019-01-03,2021-01-03,2019-01-03,2021-01-03,2019-01-03,2021-01-03
J000255,,Walter B. Jones,Walter,Jones,M,1943-02-10,historical,116,house,NC,3,,Republican,2019-01-04,2019-02-10,2019-01-03,2021-01-03,2019-01-04,2019-02-10
M001156,,Patrick T. McHenry,Patrick,McHenry,M,1975-10-22,historical,116,house,NC,10,,Republican,2019-01-03,2021-01-03,2019-01-03,2021-01-03,2019-01-03,2021-01-03
M001187,,Mark Meadows,Mark,Meadows,M,1959-07-28,historical,116,house,NC,11,,Republican,2019-01-03,2020-03-30,2019-01-03,2021-01-03,2019-01-03,2020-03-30
M001210,RepGregMurphy,Gregory F. Murphy,Gregory,Murphy,M,1963-03-05,current,116,house,NC,3,,Republican,2019-09-17,2021-01-03,2019-01-03,2021-01-03,2019-09-17,2021-01-03
P000523,,David E. Price,David,Price,M,1940-08-17,historical,116,house,NC,4,,Democrat,2019-01-03,2021-01-03,2019-01-03,2021-01-03,2019-01-03,2021-01-03
R000603,RepDavidRouzer,David Rouzer,David,Rouzer,M,1972-02-16,current,116,house,NC,7,,Republican,2019-01-03,2021-01-03,2019-01-03,2021-01-03,2019-01-03,2021-01-03
W000819,,Mark Walker,Mark,Walker,M,1969-05-20,historical,116,house,NC,6,,Republican,2019-01-03,2021-01-03,2019-01-03,2021-01-03,2019-01-03,2021-01-03
A000377,,Kelly Armstrong,Kelly,Armstrong,M,1976-10-08,historical,116,house,ND,0,,Republican,2019-01-03,2021-01-03,2019-01-03,2021-01-03,2019-01-03,2021-01-03
B001298,RepDonBacon,Don Bacon,Don,Bacon,M,1963-08-16,current,116,house,NE,2,,Republican,2019-01-03,2021-01-03,2019-01-03,2021-01-03,2019-01-03,2021-01-03
F000449,,Jeff Fortenberry,Jeff,Fortenberry,M,1960-12-27,historical,116,house,NE,1,,Republican,2019-01-03,2021-01-03,2019-01-03,2021-01-03,2019-01-03,2021-01-03
S001172,RepAdrianSmith,Adrian Smith,Adrian,Smith,M,1970-12-19,current,116,house,NE,3,,Republican,2019-01-03,2021-01-03,2019-01-03,2021-01-03,2019-01-03,2021-01-03
K000382,,Ann M. Kuster,Ann,Kuster,F,1956-09-05,historical,116,house,NH,2,,Democrat,2019-01-03,2021-01-03,2019-01-03,2021-01-03,2019-01-03,2021-01-03
P000614,RepChrisPappas,Chris Pappas,Chris,Pappas,M,1980-06-04,current,116,house,NH,1,,Democrat,2019-01-03,2021-01-03,2019-01-03,2021-01-03,2019-01-03,2021-01-03
G000583,RepJoshG,Josh Gottheimer,Josh,Gottheimer,M,1975-03-08,current,116,house,NJ,5,,Democrat,2019-01-03,2021-01-03,2019-01-03,2021-01-03,2019-01-03,2021-01-03
K000394,,Andy Kim,Andy,Kim,M,1982-07-12,current,116,house,NJ,3,,Democrat,2019-01-03,2021-01-03,2019-01-03,2021-01-03,2019-01-03,2021-01-03
M001203,,Tom Malinowski,Tom,Malinowski,M,1965-09-23,historical,116,house,NJ,7,,Democrat,2019-01-03,2021-01-03,2019-01-03,2021-01-03,2019-01-03,2021-01-03
N000188,DonaldNorcross,Donald Norcross,Donald,Norcross,M,1958-12-13,current,116,house,NJ,1,,Democrat,2019-01-03,2021-01-03,2019-01-03,2021-01-03,2019-01-03,2021-01-03
P000034,FrankPallone,"Frank Pallone, Jr.",Frank,Pallone,M,1951-10-30,current,116,house,NJ,6,,Democrat,2019-01-03,2021-01-03,2019-01-03,2021-01-03,2019-01-03,2021-01-03
P000096,,"Bill Pascrell, Jr.",Bill,Pascrell,M,1937-01-25,historical,116,house,NJ,9,,Democrat,2019-01-03,2021-01-03,2019-01-03,2021-01-03,2019-01-03,2021-01-03
P000604,,"Donald M. Payne, Jr.",Donald,Payne,M,1958-12-17,historical,116,house,NJ,10,,Democrat,2019-01-03,2021-01-03,2019-01-03,2021-01-03,2019-01-03,2021-01-03
S001207,,Mikie Sherrill,Mikie,Sherrill,F,1972-01-19,historical,116,house,NJ,11,,Democrat,2019-01-03,2021-01-03,2019-01-03,2021-01-03,2019-01-03,2021-01-03
S001165,,Albio Sires,Albio,Sires,M,1951-01-26,historical,116,house,NJ,8,,Democrat,2019-01-03,2021-01-03,2019-01-03,2021-01-03,2019-01-03,2021-01-03
S000522,,Christopher H. Smith,Christopher,Smith,M,1953-03-04,current,116,house,NJ,4,,Republican,2019-01-03,2021-01-03,2019-01-03,2021-01-03,2019-01-03,2021-01-03
V000133,Congressman_JVD,Jefferson Van Drew,Jefferson,Van Drew,M,1953-02-23,current,116,house,NJ,2,,Republican,2019-01-03,2021-01-03,2019-01-03,2021-01-03,2019-01-03,2021-01-03
W000822,RepBonnie,Bonnie Watson Coleman,Bonnie,Watson Coleman,F,1945-02-06,current,116,house,NJ,12,,Democrat,2019-01-03,2021-01-03,2019-01-03,2021-01-03,2019-01-03,2021-01-03
H001080,,Debra A. Haaland,Debra,Haaland,F,1960-12-02,historical,116,house,NM,1,,Democrat,2019-01-03,2021-01-03,2019-01-03,2021-01-03,2019-01-03,2021-01-03
L000570,SenatorLujan,Ben Ray Luján,Ben,Luján,M,1972-06-07,current,116,house,NM,3,,Democrat,2019-01-03,2021-01-03,2019-01-03,2021-01-03,2019-01-03,2021-01-03
T000484,,Xochitl Torres Small,Xochitl,Torres Small,F,1984-11-15,historical,116,house,NM,2,,Democrat,2019-01-03,2021-01-03,2019-01-03,2021-01-03,2019-01-03,2021-01-03
A000369,MarkAmodeiNV2,Mark E. Amodei,Mark,Amodei,M,1958-06-12,current,116,house,NV,2,,Republican,2019-01-03,2021-01-03,2019-01-03,2021-01-03,2019-01-03,2021-01-03
H001066,RepHorsford,Steven Horsford,Steven,Horsford,M,1973-04-29,current,116,house,NV,4,,Democrat,2019-01-03,2021-01-03,2019-01-03,2021-01-03,2019-01-03,2021-01-03
L000590,RepSusieLee,Susie Lee,Susie,Lee,F,1966-11-07,current,116,house,NV,3,,Democrat,2019-01-03,2021-01-03,2019-01-03,2021-01-03,2019-01-03,2021-01-03
T000468,RepDinaTitus,Dina Titus,Dina,Titus,F,1950-05-23,current,116,house,NV,1,,Democrat,2019-01-03,2021-01-03,2019-01-03,2021-01-03,2019-01-03,2021-01-03
B001308,,Anthony Brindisi,Anthony,Brindisi,M,1978-11-22,historical,116,house,NY,22,,Democrat,2019-01-03,2021-01-03,2019-01-03,2021-01-03,2019-01-03,2021-01-03
C001067,RepYvetteClarke,Yvette D. Clarke,Yvette,Clarke,F,1964-11-21,current,116,house,NY,9,,Democrat,2019-01-03,2021-01-03,2019-01-03,2021-01-03,2019-01-03,2021-01-03
C001092,,Chris Collins,Chris,Collins,M,1950-05-20,historical,116,house,NY,27,,Republican,2019-01-03,2019-10-01,2019-01-03,2021-01-03,2019-01-03,2019-10-01
D000630,,Antonio Delgado,Antonio,Delgado,M,1977-01-28,historical,116,house,NY,19,,Democrat,2019-01-03,2021-01-03,2019-01-03,2021-01-03,2019-01-03,2021-01-03
E000179,,Eliot L. Engel,Eliot,Engel,M,1947-02-18,historical,116,house,NY,16,,Democrat,2019-01-03,2021-01-03,2019-01-03,2021-01-03,2019-01-03,2021-01-03
E000297,RepEspaillat,Adriano Espaillat,Adriano,Espaillat,M,1954-09-27,current,116,house,NY,13,,Democrat,2019-01-03,2021-01-03,2019-01-03,2021-01-03,2019-01-03,2021-01-03
H001038,,Brian Higgins,Brian,Higgins,M,1959-10-06,historical,116,house,NY,26,,Democrat,2019-01-03,2021-01-03,2019-01-03,2021-01-03,2019-01-03,2021-01-03
J000020,,Chris Jacobs,Chris,Jacobs,M,1966-11-28,historical,116,house,NY,27,,Republican,2020-07-21,2021-01-03,2019-01-03,2021-01-03,2020-07-21,2021-01-03
J000294,RepJeffries,Hakeem S. Jeffries,Hakeem,Jeffries,M,1970-08-04,current,116,house,NY,8,,Democrat,2019-01-03,2021-01-03,2019-01-03,2021-01-03,2019-01-03,2021-01-03
K000386,,John Katko,John,Katko,M,1962-11-09,historical,116,house,NY,24,,Republican,2019-01-03,2021-01-03,2019-01-03,2021-01-03,2019-01-03,2021-01-03
K000210,,Peter T. King,Peter,King,M,1944-04-05,historical,116,house,NY,2,,Republican,2019-01-03,2021-01-03,2019-01-03,2021-01-03,2019-01-03,2021-01-03
L000480,,Nita M. Lowey,Nita,Lowey,F,1937-07-05,historical,116,house,NY,17,,Democrat,2019-01-03,2021-01-03,2019-01-03,2021-01-03,2019-01-03,2021-01-03
M000087,,Carolyn B. Maloney,Carolyn,Maloney,F,1946-02-19,historical,116,house,NY,12,,Democrat,2019-01-03,2021-01-03,2019-01-03,2021-01-03,2019-01-03,2021-01-03
M001185,,Sean Patrick Maloney,Sean,Maloney,M,1966-07-30,historical,116,house,NY,18,,Democrat,2019-01-03,2021-01-03,2019-01-03,2021-01-03,2019-01-03,2021-01-03
M001137,RepGregoryMeeks,Gregory W. Meeks,Gregory,Meeks,M,1953-09-25,current,116,house,NY,5,,Democrat,2019-01-03,2021-01-03,2019-01-03,2021-01-03,2019-01-03,2021-01-03
M001188,RepGraceMeng,Grace Meng,Grace,Meng,F,1975-10-01,current,116,house,NY,6,,Democrat,2019-01-03,2021-01-03,2019-01-03,2021-01-03,2019-01-03,2021-01-03
M001206,RepJoeMorelle,Joseph D. Morelle,Joseph,Morelle,M,1957-04-29,current,116,house,NY,25,,Democrat,2019-01-03,2021-01-03,2019-01-03,2021-01-03,2019-01-03,2021-01-03
N000002,RepJerryNadler,Jerrold Nadler,Jerrold,Nadler,M,1947-06-13,current,116,house,NY,10,,Democrat,2019-01-03,2021-01-03,2019-01-03,2021-01-03,2019-01-03,2021-01-03
O000172,RepAOC,Alexandria Ocasio-Cortez,Alexandria,Ocasio-Cortez,F,1989-10-13,current,116,house,NY,14,,Democrat,2019-01-03,2021-01-03,2019-01-03,2021-01-03,2019-01-03,2021-01-03
R000585,,Tom Reed,Tom,Reed,M,1971-11-18,historical,116,house,NY,23,,Republican,2019-01-03,2021-01-03,2019-01-03,2021-01-03,2019-01-03,2021-01-03
R000602,,Kathleen M. Rice,Kathleen,Rice,F,1965-02-15,historical,116,house,NY,4,,Democrat,2019-01-03,2021-01-03,2019-01-03,2021-01-03,2019-01-03,2021-01-03
R000613,,Max Rose,Max,Rose,M,1986-11-28,historical,116,house,NY,11,,Democrat,2019-01-03,2021-01-03,2019-01-03,2021-01-03,2019-01-03,2021-01-03
S000248,,José E. Serrano,José,Serrano,M,1943-10-24,historical,116,house,NY,15,,Democrat,2019-01-03,2021-01-03,2019-01-03,2021-01-03,2019-01-03,2021-01-03
S001196,RepStefanik,Elise M. Stefanik,Elise,Stefanik,F,1984-07-02,current,116,house,NY,21,,Republican,2019-01-03,2021-01-03,2019-01-03,2021-01-03,2019-01-03,2021-01-03
S001201,reptomsuozzi,Thomas R. Suozzi,Thomas,Suozzi,M,1962-08-31,current,116,house,NY,3,,Democrat,2019-01-03,2021-01-03,2019-01-03,2021-01-03,2019-01-03,2021-01-03
T000469,RepPaulTonko,Paul Tonko,Paul,Tonko,M,1949-06-18,current,116,house,NY,20,,Democrat,2019-01-03,2021-01-03,2019-01-03,2021-01-03,2019-01-03,2021-01-03
V000081,NydiaVelazquez,Nydia M. Velázquez,Nydia,Velázquez,F,1953-03-28,current,116,house,NY,7,,Democrat,2019-01-03,2021-01-03,2019-01-03,2021-01-03,2019-01-03,2021-01-03
Z000017,,Lee M. Zeldin,Lee,Zeldin,M,1980-01-30,historical,116,house,NY,1,,Republican,2019-01-03,2021-01-03,2019-01-03,2021-01-03,2019-01-03,2021-01-03
B001306,RepBalderson,Troy Balderson,Troy,Balderson,M,1962-01-16,current,116,house,OH,12,,Republican,2019-01-03,2021-01-03,2019-01-03,2021-01-03,2019-01-03,2021-01-03
B001281,RepBeatty,Joyce Beatty,Joyce,Beatty,F,1950-03-12,current,116,house,OH,3,,Democrat,2019-01-03,2021-01-03,2019-01-03,2021-01-03,2019-01-03,2021-01-03
C000266,,Steve Chabot,Steve,Chabot,M,1953-01-22,historical,116,house,OH,1,,Republican,2019-01-03,2021-01-03,2019-01-03,2021-01-03,2019-01-03,2021-01-03
D000626,WarrenDavidson,Warren Davidson,Warren,Davidson,M,1970-03-01,current,116,house,OH,8,,Republican,2019-01-03,2021-01-03,2019-01-03,2021-01-03,2019-01-03,2021-01-03
F000455,,Marcia L. Fudge,Marcia,Fudge,F,1952-10-29,historical,116,house,OH,11,,Democrat,2019-01-03,2021-01-03,2019-01-03,2021-01-03,2019-01-03,2021-01-03
G000563,,Bob Gibbs,Bob,Gibbs,M,1954-06-14,historical,116,house,OH,7,,Republican,2019-01-03,2021-01-03,2019-01-03,2021-01-03,2019-01-03,2021-01-03
G000588,,Anthony Gonzalez,Anthony,Gonzalez,M,1984-09-18,historical,116,house,OH,16,,Republican,2019-01-03,2021-01-03,2019-01-03,2021-01-03,2019-01-03,2021-01-03
J000292,,Bill Johnson,Bill,Johnson,M,1954-11-10,historical,116,house,OH,6,,Republican,2019-01-03,2021-01-03,2019-01-03,2021-01-03,2019-01-03,2021-01-03
J000289,Jim_Jordan,Jim Jordan,Jim,Jordan,M,1964-02-17,current,116,house,OH,4,,Republican,2019-01-03,2021-01-03,2019-01-03,2021-01-03,2019-01-03,2021-01-03
J000295,RepDaveJoyce,David P. Joyce,David,Joyce,M,1957-03-17,current,116,house,OH,14,,Republican,2019-01-03,2021-01-03,2019-01-03,2021-01-03,2019-01-03,2021-01-03
K000009,RepMarcyKaptur,Marcy Kaptur,Marcy,Kaptur,F,1946-06-17,current,116,house,OH,9,,Democrat,2019-01-03,2021-01-03,2019-01-03,2021-01-03,2019-01-03,2021-01-03
L000566,BobLatta,Robert E. Latta,Robert,Latta,M,1956-04-18,current,116,house,OH,5,,Republican,2019-01-03,2021-01-03,2019-01-03,2021-01-03,2019-01-03,2021-01-03
R000577,,Tim Ryan,Tim,Ryan,M,1973-07-16,historical,116,house,OH,13,,Democrat,2019-01-03,2021-01-03,2019-01-03,2021-01-03,2019-01-03,2021-01-03
S001187,,Steve Stivers,Steve,Stivers,M,1965-03-24,historical,116,house,OH,15,,Republican,2019-01-03,2021-01-03,2019-01-03,2021-01-03,2019-01-03,2021-01-03
T000463,RepMikeTurner,Michael R. Turner,Michael,Turner,M,1960-01-11,current,116,house,OH,10,,Republican,2019-01-03,2021-01-03,2019-01-03,2021-01-03,2019-01-03,2021-01-03
W000815,,Brad R. Wenstrup,Brad,Wenstrup,M,1958-06-17,historical,116,house,OH,2,,Republican,2019-01-03,2021-01-03,2019-01-03,2021-01-03,2019-01-03,2021-01-03
C001053,TomColeOK04,Tom Cole,Tom,Cole,M,1949-04-28,current,116,house,OK,4,,Republican,2019-01-03,2021-01-03,2019-01-03,2021-01-03,2019-01-03,2021-01-03
H001082,repkevinhern,Kevin Hern,Kevin,Hern,M,1961-12-04,current,116,house,OK,1,,Republican,2019-01-03,2021-01-03,2019-01-03,2021-01-03,2019-01-03,2021-01-03
H001083,,Kendra S. Horn,Kendra,Horn,F,1976-06-09,historical,116,house,OK,5,,Democrat,2019-01-03,2021-01-03,2019-01-03,2021-01-03,2019-01-03,2021-01-03
L000491,RepFrankLucas,Frank D. Lucas,Frank,Lucas,M,1960-01-06,current,116,house,OK,3,,Republican,2019-01-03,2021-01-03,2019-01-03,2021-01-03,2019-01-03,2021-01-03
M001190,,Markwayne Mullin,Markwayne,Mullin,M,1977-07-26,historical,116,house,OK,2,,Republican,2019-01-03,2021-01-03,2019-01-03,2021-01-03,2019-01-03,2021-01-03
B000574,,Earl Blumenauer,Earl,Blumenauer,M,1948-08-16,historical,116,house,OR,3,,Democrat,2019-01-03,2021-01-03,2019-01-03,2021-01-03,2019-01-03,2021-01-03
B001278,RepBonamici,Suzanne Bonamici,Suzanne,Bonamici,F,1954-10-14,current,116,house,OR,1,,Democrat,2019-01-03,2021-01-03,2019-01-03,2021-01-03,2019-01-03,2021-01-03
D000191,,Peter A. DeFazio,Peter,DeFazio,M,1947-05-27,historical,116,house,OR,4,,Democrat,2019-01-03,2021-01-03,2019-01-03,2021-01-03,2019-01-03,2021-01-03
S001180,,Kurt Schrader,Kurt,Schrader,M,1951-10-19,historical,116,house,OR,5,,Democrat,2019-01-03,2021-01-03,2019-01-03,2021-01-03,2019-01-03,2021-01-03
W000791,,Greg Walden,Greg,Walden,M,1957-01-10,historical,116,house,OR,2,,Republican,2019-01-03,2021-01-03,2019-01-03,2021-01-03,2019-01-03,2021-01-03
B001296,CongBoyle,Brendan F. Boyle,Brendan,Boyle,M,1977-02-06,current,116,house,PA,2,,Democrat,2019-01-03,2021-01-03,2019-01-03,2021-01-03,2019-01-03,2021-01-03
C001090,,Matt Cartwright,Matthew,Cartwright,M,1961-05-01,historical,116,house,PA,8,,Democrat,2019-01-03,2021-01-03,2019-01-03,2021-01-03,2019-01-03,2021-01-03
D000631,RepDean,Madeleine Dean,Madeleine,Dean,F,1959-06-06,current,116,house,PA,4,,Democrat,2019-01-03,2021-01-03,2019-01-03,2021-01-03,2019-01-03,2021-01-03
D000482,,Michael F. Doyle,Michael,Doyle,M,1953-08-05,historical,116,house,PA,18,,Democrat,2019-01-03,2021-01-03,2019-01-03,2021-01-03,2019-01-03,2021-01-03
E000296,RepDwightEvans,Dwight Evans,Dwight,Evans,M,1954-05-16,current,116,house,PA,3,,Democrat,2019-01-03,2021-01-03,2019-01-03,2021-01-03,2019-01-03,2021-01-03
F000466,RepBrianFitz,Brian K. Fitzpatrick,Brian,Fitzpatrick,M,1973-12-17,current,116,house,PA,1,,Republican,2019-01-03,2021-01-03,2019-01-03,2021-01-03,2019-01-03,2021-01-03
H001085,RepHoulahan,Chrissy Houlahan,Chrissy,Houlahan,F,1967-06-05,current,116,house,PA,6,,Democrat,2019-01-03,2021-01-03,2019-01-03,2021-01-03,2019-01-03,2021-01-03
J000302,RepJohnJoyce,John Joyce,John,Joyce,M,1957-02-08,current,116,house,PA,13,,Republican,2019-01-03,2021-01-03,2019-01-03,2021-01-03,2019-01-03,2021-01-03
K000395,,Fred Keller,Fred,Keller,M,1965-10-23,historical,116,house,PA,12,,Republican,2019-06-03,2021-01-03,2019-01-03,2021-01-03,2019-06-03,2021-01-03
K000376,MikeKellyPA,Mike Kelly,Mike,Kelly,M,1948-05-10,current,116,house,PA,16,,Republican,2019-01-03,2021-01-03,2019-01-03,2021-01-03,2019-01-03,2021-01-03
L000588,,Conor Lamb,Conor,Lamb,M,1984-06-27,historical,116,house,PA,17,,Democrat,2019-01-03,2021-01-03,2019-01-03,2021-01-03,2019-01-03,2021-01-03
M001179,,Tom Marino,Tom,Marino,M,1952-08-15,historical,116,house,PA,12,,Republican,2019-01-03,2019-01-23,2019-01-03,2021-01-03,2019-01-03,2019-01-23
M001204,RepMeuser,Daniel Meuser,Daniel,Meuser,M,1964-02-10,current,116,house,PA,9,,Republican,2019-01-03,2021-01-03,2019-01-03,2021-01-03,2019-01-03,2021-01-03
P000605,RepScottPerry,Scott Perry,Scott,Perry,M,1962-05-27,current,116,house,PA,10,,Republican,2019-01-03,2021-01-03,2019-01-03,2021-01-03,2019-01-03,2021-01-03
R000610,GReschenthaler,Guy Reschenthaler,Guy,Reschenthaler,M,1983-04-17,current,116,house,PA,14,,Republican,2019-01-03,2021-01-03,2019-01-03,2021-01-03,2019-01-03,2021-01-03
S001205,RepMGS,Mary Gay Scanlon,Mary,Scanlon,F,1959-08-30,current,116,house,PA,5,,Democrat,2019-01-03,2021-01-03,2019-01-03,2021-01-03,2019-01-03,2021-01-03
S001199,RepSmucker,Lloyd Smucker,Lloyd,Smucker,M,1964-01-23,current,116,house,PA,11,,Republican,2019-01-03,2021-01-03,2019-01-03,2021-01-03,2019-01-03,2021-01-03
T000467,CongressmanGT,Glenn Thompson,Glenn,Thompson,M,1959-07-27,current,116,house,PA,15,,Republican,2019-01-03,2021-01-03,2019-01-03,2021-01-03,2019-01-03,2021-01-03
W000826,,Susan Wild,Susan,Wild,F,1957-06-07,historical,116,house,PA,7,,Democrat,2019-01-03,2021-01-03,2019-01-03,2021-01-03,2019-01-03,2021-01-03
G000582,,Jenniffer González-Colón,Jenniffer,González-Colón,F,1976-08-05,historical,116,house,PR,0,,Republican,2017-01-03,2021-01-03,2019-01-03,2021-01-03,2019-01-03,2021-01-03
C001084,,David N. Cicilline,David,Cicilline,M,1961-07-15,historical,116,house,RI,1,,Democrat,2019-01-03,2021-01-03,2019-01-03,2021-01-03,2019-01-03,2021-01-03
L000559,,James R. Langevin,James,Langevin,M,1964-04-22,historical,116,house,RI,2,,Democrat,2019-01-03,2021-01-03,2019-01-03,2021-01-03,2019-01-03,2021-01-03
C000537,RepJamesClyburn,James E. Clyburn,James,Clyburn,M,1940-07-21,current,116,house,SC,6,,Democrat,2019-01-03,2021-01-03,2019-01-03,2021-01-03,2019-01-03,2021-01-03
C001122,,Joe Cunningham,Joe,Cunningham,M,1982-05-26,historical,116,house,SC,1,,Democrat,2019-01-03,2021-01-03,2019-01-03,2021-01-03,2019-01-03,2021-01-03
D000615,,Jeff Duncan,Jeff,Duncan,M,1966-01-07,historical,116,house,SC,3,,Republican,2019-01-03,2021-01-03,2019-01-03,2021-01-03,2019-01-03,2021-01-03
N000190,RepRalphNorman,Ralph Norman,Ralph,Norman,M,1953-06-20,current,116,house,SC,5,,Republican,2019-01-03,2021-01-03,2019-01-03,2021-01-03,2019-01-03,2021-01-03
R000597,,Tom Rice,Tom,Rice,M,1957-08-04,historical,116,house,SC,7,,Republican,2019-01-03,2021-01-03,2019-01-03,2021-01-03,2019-01-03,2021-01-03
T000480,RepTimmons,William R. Timmons IV,William,Timmons,M,1984-04-30,current,116,house,SC,4,,Republican,2019-01-03,2021-01-03,2019-01-03,2021-01-03,2019-01-03,2021-01-03
W000795,RepJoeWilson,Joe Wilson,Joe,Wilson,M,1947-07-31,current,116,house,SC,2,,Republican,2019-01-03,2021-01-03,2019-01-03,2021-01-03,2019-01-03,2021-01-03
J000301,RepDustyJohnson,Dusty Johnson,Dusty,Johnson,M,1976-09-30,current,116,house,SD,0,,Republican,2019-01-03,2021-01-03,2019-01-03,2021-01-03,2019-01-03,2021-01-03
B001309,RepTimBurchett,Tim Burchett,Tim,Burchett,M,1964-08-25,current,116,house,TN,2,,Republican,2019-01-03,2021-01-03,2019-01-03,2021-01-03,2019-01-03,2021-01-03
C001068,RepCohen,Steve Cohen,Steve,Cohen,M,1949-05-24,current,116,house,TN,9,,Democrat,2019-01-03,2021-01-03,2019-01-03,2021-01-03,2019-01-03,2021-01-03
C000754,,Jim Cooper,Jim,Cooper,M,1954-06-19,historical,116,house,TN,5,,Democrat,2019-01-03,2021-01-03,2019-01-03,2021-01-03,2019-01-03,2021-01-03
D000616,DesJarlaisTN04,Scott DesJarlais,Scott,DesJarlais,M,1964-02-21,current,116,house,TN,4,,Republican,2019-01-03,2021-01-03,2019-01-03,2021-01-03,2019-01-03,2021-01-03
F000459,RepChuck,"Charles J. ""Chuck"" Fleischmann",Charles,Fleischmann,M,1962-10-11,current,116,house,TN,3,,Republican,2019-01-03,2021-01-03,2019-01-03,2021-01-03,2019-01-03,2021-01-03
G000590,,Mark E. Green,Mark,Green,M,1964-11-08,historical,116,house,TN,7,,Republican,2019-01-03,2021-01-03,2019-01-03,2021-01-03,2019-01-03,2021-01-03
K000392,RepDavidKustoff,David Kustoff,David,Kustoff,M,1966-10-08,current,116,house,TN,8,,Republican,2019-01-03,2021-01-03,2019-01-03,2021-01-03,2019-01-03,2021-01-03
R000582,,David P. Roe,David,Roe,M,1945-07-21,historical,116,house,TN,1,,Republican,2019-01-03,2021-01-03,2019-01-03,2021-01-03,2019-01-03,2021-01-03
R000612,RepJohnRose,John W. Rose,John,Rose,M,1965-02-23,current,116,house,TN,6,,Republican,2019-01-03,2021-01-03,2019-01-03,2021-01-03,2019-01-03,2021-01-03
A000376,,Colin Z. Allred,Colin,Allred,M,1983-04-15,historical,116,house,TX,32,,Democrat,2019-01-03,2021-01-03,2019-01-03,2021-01-03,2019-01-03,2021-01-03
A000375,RepArrington,Jodey C. Arrington,Jodey,Arrington,M,1972-03-09,current,116,house,TX,19,,Republican,2019-01-03,2021-01-03,2019-01-03,2021-01-03,2019-01-03,2021-01-03
B001291,RepBrianBabin,Brian Babin,Brian,Babin,M,1948-03-23,current,116,house,TX,36,,Republican,2019-01-03,2021-01-03,2019-01-03,2021-01-03,2019-01-03,2021-01-03
B000755,,Kevin Brady,Kevin,Brady,M,1955-04-11,historical,116,house,TX,8,,Republican,2019-01-03,2021-01-03,2019-01-03,2021-01-03,2019-01-03,2021-01-03
B001248,,Michael C. Burgess,Michael,Burgess,M,1950-12-23,historical,116,house,TX,26,,Republican,2019-01-03,2021-01-03,2019-01-03,2021-01-03,2019-01-03,2021-01-03
C001051,JudgeCarter,John R. Carter,John,Carter,M,1941-11-06,current,116,house,TX,31,,Republican,2019-01-03,2021-01-03,2019-01-03,2021-01-03,2019-01-03,2021-01-03
C001091,JoaquinCastrotx,Joaquin Castro,Joaquin,Castro,M,1974-09-16,current,116,house,TX,20,,Democrat,2019-01-03,2021-01-03,2019-01-03,2021-01-03,2019-01-03,2021-01-03
C001115,RepCloudTX,Michael Cloud,Michael,Cloud,M,1975-05-13,current,116,house,TX,27,,Republican,2019-01-03,2021-01-03,2019-01-03,2021-01-03,2019-01-03,2021-01-03
C001062,,K. Michael Conaway,K.,Conaway,M,1948-06-11,historical,116,house,TX,11,,Republican,2019-01-03,2021-01-03,2019-01-03,2021-01-03,2019-01-03,2021-01-03
C001120,RepDanCrenshaw,Dan Crenshaw,Dan,Crenshaw,M,1984-03-14,current,116,house,TX,2,,Republican,2019-01-03,2021-01-03,2019-01-03,2021-01-03,2019-01-03,2021-01-03
C001063,RepCuellar,Henry Cuellar,Henry,Cuellar,M,1955-09-19,current,116,house,TX,28,,Democrat,2019-01-03,2021-01-03,2019-01-03,2021-01-03,2019-01-03,2021-01-03
D000399,RepLloydDoggett,Lloyd Doggett,Lloyd,Doggett,M,1946-10-06,current,116,house,TX,35,,Democrat,2019-01-03,2021-01-03,2019-01-03,2021-01-03,2019-01-03,2021-01-03
E000299,RepEscobar,Veronica Escobar,Veronica,Escobar,F,1969-09-15,current,116,house,TX,16,,Democrat,2019-01-03,2021-01-03,2019-01-03,2021-01-03,2019-01-03,2021-01-03
F000468,RepFletcher,Lizzie Fletcher,Lizzie,Fletcher,F,1975-02-13,current,116,house,TX,7,,Democrat,2019-01-03,2021-01-03,2019-01-03,2021-01-03,2019-01-03,2021-01-03
F000461,,Bill Flores,Bill,Flores,M,1954-02-25,historical,116,house,TX,17,,Republican,2019-01-03,2021-01-03,2019-01-03,2021-01-03,2019-01-03,2021-01-03
G000587,RepSylviaGarcia,Sylvia R. Garcia,Sylvia,Garcia,F,1950-09-06,current,116,house,TX,29,,Democrat,2019-01-03,2021-01-03,2019-01-03,2021-01-03,2019-01-03,2021-01-03
G000552,,Louie Gohmert,Louie,Gohmert,M,1953-08-18,historical,116,house,TX,1,,Republican,2019-01-03,2021-01-03,2019-01-03,2021-01-03,2019-01-03,2021-01-03
G000581,RepGonzalez,Vicente Gonzalez,Vicente,Gonzalez,M,1967-09-04,current,116,house,TX,15,,Democrat,2019-01-03,2021-01-03,2019-01-03,2021-01-03,2019-01-03,2021-01-03
G000589,,Lance Gooden,Lance,Gooden,M,1982-12-01,current,116,house,TX,5,,Republican,2019-01-03,2021-01-03,2019-01-03,2021-01-03,2019-01-03,2021-01-03
G000377,,Kay Granger,Kay,Granger,F,1943-01-18,historical,116,house,TX,12,,Republican,2019-01-03,2021-01-03,2019-01-03,2021-01-03,2019-01-03,2021-01-03
G000553,RepAlGreen,Al Green,Al,Green,M,1947-09-01,current,116,house,TX,9,,Democrat,2019-01-03,2021-01-03,2019-01-03,2021-01-03,2019-01-03,2021-01-03
H001073,,Will Hurd,Will,Hurd,M,1977-08-19,historical,116,house,TX,23,,Republican,2019-01-03,2021-01-03,2019-01-03,2021-01-03,2019-01-03,2021-01-03
J000032,,Sheila Jackson Lee,Sheila,Jackson Lee,F,1950-01-12,historical,116,house,TX,18,,Democrat,2019-01-03,2021-01-03,2019-01-03,2021-01-03,2019-01-03,2021-01-03
J000126,,Eddie Bernice Johnson,Eddie,Johnson,F,1935-12-03,historical,116,house,TX,30,,Democrat,2019-01-03,2021-01-03,2019-01-03,2021-01-03,2019-01-03,2021-01-03
M001158,,Kenny Marchant,Kenny,Marchant,M,1951-02-23,historical,116,house,TX,24,,Republican,2019-01-03,2021-01-03,2019-01-03,2021-01-03,2019-01-03,2021-01-03
M001157,RepMcCaul,Michael T. McCaul,Michael,McCaul,M,1962-01-14,current,116,house,TX,10,,Republican,2019-01-03,2021-01-03,2019-01-03,2021-01-03,2019-01-03,2021-01-03
O000168,,Pete Olson,Pete,Olson,M,1962-12-09,historical,116,house,TX,22,,Republican,2019-01-03,2021-01-03,2019-01-03,2021-01-03,2019-01-03,2021-01-03
R000601,,John Ratcliffe,John,Ratcliffe,M,1965-10-20,historical,116,house,TX,4,,Republican,2019-01-03,2020-05-22,2019-01-03,2021-01-03,2019-01-03,2020-05-22
R000614,RepChipRoy,Chip Roy,Chip,Roy,M,1972-08-07,current,116,house,TX,21,,Republican,2019-01-03,2021-01-03,2019-01-03,2021-01-03,2019-01-03,2021-01-03
T000479,,Van Taylor,Van,Taylor,M,1972-08-01,historical,116,house,TX,3,,Republican,2019-01-03,2021-01-03,2019-01-03,2021-01-03,2019-01-03,2021-01-03
T000238,,Mac Thornberry,Mac,Thornberry,M,1958-07-15,historical,116,house,TX,13,,Republican,2019-01-03,2021-01-03,2019-01-03,2021-01-03,2019-01-03,2021-01-03
V000131,RepVeasey,Marc A. Veasey,Marc,Veasey,M,1971-01-03,current,116,house,TX,33,,Democrat,2019-01-03,2021-01-03,2019-01-03,2021-01-03,2019-01-03,2021-01-03
V000132,,Filemon Vela,Filemon,Vela,M,1963-02-13,historical,116,house,TX,34,,Democrat,2019-01-03,2021-01-03,2019-01-03,2021-01-03,2019-01-03,2021-01-03
W000814,TXRandy14,"Randy K. Weber, Sr.",Randy,Weber,M,1953-07-02,current,116,house,TX,14,,Republican,2019-01-03,2021-01-03,2019-01-03,2021-01-03,2019-01-03,2021-01-03
W000816,RepRWilliams,Roger Williams,Roger,Williams,M,1949-09-13,current,116,house,TX,25,,Republican,2019-01-03,2021-01-03,2019-01-03,2021-01-03,2019-01-03,2021-01-03
W000827,,Ron Wright,Ron,Wright,M,1953-04-08,historical,116,house,TX,6,,Republican,2019-01-03,2021-01-03,2019-01-03,2021-01-03,2019-01-03,2021-01-03
B001250,,Rob Bishop,Rob,Bishop,M,1951-07-13,historical,116,house,UT,1,,Republican,2019-01-03,2021-01-03,2019-01-03,2021-01-03,2019-01-03,2021-01-03
C001114,RepJohnCurtis,John R. Curtis,John,Curtis,M,1960-05-10,current,116,house,UT,3,,Republican,2019-01-03,2021-01-03,2019-01-03,2021-01-03,2019-01-03,2021-01-03
M001209,,Ben McAdams,Ben,McAdams,M,1974-12-05,historical,116,house,UT,4,,Democrat,2019-01-03,2021-01-03,2019-01-03,2021-01-03,2019-01-03,2021-01-03
S001192,,Chris Stewart,Chris,Stewart,M,1960-07-15,historical,116,house,UT,2,,Republican,2019-01-03,2021-01-03,2019-01-03,2021-01-03,2019-01-03,2021-01-03
B001292,RepDonBeyer,"Donald S. Beyer, Jr.",Donald,Beyer,M,1950-06-20,current,116,house,VA,8,,Democrat,2019-01-03,2021-01-03,2019-01-03,2021-01-03,2019-01-03,2021-01-03
C001118,RepBenCline,Ben Cline,Ben,Cline,M,1972-02-29,current,116,house,VA,6,,Republican,2019-01-03,2021-01-03,2019-01-03,2021-01-03,2019-01-03,2021-01-03
C001078,,Gerald E. Connolly,Gerald,Connolly,M,1950-03-30,historical,116,house,VA,11,,Democrat,2019-01-03,2021-01-03,2019-01-03,2021-01-03,2019-01-03,2021-01-03
G000568,RepMGriffith,H. Morgan Griffith,H.,Griffith,M,1958-03-15,current,116,house,VA,9,,Republican,2019-01-03,2021-01-03,2019-01-03,2021-01-03,2019-01-03,2021-01-03
L000591,,Elaine G. Luria,Elaine,Luria,F,1975-08-15,historical,116,house,VA,2,,Democrat,2019-01-03,2021-01-03,2019-01-03,2021-01-03,2019-01-03,2021-01-03
M001200,,A. Donald McEachin,A.,McEachin,M,1961-10-10,historical,116,house,VA,4,,Democrat,2019-01-03,2021-01-03,2019-01-03,2021-01-03,2019-01-03,2021-01-03
R000611,,Denver Riggleman,Denver,Riggleman,M,1970-03-17,historical,116,house,VA,5,,Republican,2019-01-03,2021-01-03,2019-01-03,2021-01-03,2019-01-03,2021-01-03
S000185,BobbyScott,"Robert C. ""Bobby"" Scott",Robert,Scott,M,1947-04-30,current,116,house,VA,3,,Democrat,2019-01-03,2021-01-03,2019-01-03,2021-01-03,2019-01-03,2021-01-03
S001209,,Abigail Davis Spanberger,Abigail,Spanberger,F,1979-08-07,historical,116,house,VA,7,,Democrat,2019-01-03,2021-01-03,2019-01-03,2021-01-03,2019-01-03,2021-01-03
W000825,,Jennifer Wexton,Jennifer,Wexton,F,1968-05-27,historical,116,house,VA,10,,Democrat,2019-01-03,2021-01-03,2019-01-03,2021-01-03,2019-01-03,2021-01-03
W000804,RobWittman,Robert J. Wittman,Robert,Wittman,M,1959-02-03,current,116,house,VA,1,,Republican,2019-01-03,2021-01-03,2019-01-03,2021-01-03,2019-01-03,2021-01-03
P000610,StaceyPlaskett,Stacey E. Plaskett,Stacey,Plaskett,F,1966-05-13,current,116,house,VI,0,,Democrat,2019-01-03,2021-01-03,2019-01-03,2021-01-03,2019-01-03,2021-01-03
W000800,PeterWelch,Peter Welch,Peter,Welch,M,1947-05-02,current,116,house,VT,0,,Democrat,2019-01-03,2021-01-03,2019-01-03,2021-01-03,2019-01-03,2021-01-03
D000617,RepDelBene,Suzan K. DelBene,Suzan,DelBene,F,1962-02-17,current,116,house,WA,1,,Democrat,2019-01-03,2021-01-03,2019-01-03,2021-01-03,2019-01-03,2021-01-03
H001064,,Denny Heck,Denny,Heck,M,1952-07-29,historical,116,house,WA,10,,Democrat,2019-01-03,2021-01-03,2019-01-03,2021-01-03,2019-01-03,2021-01-03
H001056,,Jaime Herrera Beutler,Jaime,Herrera Beutler,F,1978-11-03,historical,116,house,WA,3,,Republican,2019-01-03,2021-01-03,2019-01-03,2021-01-03,2019-01-03,2021-01-03
J000298,RepJayapal,Pramila Jayapal,Pramila,Jayapal,F,1965-09-21,current,116,house,WA,7,,Democrat,2019-01-03,2021-01-03,2019-01-03,2021-01-03,2019-01-03,2021-01-03
K000381,,Derek Kilmer,Derek,Kilmer,M,1974-01-01,historical,116,house,WA,6,,Democrat,2019-01-03,2021-01-03,2019-01-03,2021-01-03,2019-01-03,2021-01-03
L000560,RepRickLarsen,Rick Larsen,Rick,Larsen,M,1965-06-15,current,116,house,WA,2,,Democrat,2019-01-03,2021-01-03,2019-01-03,2021-01-03,2019-01-03,2021-01-03
M001159,,Cathy McMorris Rodgers,Cathy,McMorris Rodgers,F,1969-05-22,historical,116,house,WA,5,,Republican,2019-01-03,2021-01-03,2019-01-03,2021-01-03,2019-01-03,2021-01-03
N000189,RepNewhouse,Dan Newhouse,Dan,Newhouse,M,1955-07-10,current,116,house,WA,4,,Republican,2019-01-03,2021-01-03,2019-01-03,2021-01-03,2019-01-03,2021-01-03
S001216,RepKimSchrier,Kim Schrier,Kim,Schrier,F,1968-08-23,current,116,house,WA,8,,Democrat,2019-01-03,2021-01-03,2019-01-03,2021-01-03,2019-01-03,2021-01-03
S000510,RepAdamSmith,Adam Smith,Adam,Smith,M,1965-06-15,current,116,house,WA,9,,Democrat,2019-01-03,2021-01-03,2019-01-03,2021-01-03,2019-01-03,2021-01-03
D000614,,Sean P. Duffy,Sean,Duffy,M,1971-10-03,historical,116,house,WI,7,,Republican,2019-01-03,2019-09-23,2019-01-03,2021-01-03,2019-01-03,2019-09-23
G000579,,Mike Gallagher,Mike,Gallagher,M,1984-03-03,historical,116,house,WI,8,,Republican,2019-01-03,2021-01-03,2019-01-03,2021-01-03,2019-01-03,2021-01-03
G000576,RepGrothman,Glenn Grothman,Glenn,Grothman,M,1955-07-03,current,116,house,WI,6,,Republican,2019-01-03,2021-01-03,2019-01-03,2021-01-03,2019-01-03,2021-01-03
K000188,,Ron Kind,Ron,Kind,M,1963-03-16,historical,116,house,WI,3,,Democrat,2019-01-03,2021-01-03,2019-01-03,2021-01-03,2019-01-03,2021-01-03
M001160,RepGwenMoore,Gwen Moore,Gwen,Moore,F,1951-04-18,current,116,house,WI,4,,Democrat,2019-01-03,2021-01-03,2019-01-03,2021-01-03,2019-01-03,2021-01-03
P000607,RepMarkPocan,Mark Pocan,Mark,Pocan,M,1964-08-14,current,116,house,WI,2,,Democrat,2019-01-03,2021-01-03,2019-01-03,2021-01-03,2019-01-03,2021-01-03
S000244,,"F. James Sensenbrenner, Jr.",F.,Sensenbrenner,M,1943-06-14,historical,116,house,WI,5,,Republican,2019-01-03,2021-01-03,2019-01-03,2021-01-03,2019-01-03,2021-01-03
S001213,RepBryanSteil,Bryan Steil,Bryan,Steil,M,1981-03-30,current,116,house,WI,1,,Republican,2019-01-03,2021-01-03,2019-01-03,2021-01-03,2019-01-03,2021-01-03
T000165,RepTiffany,Thomas P. Tiffany,Thomas,Tiffany,M,1957-12-30,current,116,house,WI,7,,Republican,2020-05-19,2021-01-03,2019-01-03,2021-01-03,2020-05-19,2021-01-03
M001180,,David B. McKinley,David,McKinley,M,1947-03-28,historical,116,house,WV,1,,Republican,2019-01-03,2021-01-03,2019-01-03,2021-01-03,2019-01-03,2021-01-03
M001205,RepCarolMiller,Carol D. Miller,Carol,Miller,F,1950-11-04,current,116,house,WV,3,,Republican,2019-01-03,2021-01-03,2019-01-03,2021-01-03,2019-01-03,2021-01-03
M001195,,Alexander X. Mooney,Alexander,Mooney,M,1971-06-05,historical,116,house,WV,2,,Republican,2019-01-03,2021-01-03,2019-01-03,2021-01-03,2019-01-03,2021-01-03
C001109,,Liz Cheney,Liz,Cheney,F,1966-07-28,historical,116,house,WY,0,,Republican,2019-01-03,2021-01-03,2019-01-03,2021-01-03,2019-01-03,2021-01-03
M001153,LisaMurkowski,Lisa Murkowski,Lisa,Murkowski,F,1957-05-22,current,116,senate,AK,,3,Republican,2017-01-03,2023-01-03,2019-01-03,2021-01-03,2019-01-03,2021-01-03
S001198,SenDanSullivan,Dan Sullivan,Dan,Sullivan,M,1964-11-13,current,116,senate,AK,,2,Republican,2015-01-06,2021-01-03,2019-01-03,2021-01-03,2019-01-03,2021-01-03
J000300,,Doug Jones,Doug,Jones,M,1954-05-04,historical,116,senate,AL,,2,Democrat,2018-01-03,2021-01-03,2019-01-03,2021-01-03,2019-01-03,2021-01-03
S000320,,Richard C. Shelby,Richard,Shelby,M,1934-05-06,historical,116,senate,AL,,3,Republican,2017-01-03,2023-01-03,2019-01-03,2021-01-03,2019-01-03,2021-01-03
B001236,JohnBoozman,John Boozman,John,Boozman,M,1950-12-10,current,116,senate,AR,,3,Republican,2017-01-03,2023-01-03,2019-01-03,2021-01-03,2019-01-03,2021-01-03
C001095,SenTomCotton,Tom Cotton,Tom,Cotton,M,1977-05-13,current,116,senate,AR,,2,Republican,2015-01-06,2021-01-03,2019-01-03,2021-01-03,2019-01-03,2021-01-03
K000377,SenMarkKelly,Mark Kelly,Mark,Kelly,M,1964-02-21,current,116,senate,AZ,,3,Democrat,2020-12-02,2023-01-03,2019-01-03,2021-01-03,2020-12-02,2021-01-03
M001197,,Martha McSally,Martha,McSally,F,1966-03-22,historical,116,senate,AZ,,3,Republican,2019-01-03,2020-12-02,2019-01-03,2021-01-03,2019-01-03,2020-12-02
S001191,,Kyrsten Sinema,Kyrsten,Sinema,F,1976-07-12,historical,116,senate,AZ,,1,Independent,2019-01-03,2025-01-03,2019-01-03,2021-01-03,2019-01-03,2021-01-03
F000062,,Dianne Feinstein,Dianne,Feinstein,F,1933-06-22,historical,116,senate,CA,,1,Democrat,2019-01-03,2023-09-28,2019-01-03,2021-01-03,2019-01-03,2021-01-03
H001075,,Kamala D. Harris,Kamala,Harris,F,1964-10-20,historical,116,senate,CA,,3,Democrat,2017-01-03,2021-01-18,2019-01-03,2021-01-03,2019-01-03,2021-01-03
B001267,SenatorBennet,Michael F. Bennet,Michael,Bennet,M,1964-11-28,current,116,senate,CO,,3,Democrat,2017-01-03,2023-01-03,2019-01-03,2021-01-03,2019-01-03,2021-01-03
G000562,,Cory Gardner,Cory,Gardner,M,1974-08-22,historical,116,senate,CO,,2,Republican,2015-01-06,2021-01-03,2019-01-03,2021-01-03,2019-01-03,2021-01-03
B001277,SenBlumenthal,Richard Blumenthal,Richard,Blumenthal,M,1946-02-13,current,116,senate,CT,,3,Democrat,2017-01-03,2023-01-03,2019-01-03,2021-01-03,2019-01-03,2021-01-03
M001169,SenMurphyOffice,Christopher Murphy,Christopher,Murphy,M,1973-08-03,current,116,senate,CT,,1,Democrat,2019-01-03,2025-01-03,2019-01-03,2021-01-03,2019-01-03,2021-01-03
C000174,,Thomas R. Carper,Thomas,Carper,M,1947-01-23,historical,116,senate,DE,,1,Democrat,2019-01-03,2025-01-03,2019-01-03,2021-01-03,2019-01-03,2021-01-03
C001088,ChrisCoons,Christopher A. Coons,Christopher,Coons,M,1963-09-09,current,116,senate,DE,,2,Democrat,2015-01-06,2021-01-03,2019-01-03,2021-01-03,2019-01-03,2021-01-03
R000595,,Marco Rubio,Marco,Rubio,M,1971-05-28,historical,116,senate,FL,,3,Republican,2017-01-03,2023-01-03,2019-01-03,2021-01-03,2019-01-03,2021-01-03
S001217,SenRickScott,Rick Scott,Rick,Scott,M,1952-12-01,current,116,senate,FL,,1,Republican,2019-01-08,2025-01-03,2019-01-03,2021-01-03,2019-01-08,2021-01-03
I000055,,Johnny Isakson,John,Isakson,M,1944-12-28,historical,116,senate,GA,,3,Republican,2017-01-03,2019-12-31,2019-01-03,2021-01-03,2019-01-03,2019-12-31
L000594,,Kelly Loeffler,Kelly,Loeffler,F,1970-11-27,historical,116,senate,GA,,3,Republican,2020-01-06,2021-01-20,2019-01-03,2021-01-03,2020-01-06,2021-01-03
P000612,,David Perdue,David,Perdue,M,1949-12-10,historical,116,senate,GA,,2,Republican,2015-01-06,2021-01-03,2019-01-03,2021-01-03,2019-01-03,2021-01-03
H001042,MazieHirono,Mazie K. Hirono,Mazie,Hirono,F,1947-11-03,current,116,senate,HI,,1,Democrat,2019-01-03,2025-01-03,2019-01-03,2021-01-03,2019-01-03,2021-01-03
S001194,SenBrianSchatz,Brian Schatz,Brian,Schatz,M,1972-10-20,current,116,senate,HI,,3,Democrat,2017-01-03,2023-01-03,2019-01-03,2021-01-03,2019-01-03,2021-01-03
E000295,SenJoniErnst,Joni Ernst,Joni,Ernst,F,1970-07-01,current,116,senate,IA,,2,Republican,2015-01-06,2021-01-03,2019-01-03,2021-01-03,2019-01-03,2021-01-03
G000386,ChuckGrassley,Chuck Grassley,Charles,Grassley,M,1933-09-17,current,116,senate,IA,,3,Republican,2017-01-03,2023-01-03,2019-01-03,2021-01-03,2019-01-03,2021-01-03
C000880,MikeCrapo,Mike Crapo,Michael,Crapo,M,1951-05-20,current,116,senate,ID,,3,Republican,2017-01-03,2023-01-03,2019-01-03,2021-01-03,2019-01-03,2021-01-03
R000584,SenatorRisch,James E. Risch,James,Risch,M,1943-05-03,current,116,senate,ID,,2,Republican,2015-01-06,2021-01-03,2019-01-03,2021-01-03,2019-01-03,2021-01-03
D000622,SenDuckworth,Tammy Duckworth,Tammy,Duckworth,F,1968-03-12,current,116,senate,IL,,3,Democrat,2017-01-03,2023-01-03,2019-01-03,2021-01-03,2019-01-03,2021-01-03
D000563,SenatorDurbin,Richard J. Durbin,Richard,Durbin,M,1944-11-21,current,116,senate,IL,,2,Democrat,2015-01-06,2021-01-03,2019-01-03,2021-01-03,2019-01-03,2021-01-03
B001310,,Mike Braun,Mike,Braun,M,1954-03-24,historical,116,senate,IN,,1,Republican,2019-01-03,2025-01-03,2019-01-03,2021-01-03,2019-01-03,2021-01-03
Y000064,SenToddYoung,Todd Young,Todd,Young,M,1972-08-24,current,116,senate,IN,,3,Republican,2017-01-03,2023-01-03,2019-01-03,2021-01-03,2019-01-03,2021-01-03
M000934,JerryMoran,Jerry Moran,Jerry,Moran,M,1954-05-29,current,116,senate,KS,,3,Republican,2017-01-03,2023-01-03,2019-01-03,2021-01-03,2019-01-03,2021-01-03
R000307,,Pat Roberts,Pat,Roberts,M,1936-04-20,historical,116,senate,KS,,2,Republican,2015-01-06,2021-01-03,2019-01-03,2021-01-03,2019-01-03,2021-01-03
M000355,McConnellPress,Mitch McConnell,Mitch,McConnell,M,1942-02-20,current,116,senate,KY,,2,Republican,2015-01-06,2021-01-03,2019-01-03,2021-01-03,2019-01-03,2021-01-03
P000603,SenRandPaul,Rand Paul,Rand,Paul,M,1963-01-07,current,116,senate,KY,,3,Republican,2017-01-03,2023-01-03,2019-01-03,2021-01-03,2019-01-03,2021-01-03
C001075,SenBillCassidy,Bill Cassidy,Bill,Cassidy,M,1957-09-28,current,116,senate,LA,,2,Republican,2015-01-06,2021-01-03,2019-01-03,2021-01-03,2019-01-03,2021-01-03
K000393,SenJohnKennedy,John Kennedy,John,Kennedy,M,1951-11-21,current,116,senate,LA,,3,Republican,2017-01-03,2023-01-03,2019-01-03,2021-01-03,2019-01-03,2021-01-03
M000133,SenMarkey,Edward J. Markey,Edward,Markey,M,1946-07-11,current,116,senate,MA,,2,Democrat,2015-01-06,2021-01-03,2019-01-03,2021-01-03,2019-01-03,2021-01-03
W000817,SenWarren,Elizabeth Warren,Elizabeth,Warren,F,1949-06-22,current,116,senate,MA,,1,Democrat,2019-01-03,2025-01-03,2019-01-03,2021-01-03,2019-01-03,2021-01-03
C000141,,Benjamin L. Cardin,Benjamin,Cardin,M,1943-10-05,historical,116,senate,MD,,1,Democrat,2019-01-03,2025-01-03,2019-01-03,2021-01-03,2019-01-03,2021-01-03
V000128,ChrisVanHollen,Chris Van Hollen,Chris,Van Hollen,M,1959-01-10,current,116,senate,MD,,3,Democrat,2017-01-03,2023-01-03,2019-01-03,2021-01-03,2019-01-03,2021-01-03
C001035,SenatorCollins,Susan M. Collins,Susan,Collins,F,1952-12-07,current,116,senate,ME,,2,Republican,2015-01-06,2021-01-03,2019-01-03,2021-01-03,2019-01-03,2021-01-03
K000383,SenAngusKing,"Angus S. King, Jr.",Angus,King,M,1944-03-31,current,116,senate,ME,,1,Independent,2019-01-03,2025-01-03,2019-01-03,2021-01-03,2019-01-03,2021-01-03
P000595,SenGaryPeters,Gary C. Peters,Gary,Peters,M,1958-12-01,current,116,senate,MI,,2,Democrat,2015-01-06,2021-01-03,2019-01-03,2021-01-03,2019-01-03,2021-01-03
S000770,,Debbie Stabenow,Debbie,Stabenow,F,1950-04-29,historical,116,senate,MI,,1,Democrat,2019-01-03,2025-01-03,2019-01-03,2021-01-03,2019-01-03,2021-01-03
K000367,SenAmyKlobuchar,Amy Klobuchar,Amy,Klobuchar,F,1960-05-25,current,116,senate,MN,,1,Democrat,2019-01-03,2025-01-03,2019-01-03,2021-01-03,2019-01-03,2021-01-03
S001203,SenTinaSmith,Tina Smith,Tina,Smith,F,1958-03-04,current,116,senate,MN,,2,Democrat,2018-11-07,2021-01-03,2019-01-03,2021-01-03,2019-01-03,2021-01-03
B000575,,Roy Blunt,Roy,Blunt,M,1950-01-10,historical,116,senate,MO,,3,Republican,2017-01-03,2023-01-03,2019-01-03,2021-01-03,2019-01-03,2021-01-03
H001089,SenHawleyPress,Josh Hawley,Joshua,Hawley,M,1979-12-31,current,116,senate,MO,,1,Republican,2019-01-03,2025-01-03,2019-01-03,2021-01-03,2019-01-03,2021-01-03
H001079,SenHydeSmith,Cindy Hyde-Smith,Cindy,Hyde-Smith,F,1959-05-10,current,116,senate,MS,,2,Republican,2018-11-28,2021-01-03,2019-01-03,2021-01-03,2019-01-03,2021-01-03
W000437,SenatorWicker,Roger F. Wicker,Roger,Wicker,M,1951-07-05,current,116,senate,MS,,1,Republican,2019-01-03,2025-01-03,2019-01-03,2021-01-03,2019-01-03,2021-01-03
D000618,SteveDaines,Steve Daines,Steve,Daines,M,1962-08-20,current,116,senate,MT,,2,Republican,2015-01-06,2021-01-03,2019-01-03,2021-01-03,2019-01-03,2021-01-03
T000464,,Jon Tester,Jon,Tester,M,1956-08-21,historical,116,senate,MT,,1,Democrat,2019-01-03,2025-01-03,2019-01-03,2021-01-03,2019-01-03,2021-01-03
B001135,,Richard Burr,Richard,Burr,M,1955-11-30,historical,116,senate,NC,,3,Republican,2017-01-03,2023-01-03,2019-01-03,2021-01-03,2019-01-03,2021-01-03
T000476,SenThomTillis,Thom Tillis,Thom,Tillis,M,1960-08-30,current,116,senate,NC,,2,Republican,2015-01-06,2021-01-03,2019-01-03,2021-01-03,2019-01-03,2021-01-03
C001096,SenKevinCramer,Kevin Cramer,Kevin,Cramer,M,1961-01-21,current,116,senate,ND,,1,Republican,2019-01-03,2025-01-03,2019-01-03,2021-01-03,2019-01-03,2021-01-03
H001061,SenJohnHoeven,John Hoeven,John,Hoeven,M,1957-03-13,current,116,senate,ND,,3,Republican,2017-01-03,2023-01-03,2019-01-03,2021-01-03,2019-01-03,2021-01-03
F000463,SenatorFischer,Deb Fischer,Deb,Fischer,F,1951-03-01,current,116,senate,NE,,1,Republican,2019-01-03,2025-01-03,2019-01-03,2021-01-03,2019-01-03,2021-01-03
S001197,,Ben Sasse,Benjamin,Sasse,M,1972-02-22,historical,116,senate,NE,,2,Republican,2015-01-06,2021-01-03,2019-01-03,2021-01-03,2019-01-03,2021-01-03
H001076,SenatorHassan,Margaret Wood Hassan,Margaret,Hassan,F,1958-02-27,current,116,senate,NH,,3,Democrat,2017-01-03,2023-01-03,2019-01-03,2021-01-03,2019-01-03,2021-01-03
S001181,SenatorShaheen,Jeanne Shaheen,Jeanne,Shaheen,F,1947-01-28,current,116,senate,NH,,2,Democrat,2015-01-06,2021-01-03,2019-01-03,2021-01-03,2019-01-03,2021-01-03
B001288,SenBooker,Cory A. Booker,Cory,Booker,M,1969-04-27,current,116,senate,NJ,,2,Democrat,2015-01-06,2021-01-03,2019-01-03,2021-01-03,2019-01-03,2021-01-03
M000639,,Robert Menendez,Robert,Menendez,M,1954-01-01,historical,116,senate,NJ,,1,Democrat,2019-01-03,2024-08-20,2019-01-03,2021-01-03,2019-01-03,2021-01-03
H001046,MartinHeinrich,Martin Heinrich,Martin,Heinrich,M,1971-10-17,current,116,senate,NM,,1,Democrat,2019-01-03,2025-01-03,2019-01-03,2021-01-03,2019-01-03,2021-01-03
U000039,,Tom Udall,Tom,Udall,M,1948-05-18,historical,116,senate,NM,,2,Democrat,2015-01-06,2021-01-03,2019-01-03,2021-01-03,2019-01-03,2021-01-03
C001113,SenCortezMasto,Catherine Cortez Masto,Catherine,Cortez Masto,F,1964-03-29,current,116,senate,NV,,3,Democrat,2017-01-03,2023-01-03,2019-01-03,2021-01-03,2019-01-03,2021-01-03
R000608,SenJackyRosen,Jacky Rosen,Jacky,Rosen,F,1957-08-02,current,116,senate,NV,,1,Democrat,2019-01-03,2025-01-03,2019-01-03,2021-01-03,2019-01-03,2021-01-03
G000555,GillibrandNY,Kirsten E. Gillibrand,Kirsten,Gillibrand,F,1966-12-09,current,116,senate,NY,,1,Democrat,2019-01-03,2025-01-03,2019-01-03,2021-01-03,2019-01-03,2021-01-03
S000148,SenSchumer,Charles E. Schumer,Charles,Schumer,M,1950-11-23,current,116,senate,NY,,3,Democrat,2017-01-03,2023-01-03,2019-01-03,2021-01-03,2019-01-03,2021-01-03
B000944,,Sherrod Brown,Sherrod,Brown,M,1952-11-09,historical,116,senate,OH,,1,Democrat,2019-01-03,2025-01-03,2019-01-03,2021-01-03,2019-01-03,2021-01-03
P000449,,Rob Portman,Robert,Portman,M,1955-12-19,historical,116,senate,OH,,3,Republican,2017-01-03,2023-01-03,2019-01-03,2021-01-03,2019-01-03,2021-01-03
I000024,,James M. Inhofe,James,Inhofe,M,1934-11-17,historical,116,senate,OK,,2,Republican,2015-01-06,2021-01-03,2019-01-03,2021-01-03,2019-01-03,2021-01-03
L000575,SenatorLankford,James Lankford,James,Lankford,M,1968-03-04,current,116,senate,OK,,3,Republican,2017-01-03,2023-01-03,2019-01-03,2021-01-03,2019-01-03,2021-01-03
M001176,SenJeffMerkley,Jeff Merkley,Jeff,Merkley,M,1956-10-24,current,116,senate,OR,,2,Democrat,2015-01-06,2021-01-03,2019-01-03,2021-01-03,2019-01-03,2021-01-03
W000779,RonWyden,Ron Wyden,Ron,Wyden,M,1949-05-03,current,116,senate,OR,,3,Democrat,2017-01-03,2023-01-03,2019-01-03,2021-01-03,2019-01-03,2021-01-03
C001070,,"Robert P. Casey, Jr.",Robert,Casey,M,1960-04-13,historical,116,senate,PA,,1,Democrat,2019-01-03,2025-01-03,2019-01-03,2021-01-03,2019-01-03,2021-01-03
T000461,,Patrick J. Toomey,Patrick,Toomey,M,1961-11-17,historical,116,senate,PA,,3,Republican,2017-01-03,2023-01-03,2019-01-03,2021-01-03,2019-01-03,2021-01-03
R000122,SenJackReed,Jack Reed,John,Reed,M,1949-11-12,current,116,senate,RI,,2,Democrat,2015-01-06,2021-01-03,2019-01-03,2021-01-03,2019-01-03,2021-01-03
W000802,SenWhitehouse,Sheldon Whitehouse,Sheldon,Whitehouse,M,1955-10-20,current,116,senate,RI,,1,Democrat,2019-01-03,2025-01-03,2019-01-03,2021-01-03,2019-01-03,2021-01-03
G000359,GrahamBlog,Lindsey Graham,Lindsey,Graham,M,1955-07-09,current,116,senate,SC,,2,Republican,2015-01-06,2021-01-03,2019-01-03,2021-01-03,2019-01-03,2021-01-03
S001184,SenatorTimScott,Tim Scott,Tim,Scott,M,1965-09-19,current,116,senate,SC,,3,Republican,2017-01-03,2023-01-03,2019-01-03,2021-01-03,2019-01-03,2021-01-03
R000605,SenatorRounds,Mike Rounds,Mike,Rounds,M,1954-10-24,current,116,senate,SD,,2,Republican,2015-01-06,2021-01-03,2019-01-03,2021-01-03,2019-01-03,2021-01-03
T000250,SenJohnThune,John Thune,John,Thune,M,1961-01-07,current,116,senate,SD,,3,Republican,2017-01-03,2023-01-03,2019-01-03,2021-01-03,2019-01-03,2021-01-03
A000360,,Lamar Alexander,Lamar,Alexander,M,1940-07-03,historical,116,senate,TN,,2,Republican,2015-01-06,2021-01-03,2019-01-03,2021-01-03,2019-01-03,2021-01-03
B001243,MarshaBlackburn,Marsha Blackburn,Marsha,Blackburn,F,1952-06-06,current,116,senate,TN,,1,Republican,2019-01-03,2025-01-03,2019-01-03,2021-01-03,2019-01-03,2021-01-03
C001056,JohnCornyn,John Cornyn,John,Cornyn,M,1952-02-02,current,116,senate,TX,,2,Republican,2015-01-06,2021-01-03,2019-01-03,2021-01-03,2019-01-03,2021-01-03
C001098,SenTedCruz,Ted Cruz,Ted,Cruz,M,1970-12-22,current,116,senate,TX,,1,Republican,2019-01-03,2025-01-03,2019-01-03,2021-01-03,2019-01-03,2021-01-03
L000577,SenMikeLee,Mike Lee,Mike,Lee,M,1971-06-04,current,116,senate,UT,,3,Republican,2017-01-03,2023-01-03,2019-01-03,2021-01-03,2019-01-03,2021-01-03
R000615,,Mitt Romney,Mitt,Romney,M,1947-03-12,historical,116,senate,UT,,1,Republican,2019-01-03,2025-01-03,2019-01-03,2021-01-03,2019-01-03,2021-01-03
K000384,,Tim Kaine,Timothy,Kaine,M,1958-02-26,current,116,senate,VA,,1,Democrat,2019-01-03,2025-01-03,2019-01-03,2021-01-03,2019-01-03,2021-01-03
W000805,MarkWarner,Mark R. Warner,Mark,Warner,M,1954-12-15,current,116,senate,VA,,2,Democrat,2015-01-06,2021-01-03,2019-01-03,2021-01-03,2019-01-03,2021-01-03
L000174,,Patrick J. Leahy,Patrick,Leahy,M,1940-03-31,historical,116,senate,VT,,3,Democrat,2017-01-03,2023-01-03,2019-01-03,2021-01-03,2019-01-03,2021-01-03
S000033,SenSanders,Bernard Sanders,Bernard,Sanders,M,1941-09-08,current,116,senate,VT,,1,Independent,2019-01-03,2025-01-03,2019-01-03,2021-01-03,2019-01-03,2021-01-03
C000127,SenatorCantwell,Maria Cantwell,Maria,Cantwell,F,1958-10-13,current,116,senate,WA,,1,Democrat,2019-01-03,2025-01-03,2019-01-03,2021-01-03,2019-01-03,2021-01-03
M001111,PattyMurray,Patty Murray,Patty,Murray,F,1950-10-11,current,116,senate,WA,,3,Democrat,2017-01-03,2023-01-03,2019-01-03,2021-01-03,2019-01-03,2021-01-03
B001230,SenatorBaldwin,Tammy Baldwin,Tammy,Baldwin,F,1962-02-11,current,116,senate,WI,,1,Democrat,2019-01-03,2025-01-03,2019-01-03,2021-01-03,2019-01-03,2021-01-03
J000293,SenRonJohnson,Ron Johnson,Ron,Johnson,M,1955-04-08,current,116,senate,WI,,3,Republican,2017-01-03,2023-01-03,2019-01-03,2021-01-03,2019-01-03,2021-01-03
C001047,SenCapito,Shelley Moore Capito,Shelley,Capito,F,1953-11-26,current,116,senate,WV,,2,Republican,2015-01-06,2021-01-03,2019-01-03,2021-01-03,2019-01-03,2021-01-03
M001183,,"Joe Manchin, III",Joe,Manchin,M,1947-08-24,historical,116,senate,WV,,1,Independent,2019-01-03,2025-01-03,2019-01-03,2021-01-03,2019-01-03,2021-01-03
B001261,SenJohnBarrasso,John Barrasso,John,Barrasso,M,1952-07-21,current,116,senate,WY,,1,Republican,2019-01-03,2025-01-03,2019-01-03,2021-01-03,2019-01-03,2021-01-03
E000285,,Michael B. Enzi,Michael,Enzi,M,1944-02-01,historical,116,senate,WY,,2,Republican,2015-01-06,2021-01-03,2019-01-03,2021-01-03,2019-01-03,2021-01-03
P000619,,Mary Sattler Peltola,Mary,Peltola,F,1973-08-31,historical,117,house,AK,0,,Democrat,2022-09-13,2023-01-03,2021-01-03,2023-01-03,2022-09-13,2023-01-03
Y000033,,Don Young,Don,Young,M,1933-06-09,historical,117,house,AK,0,,Republican,2021-01-03,2022-03-18,2021-01-03,2023-01-03,2021-01-03,2022-03-18
A000055,Robert_Aderholt,Robert B. Aderholt,Robert,Aderholt,M,1965-07-22,current,117,house,AL,4,,Republican,2021-01-03,2023-01-03,2021-01-03,2023-01-03,2021-01-03,2023-01-03
B001274,,Mo Brooks,Mo,Brooks,M,1954-04-29,historical,117,house,AL,5,,Republican,2021-01-03,2023-01-03,2021-01-03,2023-01-03,2021-01-03,2023-01-03
C001054,,Jerry L. Carl,Jerry,Carl,M,1958-06-17,historical,117,house,AL,1,,Republican,2021-01-03,2023-01-03,2021-01-03,2023-01-03,2021-01-03,2023-01-03
M001212,RepBarryMoore,Barry Moore,Barry,Moore,M,1966-09-26,current,117,house,AL,2,,Republican,2021-01-03,2023-01-03,2021-01-03,2023-01-03,2021-01-03,2023-01-03
P000609,USRepGaryPalmer,Gary J. Palmer,Gary,Palmer,M,1954-05-14,current,117,house,AL,6,,Republican,2021-01-03,2023-01-03,2021-01-03,2023-01-03,2021-01-03,2023-01-03
R000575,RepMikeRogersAL,Mike Rogers,Mike,Rogers,M,1958-07-16,current,117,house,AL,3,,Republican,2021-01-03,2023-01-03,2021-01-03,2023-01-03,2021-01-03,2023-01-03
S001185,RepTerriSewell,Terri A. Sewell,Terri,Sewell,F,1965-01-01,current,117,house,AL,7,,Democrat,2021-01-03,2023-01-03,2021-01-03,2023-01-03,2021-01-03,2023-01-03
C001087,RepRickCrawford,"Eric A. ""Rick"" Crawford",Eric,Crawford,M,1966-01-22,current,117,house,AR,1,,Republican,2021-01-03,2023-01-03,2021-01-03,2023-01-03,2021-01-03,2023-01-03
H001072,RepFrenchHill,J. French Hill,J.,Hill,M,1956-12-05,current,117,house,AR,2,,Republican,2021-01-03,2023-01-03,2021-01-03,2023-01-03,2021-01-03,2023-01-03
W000821,RepWesterman,Bruce Westerman,Bruce,Westerman,M,1967-11-18,current,117,house,AR,4,,Republican,2021-01-03,2023-01-03,2021-01-03,2023-01-03,2021-01-03,2023-01-03
W000809,Rep_SteveWomack,Steve Womack,Steve,Womack,M,1957-02-18,current,117,house,AR,3,,Republican,2021-01-03,2023-01-03,2021-01-03,2023-01-03,2021-01-03,2023-01-03
R000600,RepAmata,Aumua Amata Coleman Radewagen,Aumua Amata,Radewagen,F,1947-12-29,current,117,house,AS,0,,Republican,2021-01-03,2023-01-03,2021-01-03,2023-01-03,2021-01-03,2023-01-03
B001302,RepAndyBiggsAZ,Andy Biggs,Andy,Biggs,M,1958-11-07,current,117,house,AZ,5,,Republican,2021-01-03,2023-01-03,2021-01-03,2023-01-03,2021-01-03,2023-01-03
G000574,RepRubenGallego,Ruben Gallego,Ruben,Gallego,M,1979-11-20,current,117,house,AZ,7,,Democrat,2021-01-03,2023-01-03,2021-01-03,2023-01-03,2021-01-03,2023-01-03
G000565,RepGosar,Paul A. Gosar,Paul,Gosar,M,1958-11-22,current,117,house,AZ,4,,Republican,2021-01-03,2023-01-03,2021-01-03,2023-01-03,2021-01-03,2023-01-03
G000551,,Raúl M. Grijalva,Raúl,Grijalva,M,1948-02-19,historical,117,house,AZ,3,,Democrat,2021-01-03,2023-01-03,2021-01-03,2023-01-03,2021-01-03,2023-01-03
K000368,,Ann Kirkpatrick,Ann,Kirkpatrick,F,1950-03-24,historical,117,house,AZ,2,,Democrat,2021-01-03,2023-01-03,2021-01-03,2023-01-03,2021-01-03,2023-01-03
L000589,,Debbie Lesko,Debbie,Lesko,F,1958-11-14,historical,117,house,AZ,8,,Republican,2021-01-03,2023-01-03,2021-01-03,2023-01-03,2021-01-03,2023-01-03
O000171,,Tom O’Halleran,Tom,O’Halleran,M,1946-01-24,historical,117,house,AZ,1,,Democrat,2021-01-03,2023-01-03,2021-01-03,2023-01-03,2021-01-03,2023-01-03
S001183,RepDavid,David Schweikert,David,Schweikert,M,1962-03-03,current,117,house,AZ,6,,Republican,2021-01-03,2023-01-03,2021-01-03,2023-01-03,2021-01-03,2023-01-03
S001211,RepGregStanton,Greg Stanton,Greg,Stanton,M,1970-03-08,current,117,house,AZ,9,,Democrat,2021-01-03,2023-01-03,2021-01-03,2023-01-03,2021-01-03,2023-01-03
A000371,RepPeteAguilar,Pete Aguilar,Pete,Aguilar,M,1979-06-19,current,117,house,CA,31,,Democrat,2021-01-03,2023-01-03,2021-01-03,2023-01-03,2021-01-03,2023-01-03
B001300,RepBarragan,Nanette Diaz Barragán,Nanette,Barragán,F,1976-09-15,current,117,house,CA,44,,Democrat,2021-01-03,2023-01-03,2021-01-03,2023-01-03,2021-01-03,2023-01-03
B001270,,Karen Bass,Karen,Bass,F,1953-10-03,historical,117,house,CA,37,,Democrat,2021-01-03,2023-01-03,2021-01-03,2023-01-03,2021-01-03,2023-01-03
B001287,RepBera,Ami Bera,Ami,Bera,M,1965-03-02,current,117,house,CA,7,,Democrat,2021-01-03,2023-01-03,2021-01-03,2023-01-03,2021-01-03,2023-01-03
B001285,RepBrownley,Julia Brownley,Julia,Brownley,F,1952-08-28,current,117,house,CA,26,,Democrat,2021-01-03,2023-01-03,2021-01-03,2023-01-03,2021-01-03,2023-01-03
C000059,KenCalvert,Ken Calvert,Ken,Calvert,M,1953-06-08,current,117,house,CA,42,,Republican,2021-01-03,2023-01-03,2021-01-03,2023-01-03,2021-01-03,2023-01-03
C001112,RepCarbajal,Salud O. Carbajal,Salud,Carbajal,M,1964-11-18,current,117,house,CA,24,,Democrat,2021-01-03,2023-01-03,2021-01-03,2023-01-03,2021-01-03,2023-01-03
C001080,RepJudyChu,Judy Chu,Judy,Chu,F,1953-07-07,current,117,house,CA,27,,Democrat,2021-01-03,2023-01-03,2021-01-03,2023-01-03,2021-01-03,2023-01-03
C001128,,Connie Conway,Connie,Conway,F,1950-09-25,historical,117,house,CA,22,,Republican,2022-06-07,2023-01-03,2021-01-03,2023-01-03,2022-06-07,2023-01-03
C001110,RepLouCorrea,J. Luis Correa,J.,Correa,M,1958-01-24,current,117,house,CA,46,,Democrat,2021-01-03,2023-01-03,2021-01-03,2023-01-03,2021-01-03,2023-01-03
C001059,RepJimCosta,Jim Costa,Jim,Costa,M,1952-04-13,current,117,house,CA,16,,Democrat,2021-01-03,2023-01-03,2021-01-03,2023-01-03,2021-01-03,2023-01-03
C001097,,Tony Cárdenas,Tony,Cárdenas,M,1963-03-31,historical,117,house,CA,29,,Democrat,2021-01-03,2023-01-03,2021-01-03,2023-01-03,2021-01-03,2023-01-03
D000623,RepDeSaulnier,Mark DeSaulnier,Mark,DeSaulnier,M,1952-03-31,current,117,house,CA,11,,Democrat,2021-01-03,2023-01-03,2021-01-03,2023-01-03,2021-01-03,2023-01-03
E000215,,Anna G. Eshoo,Anna,Eshoo,F,1942-12-13,historical,117,house,CA,18,,Democrat,2021-01-03,2023-01-03,2021-01-03,2023-01-03,2021-01-03,2023-01-03
G000559,RepGaramendi,John Garamendi,John,Garamendi,M,1945-01-24,current,117,house,CA,3,,Democrat,2021-01-03,2023-01-03,2021-01-03,2023-01-03,2021-01-03,2023-01-03
G000061,,Mike Garcia,Mike,Garcia,M,1976-04-24,historical,117,house,CA,25,,Republican,2021-01-03,2023-01-03,2021-01-03,2023-01-03,2021-01-03,2023-01-03
G000585,RepJimmyGomez,Jimmy Gomez,Jimmy,Gomez,M,1974-11-25,current,117,house,CA,34,,Democrat,2021-01-03,2023-01-03,2021-01-03,2023-01-03,2021-01-03,2023-01-03
H001090,RepJoshHarder,Josh Harder,Josh,Harder,M,1986-08-01,current,117,house,CA,10,,Democrat,2021-01-03,2023-01-03,2021-01-03,2023-01-03,2021-01-03,2023-01-03
H001068,RepHuffman,Jared Huffman,Jared,Huffman,M,1964-02-18,current,117,house,CA,2,,Democrat,2021-01-03,2023-01-03,2021-01-03,2023-01-03,2021-01-03,2023-01-03
I000056,repdarrellissa,Darrell Issa,Darrell,Issa,M,1953-11-01,current,117,house,CA,50,,Republican,2021-01-03,2023-01-03,2021-01-03,2023-01-03,2021-01-03,2023-01-03
J000305,RepSaraJacobs,Sara Jacobs,Sara,Jacobs,F,1989-02-01,current,117,house,CA,53,,Democrat,2021-01-03,2023-01-03,2021-01-03,2023-01-03,2021-01-03,2023-01-03
K000389,RepRoKhanna,Ro Khanna,Ro,Khanna,M,1976-09-13,current,117,house,CA,17,,Democrat,2021-01-03,2023-01-03,2021-01-03,2023-01-03,2021-01-03,2023-01-03
K000397,RepYoungKim,Young Kim,Young,Kim,F,1962-10-18,current,117,house,CA,39,,Republican,2021-01-03,2023-01-03,2021-01-03,2023-01-03,2021-01-03,2023-01-03
L000578,,Doug LaMalfa,Doug,LaMalfa,M,1960-07-02,historical,117,house,CA,1,,Republican,2021-01-03,2023-01-03,2021-01-03,2023-01-03,2021-01-03,2023-01-03
L000551,,Barbara Lee,Barbara,Lee,F,1946-07-16,historical,117,house,CA,13,,Democrat,2021-01-03,2023-01-03,2021-01-03,2023-01-03,2021-01-03,2023-01-03
L000593,RepMikeLevin,Mike Levin,Mike,Levin,M,1978-10-28,current,117,house,CA,49,,Democrat,2021-01-03,2023-01-03,2021-01-03,2023-01-03,2021-01-03,2023-01-03
L000582,RepTedLieu,Ted Lieu,Ted,Lieu,M,1969-03-29,current,117,house,CA,33,,Democrat,2021-01-03,2023-01-03,2021-01-03,2023-01-03,2021-01-03,2023-01-03
L000397,RepZoeLofgren,Zoe Lofgren,Zoe,Lofgren,F,1947-12-21,current,117,house,CA,19,,Democrat,2021-01-03,2023-01-03,2021-01-03,2023-01-03,2021-01-03,2023-01-03
L000579,,Alan S. Lowenthal,Alan,Lowenthal,M,1941-03-08,historical,117,house,CA,47,,Democrat,2021-01-03,2023-01-03,2021-01-03,2023-01-03,2021-01-03,2023-01-03
M001163,DorisMatsui,Doris O. Matsui,Doris,Matsui,F,1944-09-25,current,117,house,CA,6,,Democrat,2021-01-03,2023-01-03,2021-01-03,2023-01-03,2021-01-03,2023-01-03
M001165,,Kevin McCarthy,Kevin,McCarthy,M,1965-01-26,historical,117,house,CA,23,,Republican,2021-01-03,2023-01-03,2021-01-03,2023-01-03,2021-01-03,2023-01-03
M001177,RepMcClintock,Tom McClintock,Tom,McClintock,M,1956-07-10,current,117,house,CA,4,,Republican,2021-01-03,2023-01-03,2021-01-03,2023-01-03,2021-01-03,2023-01-03
M001166,,Jerry McNerney,Jerry,McNerney,M,1951-06-18,historical,117,house,CA,9,,Democrat,2021-01-03,2023-01-03,2021-01-03,2023-01-03,2021-01-03,2023-01-03
N000179,,Grace F. Napolitano,Grace,Napolitano,F,1936-12-04,historical,117,house,CA,32,,Democrat,2021-01-03,2023-01-03,2021-01-03,2023-01-03,2021-01-03,2023-01-03
N000181,,Devin Nunes,Devin,Nunes,M,1973-10-01,historical,117,house,CA,22,,Republican,2021-01-03,2022-01-03,2021-01-03,2023-01-03,2021-01-03,2022-01-03
O000019,JayObernolte,Jay Obernolte,Jay,Obernolte,M,1970-08-18,current,117,house,CA,8,,Republican,2021-01-03,2023-01-03,2021-01-03,2023-01-03,2021-01-03,2023-01-03
P000613,RepJimmyPanetta,Jimmy Panetta,Jimmy,Panetta,M,1969-10-01,current,117,house,CA,20,,Democrat,2021-01-03,2023-01-03,2021-01-03,2023-01-03,2021-01-03,2023-01-03
P000197,SpeakerPelosi,Nancy Pelosi,Nancy,Pelosi,F,1940-03-26,current,117,house,CA,12,,Democrat,2021-01-03,2023-01-03,2021-01-03,2023-01-03,2021-01-03,2023-01-03
P000608,RepScottPeters,Scott H. Peters,Scott,Peters,M,1958-06-17,current,117,house,CA,52,,Democrat,2021-01-03,2023-01-03,2021-01-03,2023-01-03,2021-01-03,2023-01-03
P000618,,Katie Porter,Katie,Porter,F,1974-01-03,historical,117,house,CA,45,,Democrat,2021-01-03,2023-01-03,2021-01-03,2023-01-03,2021-01-03,2023-01-03
R000486,,Lucille Roybal-Allard,Lucille,Roybal-Allard,F,1941-06-12,historical,117,house,CA,40,,Democrat,2021-01-03,2023-01-03,2021-01-03,2023-01-03,2021-01-03,2023-01-03
R000599,RepRaulRuizMD,Raul Ruiz,Raul,Ruiz,M,1972-08-25,current,117,house,CA,36,,Democrat,2021-01-03,2023-01-03,2021-01-03,2023-01-03,2021-01-03,2023-01-03
S001150,SenAdamSchiff,Adam B. Schiff,Adam,Schiff,M,1960-06-22,current,117,house,CA,28,,Democrat,2021-01-03,2023-01-03,2021-01-03,2023-01-03,2021-01-03,2023-01-03
S000344,BradSherman,Brad Sherman,Brad,Sherman,M,1954-10-24,current,117,house,CA,30,,Democrat,2021-01-03,2023-01-03,2021-01-03,2023-01-03,2021-01-03,2023-01-03
S001175,,Jackie Speier,Jackie,Speier,F,1950-05-14,historical,117,house,CA,14,,Democrat,2021-01-03,2023-01-03,2021-01-03,2023-01-03,2021-01-03,2023-01-03
S001135,,Michelle Steel,Michelle,Steel,F,1955-06-21,historical,117,house,CA,48,,Republican,2021-01-03,2023-01-03,2021-01-03,2023-01-03,2021-01-03,2023-01-03
S001193,RepSwalwell,Eric Swalwell,Eric,Swalwell,M,1980-11-16,current,117,house,CA,15,,Democrat,2021-01-03,2023-01-03,2021-01-03,2023-01-03,2021-01-03,2023-01-03
S001156,RepLindaSanchez,Linda T. Sánchez,Linda,Sánchez,F,1969-01-28,current,117,house,CA,38,,Democrat,2021-01-03,2023-01-03,2021-01-03,2023-01-03,2021-01-03,2023-01-03
T000472,RepMarkTakano,Mark Takano,Mark,Takano,M,1960-12-10,current,117,house,CA,41,,Democrat,2021-01-03,2023-01-03,2021-01-03,2023-01-03,2021-01-03,2023-01-03
T000460,RepThompson,Mike Thompson,Mike,Thompson,M,1951-01-24,current,117,house,CA,5,,Democrat,2021-01-03,2023-01-03,2021-01-03,2023-01-03,2021-01-03,2023-01-03
T000474,NormaJTorres,Norma J. Torres,Norma,Torres,F,1965-04-04,current,117,house,CA,35,,Democrat,2021-01-03,2023-01-03,2021-01-03,2023-01-03,2021-01-03,2023-01-03
V000129,RepDavidValadao,David G. Valadao,David,Valadao,M,1977-04-14,current,117,house,CA,21,,Republican,2021-01-03,2023-01-03,2021-01-03,2023-01-03,2021-01-03,2023-01-03
V000130,RepJuanVargas,Juan Vargas,Juan,Vargas,M,1961-03-07,current,117,house,CA,51,,Democrat,2021-01-03,2023-01-03,2021-01-03,2023-01-03,2021-01-03,2023-01-03
W000187,RepMaxineWaters,Maxine Waters,Maxine,Waters,F,1938-08-15,current,117,house,CA,43,,Democrat,2021-01-03,2023-01-03,2021-01-03,2023-01-03,2021-01-03,2023-01-03
B000825,RepBoebert,Lauren Boebert,Lauren,Boebert,F,1986-12-15,current,117,house,CO,3,,Republican,2021-01-03,2023-01-03,2021-01-03,2023-01-03,2021-01-03,2023-01-03
B001297,,Ken Buck,Ken,Buck,M,1959-02-16,historical,117,house,CO,4,,Republican,2021-01-03,2023-01-03,2021-01-03,2023-01-03,2021-01-03,2023-01-03
C001121,RepJasonCrow,Jason Crow,Jason,Crow,M,1979-03-15,current,117,house,CO,6,,Democrat,2021-01-03,2023-01-03,2021-01-03,2023-01-03,2021-01-03,2023-01-03
D000197,RepDianaDeGette,Diana DeGette,Diana,DeGette,F,1957-07-29,current,117,house,CO,1,,Democrat,2021-01-03,2023-01-03,2021-01-03,2023-01-03,2021-01-03,2023-01-03
L000564,,Doug Lamborn,Doug,Lamborn,M,1954-05-24,historical,117,house,CO,5,,Republican,2021-01-03,2023-01-03,2021-01-03,2023-01-03,2021-01-03,2023-01-03
N000191,RepJoeNeguse,Joe Neguse,Joe,Neguse,M,1984-05-13,current,117,house,CO,2,,Democrat,2021-01-03,2023-01-03,2021-01-03,2023-01-03,2021-01-03,2023-01-03
P000593,,Ed Perlmutter,Ed,Perlmutter,M,1953-05-01,historical,117,house,CO,7,,Democrat,2021-01-03,2023-01-03,2021-01-03,2023-01-03,2021-01-03,2023-01-03
C001069,RepJoeCourtney,Joe Courtney,Joe,Courtney,M,1953-04-06,current,117,house,CT,2,,Democrat,2021-01-03,2023-01-03,2021-01-03,2023-01-03,2021-01-03,2023-01-03
D000216,RosaDeLauro,Rosa L. DeLauro,Rosa,DeLauro,F,1943-03-02,current,117,house,CT,3,,Democrat,2021-01-03,2023-01-03,2021-01-03,2023-01-03,2021-01-03,2023-01-03
H001081,RepJahanaHayes,Jahana Hayes,Jahana,Hayes,F,1973-03-08,current,117,house,CT,5,,Democrat,2021-01-03,2023-01-03,2021-01-03,2023-01-03,2021-01-03,2023-01-03
H001047,jahimes,James A. Himes,James,Himes,M,1966-07-05,current,117,house,CT,4,,Democrat,2021-01-03,2023-01-03,2021-01-03,2023-01-03,2021-01-03,2023-01-03
L000557,RepJohnLarson,John B. Larson,John,Larson,M,1948-07-22,current,117,house,CT,1,,Democrat,2021-01-03,2023-01-03,2021-01-03,2023-01-03,2021-01-03,2023-01-03
N000147,EleanorNorton,Eleanor Holmes Norton,Eleanor,Norton,F,1937-06-13,current,117,house,DC,0,,Democrat,2021-01-03,2023-01-03,2021-01-03,2023-01-03,2021-01-03,2023-01-03
B001303,SenLBR,Lisa Blunt Rochester,Lisa,Blunt Rochester,F,1962-02-10,current,117,house,DE,0,,Democrat,2021-01-03,2023-01-03,2021-01-03,2023-01-03,2021-01-03,2023-01-03
B001257,RepGusBilirakis,Gus M. Bilirakis,Gus,Bilirakis,M,1963-02-08,current,117,house,FL,12,,Republican,2021-01-03,2023-01-03,2021-01-03,2023-01-03,2021-01-03,2023-01-03
B001260,VernBuchanan,Vern Buchanan,Vern,Buchanan,M,1951-05-08,current,117,house,FL,16,,Republican,2021-01-03,2023-01-03,2021-01-03,2023-01-03,2021-01-03,2023-01-03
C001039,RepKatCammack,Kat Cammack,Katherine,Cammack,F,1988-02-16,current,117,house,FL,3,,Republican,2021-01-03,2023-01-03,2021-01-03,2023-01-03,2021-01-03,2023-01-03
C001066,USRepKCastor,Kathy Castor,Kathy,Castor,F,1966-08-20,current,117,house,FL,14,,Democrat,2021-01-03,2023-01-03,2021-01-03,2023-01-03,2021-01-03,2023-01-03
C001127,,Sheila Cherfilus-McCormick,Sheila,Cherfilus-McCormick,F,1979-01-25,current,117,house,FL,20,,Democrat,2022-01-18,2023-01-03,2021-01-03,2023-01-03,2022-01-18,2023-01-03
C001111,,Charlie Crist,Charlie,Crist,M,1956-07-24,historical,117,house,FL,13,,Democrat,2021-01-03,2022-08-31,2021-01-03,2023-01-03,2021-01-03,2022-08-31
D000627,,Val Butler Demings,Val,Demings,F,1957-03-12,historical,117,house,FL,10,,Democrat,2021-01-03,2023-01-03,2021-01-03,2023-01-03,2021-01-03,2023-01-03
D000610,,Theodore E. Deutch,Theodore,Deutch,M,1966-05-07,historical,117,house,FL,22,,Democrat,2021-01-03,2022-09-30,2021-01-03,2023-01-03,2021-01-03,2022-09-30
D000600,MarioDB,Mario Diaz-Balart,Mario,Diaz-Balart,M,1961-09-25,current,117,house,FL,25,,Republican,2021-01-03,2023-01-03,2021-01-03,2023-01-03,2021-01-03,2023-01-03
D000032,RepDonaldsPress,Byron Donalds,Byron,Donalds,M,1978-10-28,current,117,house,FL,19,,Republican,2021-01-03,2023-01-03,2021-01-03,2023-01-03,2021-01-03,2023-01-03
D000628,DrNealDunnFL2,Neal P. Dunn,Neal,Dunn,M,1953-02-16,current,117,house,FL,2,,Republican,2021-01-03,2023-01-03,2021-01-03,2023-01-03,2021-01-03,2023-01-03
F000462,RepLoisFrankel,Lois Frankel,Lois,Frankel,F,1948-05-16,current,117,house,FL,21,,Democrat,2021-01-03,2023-01-03,2021-01-03,2023-01-03,2021-01-03,2023-01-03
F000472,RepFranklin,Scott Franklin,C.,Franklin,M,1964-08-23,current,117,house,FL,15,,Republican,2021-01-03,2023-01-03,2021-01-03,2023-01-03,2021-01-03,2023-01-03
G000578,,Matt Gaetz,Matt,Gaetz,M,1982-05-07,historical,117,house,FL,1,,Republican,2021-01-03,2023-01-03,2021-01-03,2023-01-03,2021-01-03,2023-01-03
G000593,RepCarlos,Carlos A. Gimenez,Carlos,Gimenez,M,1954-01-17,current,117,house,FL,26,,Republican,2021-01-03,2023-01-03,2021-01-03,2023-01-03,2021-01-03,2023-01-03
H000324,,Alcee L. Hastings,Alcee,Hastings,M,1936-09-05,historical,117,house,FL,20,,Democrat,2021-01-03,2021-04-06,2021-01-03,2023-01-03,2021-01-03,2021-04-06
L000586,,"Al Lawson, Jr.",Al,Lawson,M,1948-09-23,historical,117,house,FL,5,,Democrat,2021-01-03,2023-01-03,2021-01-03,2023-01-03,2021-01-03,2023-01-03
M001199,RepBrianMast,Brian J. Mast,Brian,Mast,M,1980-07-10,current,117,house,FL,18,,Republican,2021-01-03,2023-01-03,2021-01-03,2023-01-03,2021-01-03,2023-01-03
M001202,,Stephanie N. Murphy,Stephanie,Murphy,F,1978-09-16,historical,117,house,FL,7,,Democrat,2021-01-03,2023-01-03,2021-01-03,2023-01-03,2021-01-03,2023-01-03
P000599,,Bill Posey,Bill,Posey,M,1947-12-18,historical,117,house,FL,8,,Republican,2021-01-03,2023-01-03,2021-01-03,2023-01-03,2021-01-03,2023-01-03
R000609,RepRutherfordFL,John H. Rutherford,John,Rutherford,M,1952-09-02,current,117,house,FL,4,,Republican,2021-01-03,2023-01-03,2021-01-03,2023-01-03,2021-01-03,2023-01-03
S000168,RepMariaSalazar,Maria Elvira Salazar,Maria,Salazar,F,1961-11-01,current,117,house,FL,27,,Republican,2021-01-03,2023-01-03,2021-01-03,2023-01-03,2021-01-03,2023-01-03
S001200,RepDarrenSoto,Darren Soto,Darren,Soto,M,1978-02-25,current,117,house,FL,9,,Democrat,2021-01-03,2023-01-03,2021-01-03,2023-01-03,2021-01-03,2023-01-03
S001214,RepGregSteube,W. Gregory Steube,W.,Steube,M,1978-05-19,current,117,house,FL,17,,Republican,2021-01-03,2023-01-03,2021-01-03,2023-01-03,2021-01-03,2023-01-03
W000823,,Michael Waltz,Michael,Waltz,M,1974-01-31,historical,117,house,FL,6,,Republican,2021-01-03,2023-01-03,2021-01-03,2023-01-03,2021-01-03,2023-01-03
W000797,RepDWStweets,Debbie Wasserman Schultz,Debbie,Wasserman Schultz,F,1966-09-27,current,117,house,FL,23,,Democrat,2021-01-03,2023-01-03,2021-01-03,2023-01-03,2021-01-03,2023-01-03
W000806,RepWebster,Daniel Webster,Daniel,Webster,M,1949-04-27,current,117,house,FL,11,,Republican,2021-01-03,2023-01-03,2021-01-03,2023-01-03,2021-01-03,2023-01-03
W000808,RepWilson,Frederica S. Wilson,Frederica,Wilson,F,1942-11-05,current,117,house,FL,24,,Democrat,2021-01-03,2023-01-03,2021-01-03,2023-01-03,2021-01-03,2023-01-03
A000372,RepRickAllen,Rick W. Allen,Rick,Allen,M,1951-11-07,current,117,house,GA,12,,Republican,2021-01-03,2023-01-03,2021-01-03,2023-01-03,2021-01-03,2023-01-03
B000490,SanfordBishop,"Sanford D. Bishop, Jr.",Sanford,Bishop,M,1947-02-04,current,117,house,GA,2,,Democrat,2021-01-03,2023-01-03,2021-01-03,2023-01-03,2021-01-03,2023-01-03
B001312,,Carolyn Bourdeaux,Carolyn,Bourdeaux,F,1970-06-03,historical,117,house,GA,7,,Democrat,2021-01-03,2023-01-03,2021-01-03,2023-01-03,2021-01-03,2023-01-03
C001103,RepBuddyCarter,"Earl L. ""Buddy"" Carter",Earl,Carter,M,1957-09-06,current,117,house,GA,1,,Republican,2021-01-03,2023-01-03,2021-01-03,2023-01-03,2021-01-03,2023-01-03
C001116,Rep_Clyde,Andrew S. Clyde,Andrew,Clyde,M,1963-11-22,current,117,house,GA,9,,Republican,2021-01-03,2023-01-03,2021-01-03,2023-01-03,2021-01-03,2023-01-03
F000465,,A. Drew Ferguson IV,A.,Ferguson,M,1966-11-15,historical,117,house,GA,3,,Republican,2021-01-03,2023-01-03,2021-01-03,2023-01-03,2021-01-03,2023-01-03
G000596,,Marjorie Taylor Greene,Marjorie,Greene,F,1974-05-27,historical,117,house,GA,14,,Republican,2021-01-03,2023-01-03,2021-01-03,2023-01-03,2021-01-03,2023-01-03
H001071,,Jody B. Hice,Jody,Hice,M,1960-04-22,historical,117,house,GA,10,,Republican,2021-01-03,2023-01-03,2021-01-03,2023-01-03,2021-01-03,2023-01-03
J000288,RepHankJohnson,"Henry C. ""Hank"" Johnson, Jr.",Henry,Johnson,M,1954-10-02,current,117,house,GA,4,,Democrat,2021-01-03,2023-01-03,2021-01-03,2023-01-03,2021-01-03,2023-01-03
L000583,RepLoudermilk,Barry Loudermilk,Barry,Loudermilk,M,1963-12-22,current,117,house,GA,11,,Republican,2021-01-03,2023-01-03,2021-01-03,2023-01-03,2021-01-03,2023-01-03
M001208,RepLucyMcBath,Lucy McBath,Lucy,McBath,F,1960-06-01,current,117,house,GA,6,,Democrat,2021-01-03,2023-01-03,2021-01-03,2023-01-03,2021-01-03,2023-01-03
S001189,AustinScottGA08,Austin Scott,Austin,Scott,M,1969-12-10,current,117,house,GA,8,,Republican,2021-01-03,2023-01-03,2021-01-03,2023-01-03,2021-01-03,2023-01-03
S001157,RepDavidScott,David Scott,David,Scott,M,1945-06-27,current,117,house,GA,13,,Democrat,2021-01-03,2023-01-03,2021-01-03,2023-01-03,2021-01-03,2023-01-03
W000788,RepNikema,Nikema Williams,Nikema,Williams,F,1978-07-30,current,117,house,GA,5,,Democrat,2021-01-03,2023-01-03,2021-01-03,2023-01-03,2021-01-03,2023-01-03
S001204,,Michael F. Q. San Nicolas,Michael,San Nicolas,M,1981-01-30,historical,117,house,GU,0,,Democrat,2021-01-03,2023-01-03,2021-01-03,2023-01-03,2021-01-03,2023-01-03
C001055,RepEdCase,Ed Case,Ed,Case,M,1952-09-27,current,117,house,HI,1,,Democrat,2021-01-03,2023-01-03,2021-01-03,2023-01-03,2021-01-03,2023-01-03
K000396,,Kaiali’i Kahele,Kaialiʻi,Kahele,M,1974-03-28,historical,117,house,HI,2,,Democrat,2021-01-03,2023-01-03,2021-01-03,2023-01-03,2021-01-03,2023-01-03
A000378,,Cynthia Axne,Cynthia,Axne,F,1965-04-20,historical,117,house,IA,3,,Democrat,2021-01-03,2023-01-03,2021-01-03,2023-01-03,2021-01-03,2023-01-03
F000446,RepFeenstra,Randy Feenstra,Randy,Feenstra,M,1969-01-14,current,117,house,IA,4,,Republican,2021-01-03,2023-01-03,2021-01-03,2023-01-03,2021-01-03,2023-01-03
H001091,RepAshleyHinson,Ashley Hinson,Ashley,Hinson,F,1983-06-27,current,117,house,IA,1,,Republican,2021-01-03,2023-01-03,2021-01-03,2023-01-03,2021-01-03,2023-01-03
M001215,RepMMM,Mariannette Miller-Meeks,Mariannette,Miller-Meeks,F,1955-09-06,current,117,house,IA,2,,Republican,2021-01-03,2023-01-03,2021-01-03,2023-01-03,2021-01-03,2023-01-03
F000469,RepRussFulcher,Russ Fulcher,Russ,Fulcher,M,1973-07-19,current,117,house,ID,1,,Republican,2021-01-03,2023-01-03,2021-01-03,2023-01-03,2021-01-03,2023-01-03
S001148,CongMikeSimpson,Michael K. Simpson,Michael,Simpson,M,1950-09-08,current,117,house,ID,2,,Republican,2021-01-03,2023-01-03,2021-01-03,2023-01-03,2021-01-03,2023-01-03
B001295,RepBost,Mike Bost,Mike,Bost,M,1960-12-30,current,117,house,IL,12,,Republican,2021-01-03,2023-01-03,2021-01-03,2023-01-03,2021-01-03,2023-01-03
B001286,,Cheri Bustos,Cheri,Bustos,F,1961-10-17,historical,117,house,IL,17,,Democrat,2021-01-03,2023-01-03,2021-01-03,2023-01-03,2021-01-03,2023-01-03
C001117,RepCasten,Sean Casten,Sean,Casten,M,1971-11-23,current,117,house,IL,6,,Democrat,2021-01-03,2023-01-03,2021-01-03,2023-01-03,2021-01-03,2023-01-03
D000096,RepDannyDavis,Danny K. Davis,Danny,Davis,M,1941-09-06,current,117,house,IL,7,,Democrat,2021-01-03,2023-01-03,2021-01-03,2023-01-03,2021-01-03,2023-01-03
D000619,,Rodney Davis,Rodney,Davis,M,1970-01-05,historical,117,house,IL,13,,Republican,2021-01-03,2023-01-03,2021-01-03,2023-01-03,2021-01-03,2023-01-03
F000454,RepBillFoster,Bill Foster,Bill,Foster,M,1955-10-07,current,117,house,IL,11,,Democrat,2021-01-03,2023-01-03,2021-01-03,2023-01-03,2021-01-03,2023-01-03
G000586,RepChuyGarcia,"Jesús G. ""Chuy"" García",Jesús,García,M,1956-04-12,current,117,house,IL,4,,Democrat,2021-01-03,2023-01-03,2021-01-03,2023-01-03,2021-01-03,2023-01-03
K000385,RepRobinKelly,Robin L. Kelly,Robin,Kelly,F,1956-04-30,current,117,house,IL,2,,Democrat,2021-01-03,2023-01-03,2021-01-03,2023-01-03,2021-01-03,2023-01-03
K000378,,Adam Kinzinger,Adam,Kinzinger,M,1978-02-27,historical,117,house,IL,16,,Republican,2021-01-03,2023-01-03,2021-01-03,2023-01-03,2021-01-03,2023-01-03
K000391,CongressmanRaja,Raja Krishnamoorthi,Raja,Krishnamoorthi,M,1973-07-19,current,117,house,IL,8,,Democrat,2021-01-03,2023-01-03,2021-01-03,2023-01-03,2021-01-03,2023-01-03
L000585,RepLaHood,Darin LaHood,Darin,LaHood,M,1968-07-05,current,117,house,IL,18,,Republican,2021-01-03,2023-01-03,2021-01-03,2023-01-03,2021-01-03,2023-01-03
M001211,RepMaryMiller,Mary E. Miller,Mary,Miller,F,1959-08-27,current,117,house,IL,15,,Republican,2021-01-03,2023-01-03,2021-01-03,2023-01-03,2021-01-03,2023-01-03
N000192,,Marie Newman,Marie,Newman,F,1964-04-13,historical,117,house,IL,3,,Democrat,2021-01-03,2023-01-03,2021-01-03,2023-01-03,2021-01-03,2023-01-03
Q000023,RepMikeQuigley,Mike Quigley,Mike,Quigley,M,1958-10-17,current,117,house,IL,5,,Democrat,2021-01-03,2023-01-03,2021-01-03,2023-01-03,2021-01-03,2023-01-03
R000515,,Bobby L. Rush,Bobby,Rush,M,1946-11-23,historical,117,house,IL,1,,Democrat,2021-01-03,2023-01-03,2021-01-03,2023-01-03,2021-01-03,2023-01-03
S001145,JanSchakowsky,Janice D. Schakowsky,Janice,Schakowsky,F,1944-05-26,current,117,house,IL,9,,Democrat,2021-01-03,2023-01-03,2021-01-03,2023-01-03,2021-01-03,2023-01-03
S001190,RepSchneider,Bradley Scott Schneider,Bradley,Schneider,M,1961-08-20,current,117,house,IL,10,,Democrat,2021-01-03,2023-01-03,2021-01-03,2023-01-03,2021-01-03,2023-01-03
U000040,RepUnderwood,Lauren Underwood,Lauren,Underwood,F,1986-10-04,current,117,house,IL,14,,Democrat,2021-01-03,2023-01-03,2021-01-03,2023-01-03,2021-01-03,2023-01-03
B001307,RepJimBaird,James R. Baird,James,Baird,M,1945-06-04,current,117,house,IN,4,,Republican,2021-01-03,2023-01-03,2021-01-03,2023-01-03,2021-01-03,2023-01-03
B001299,RepJimBanks,Jim Banks,Jim,Banks,M,1979-07-16,current,117,house,IN,3,,Republican,2021-01-03,2023-01-03,2021-01-03,2023-01-03,2021-01-03,2023-01-03
B001275,,Larry Bucshon,Larry,Bucshon,M,1962-05-31,historical,117,house,IN,8,,Republican,2021-01-03,2023-01-03,2021-01-03,2023-01-03,2021-01-03,2023-01-03
C001072,RepAndreCarson,André Carson,André,Carson,M,1974-10-16,current,117,house,IN,7,,Democrat,2021-01-03,2023-01-03,2021-01-03,2023-01-03,2021-01-03,2023-01-03
H001074,,Trey Hollingsworth,Trey,Hollingsworth,M,1983-09-12,historical,117,house,IN,9,,Republican,2021-01-03,2023-01-03,2021-01-03,2023-01-03,2021-01-03,2023-01-03
M001214,RepMrvan,Frank J. Mrvan,Frank,Mrvan,M,1969-04-16,current,117,house,IN,1,,Democrat,2021-01-03,2023-01-03,2021-01-03,2023-01-03,2021-01-03,2023-01-03
P000615,,Greg Pence,Greg,Pence,M,1956-11-14,historical,117,house,IN,6,,Republican,2021-01-03,2023-01-03,2021-01-03,2023-01-03,2021-01-03,2023-01-03
S000929,RepSpartz,Victoria Spartz,Victoria,Spartz,F,1978-10-06,current,117,house,IN,5,,Republican,2021-01-03,2023-01-03,2021-01-03,2023-01-03,2021-01-03,2023-01-03
W000813,,Jackie Walorski,Jackie,Walorski,F,1963-08-17,historical,117,house,IN,2,,Republican,2021-01-03,2022-08-03,2021-01-03,2023-01-03,2021-01-03,2022-08-03
Y000067,RepRudyYakym,Rudy Yakym III,Rudy,Yakym,M,1984-02-24,current,117,house,IN,2,,Republican,2022-11-14,2023-01-03,2021-01-03,2023-01-03,2022-11-14,2023-01-03
D000629,RepDavids,Sharice Davids,Sharice,Davids,F,1980-05-22,current,117,house,KS,3,,Democrat,2021-01-03,2023-01-03,2021-01-03,2023-01-03,2021-01-03,2023-01-03
E000298,RepRonEstes,Ron Estes,Ron,Estes,M,1956-07-19,current,117,house,KS,4,,Republican,2021-01-03,2023-01-03,2021-01-03,2023-01-03,2021-01-03,2023-01-03
L000266,,Jake LaTurner,Jacob,LaTurner,M,1988-02-17,historical,117,house,KS,2,,Republican,2021-01-03,2023-01-03,2021-01-03,2023-01-03,2021-01-03,2023-01-03
M000871,RepMann,Tracey Mann,Tracey,Mann,M,1976-12-17,current,117,house,KS,1,,Republican,2021-01-03,2023-01-03,2021-01-03,2023-01-03,2021-01-03,2023-01-03
B001282,RepAndyBarr,Andy Barr,Garland,Barr,M,1973-07-24,current,117,house,KY,6,,Republican,2021-01-03,2023-01-03,2021-01-03,2023-01-03,2021-01-03,2023-01-03
C001108,RepJamesComer,James Comer,James,Comer,M,1972-08-19,current,117,house,KY,1,,Republican,2021-01-03,2023-01-03,2021-01-03,2023-01-03,2021-01-03,2023-01-03
G000558,RepGuthrie,Brett Guthrie,Brett,Guthrie,M,1964-02-18,current,117,house,KY,2,,Republican,2021-01-03,2023-01-03,2021-01-03,2023-01-03,2021-01-03,2023-01-03
M001184,RepThomasMassie,Thomas Massie,Thomas,Massie,M,1971-01-13,current,117,house,KY,4,,Republican,2021-01-03,2023-01-03,2021-01-03,2023-01-03,2021-01-03,2023-01-03
R000395,RepHalRogers,Harold Rogers,Harold,Rogers,M,1937-12-31,current,117,house,KY,5,,Republican,2021-01-03,2023-01-03,2021-01-03,2023-01-03,2021-01-03,2023-01-03
Y000062,,John A. Yarmuth,John,Yarmuth,M,1947-11-04,historical,117,house,KY,3,,Democrat,2021-01-03,2023-01-03,2021-01-03,2023-01-03,2021-01-03,2023-01-03
C001125,RepTroyCarter,Troy A. Carter,Troy,Carter,M,1963-10-26,current,117,house,LA,2,,Democrat,2021-05-11,2023-01-03,2021-01-03,2023-01-03,2021-05-11,2023-01-03
G000577,,Garret Graves,Garret,Graves,M,1972-01-31,historical,117,house,LA,6,,Republican,2021-01-03,2023-01-03,2021-01-03,2023-01-03,2021-01-03,2023-01-03
H001077,RepClayHiggins,Clay Higgins,Clay,Higgins,M,1961-08-24,current,117,house,LA,3,,Republican,2021-01-03,2023-01-03,2021-01-03,2023-01-03,2021-01-03,2023-01-03
J000299,RepMikeJohnson,Mike Johnson,Mike,Johnson,M,1972-01-30,current,117,house,LA,4,,Republican,2021-01-03,2023-01-03,2021-01-03,2023-01-03,2021-01-03,2023-01-03
L000595,RepJuliaLetlow,Julia Letlow,Julia,Letlow,F,1981-03-16,current,117,house,LA,5,,Republican,2021-04-14,2023-01-03,2021-01-03,2023-01-03,2021-04-14,2023-01-03
R000588,,Cedric L. Richmond,Cedric,Richmond,M,1973-09-13,historical,117,house,LA,2,,Democrat,2021-01-03,2021-01-15,2021-01-03,2023-01-03,2021-01-03,2021-01-15
S001176,SteveScalise,Steve Scalise,Steve,Scalise,M,1965-10-06,current,117,house,LA,1,,Republican,2021-01-03,2023-01-03,2021-01-03,2023-01-03,2021-01-03,2023-01-03
A000148,RepAuchincloss,Jake Auchincloss,Jake,Auchincloss,M,1988-01-29,current,117,house,MA,4,,Democrat,2021-01-03,2023-01-03,2021-01-03,2023-01-03,2021-01-03,2023-01-03
C001101,RepKClark,Katherine M. Clark,Katherine,Clark,F,1963-07-17,current,117,house,MA,5,,Democrat,2021-01-03,2023-01-03,2021-01-03,2023-01-03,2021-01-03,2023-01-03
K000375,USRepKeating,William R. Keating,William,Keating,M,1952-09-06,current,117,house,MA,9,,Democrat,2021-01-03,2023-01-03,2021-01-03,2023-01-03,2021-01-03,2023-01-03
L000562,RepStephenLynch,Stephen F. Lynch,Stephen,Lynch,M,1955-03-31,current,117,house,MA,8,,Democrat,2021-01-03,2023-01-03,2021-01-03,2023-01-03,2021-01-03,2023-01-03
M000312,RepMcGovern,James P. McGovern,James,McGovern,M,1959-11-20,current,117,house,MA,2,,Democrat,2021-01-03,2023-01-03,2021-01-03,2023-01-03,2021-01-03,2023-01-03
M001196,RepMoulton,Seth Moulton,Seth,Moulton,M,1978-10-24,current,117,house,MA,6,,Democrat,2021-01-03,2023-01-03,2021-01-03,2023-01-03,2021-01-03,2023-01-03
N000015,RepRichardNeal,Richard E. Neal,Richard,Neal,M,1949-02-14,current,117,house,MA,1,,Democrat,2021-01-03,2023-01-03,2021-01-03,2023-01-03,2021-01-03,2023-01-03
P000617,RepPressley,Ayanna Pressley,Ayanna,Pressley,F,1974-02-03,current,117,house,MA,7,,Democrat,2021-01-03,2023-01-03,2021-01-03,2023-01-03,2021-01-03,2023-01-03
T000482,RepLoriTrahan,Lori Trahan,Lori,Trahan,F,1973-10-27,current,117,house,MA,3,,Democrat,2021-01-03,2023-01-03,2021-01-03,2023-01-03,2021-01-03,2023-01-03
B001304,,Anthony G. Brown,Anthony,Brown,M,1961-11-21,historical,117,house,MD,4,,Democrat,2021-01-03,2023-01-03,2021-01-03,2023-01-03,2021-01-03,2023-01-03
H001052,RepAndyHarrisMD,Andy Harris,Andy,Harris,M,1957-01-25,current,117,house,MD,1,,Republican,2021-01-03,2023-01-03,2021-01-03,2023-01-03,2021-01-03,2023-01-03
H000874,RepStenyHoyer,Steny H. Hoyer,Steny,Hoyer,M,1939-06-14,current,117,house,MD,5,,Democrat,2021-01-03,2023-01-03,2021-01-03,2023-01-03,2021-01-03,2023-01-03
M000687,RepKweisiMfume,Kweisi Mfume,Kweisi,Mfume,M,1948-10-24,current,117,house,MD,7,,Democrat,2021-01-03,2023-01-03,2021-01-03,2023-01-03,2021-01-03,2023-01-03
R000606,RepRaskin,Jamie Raskin,Jamie,Raskin,M,1962-12-13,current,117,house,MD,8,,Democrat,2021-01-03,2023-01-03,2021-01-03,2023-01-03,2021-01-03,2023-01-03
R000576,,C. A. Dutch Ruppersberger,C.,Ruppersberger,M,1946-01-31,historical,117,house,MD,2,,Democrat,2021-01-03,2023-01-03,2021-01-03,2023-01-03,2021-01-03,2023-01-03
S001168,,John P. Sarbanes,John,Sarbanes,M,1962-05-22,historical,117,house,MD,3,,Democrat,2021-01-03,2023-01-03,2021-01-03,2023-01-03,2021-01-03,2023-01-03
T000483,,David J. Trone,David,Trone,M,1955-09-21,historical,117,house,MD,6,,Democrat,2021-01-03,2023-01-03,2021-01-03,2023-01-03,2021-01-03,2023-01-03
G000592,RepGolden,Jared F. Golden,Jared,Golden,M,1982-07-25,current,117,house,ME,2,,Democrat,2021-01-03,2023-01-03,2021-01-03,2023-01-03,2021-01-03,2023-01-03
P000597,ChelliePingree,Chellie Pingree,Chellie,Pingree,F,1955-04-02,current,117,house,ME,1,,Democrat,2021-01-03,2023-01-03,2021-01-03,2023-01-03,2021-01-03,2023-01-03
B001301,RepJackBergman,Jack Bergman,Jack,Bergman,M,1947-02-02,current,117,house,MI,1,,Republican,2021-01-03,2023-01-03,2021-01-03,2023-01-03,2021-01-03,2023-01-03
D000624,RepDebDingell,Debbie Dingell,Debbie,Dingell,F,1953-11-23,current,117,house,MI,12,,Democrat,2021-01-03,2023-01-03,2021-01-03,2023-01-03,2021-01-03,2023-01-03
H001058,RepHuizenga,Bill Huizenga,Bill,Huizenga,M,1969-01-31,current,117,house,MI,2,,Republican,2021-01-03,2023-01-03,2021-01-03,2023-01-03,2021-01-03,2023-01-03
K000380,,Daniel T. Kildee,Daniel,Kildee,M,1958-08-11,historical,117,house,MI,5,,Democrat,2021-01-03,2023-01-03,2021-01-03,2023-01-03,2021-01-03,2023-01-03
L000581,,Brenda L. Lawrence,Brenda,Lawrence,F,1954-10-18,historical,117,house,MI,14,,Democrat,2021-01-03,2023-01-03,2021-01-03,2023-01-03,2021-01-03,2023-01-03
L000592,,Andy Levin,Andy,Levin,M,1960-08-10,historical,117,house,MI,9,,Democrat,2021-01-03,2023-01-03,2021-01-03,2023-01-03,2021-01-03,2023-01-03
M001136,RepLisaMcClain,Lisa C. McClain,Lisa,McClain,F,1966-04-07,current,117,house,MI,10,,Republican,2021-01-03,2023-01-03,2021-01-03,2023-01-03,2021-01-03,2023-01-03
M001186,,Peter Meijer,Peter,Meijer,M,1988-01-10,historical,117,house,MI,3,,Republican,2021-01-03,2023-01-03,2021-01-03,2023-01-03,2021-01-03,2023-01-03
M001194,RepMoolenaar,John R. Moolenaar,John,Moolenaar,M,1961-05-08,current,117,house,MI,4,,Republican,2021-01-03,2023-01-03,2021-01-03,2023-01-03,2021-01-03,2023-01-03
S001208,RepSlotkin,Elissa Slotkin,Elissa,Slotkin,F,1976-07-10,current,117,house,MI,8,,Democrat,2021-01-03,2023-01-03,2021-01-03,2023-01-03,2021-01-03,2023-01-03
S001215,RepHaleyStevens,Haley M. Stevens,Haley,Stevens,F,1983-06-24,current,117,house,MI,11,,Democrat,2021-01-03,2023-01-03,2021-01-03,2023-01-03,2021-01-03,2023-01-03
T000481,RepRashida,Rashida Tlaib,Rashida,Tlaib,F,1976-07-24,current,117,house,MI,13,,Democrat,2021-01-03,2023-01-03,2021-01-03,2023-01-03,2021-01-03,2023-01-03
U000031,,Fred Upton,Fred,Upton,M,1953-04-23,historical,117,house,MI,6,,Republican,2021-01-03,2023-01-03,2021-01-03,2023-01-03,2021-01-03,2023-01-03
W000798,RepWalberg,Tim Walberg,Tim,Walberg,M,1951-04-12,current,117,house,MI,7,,Republican,2021-01-03,2023-01-03,2021-01-03,2023-01-03,2021-01-03,2023-01-03
C001119,RepAngieCraig,Angie Craig,Angie,Craig,F,1972-02-14,current,117,house,MN,2,,Democrat,2021-01-03,2023-01-03,2021-01-03,2023-01-03,2021-01-03,2023-01-03
E000294,RepTomEmmer,Tom Emmer,Tom,Emmer,M,1961-03-03,current,117,house,MN,6,,Republican,2021-01-03,2023-01-03,2021-01-03,2023-01-03,2021-01-03,2023-01-03
F000475,RepFinstad,Brad Finstad,Brad,Finstad,M,1976-05-30,current,117,house,MN,1,,Republican,2022-08-12,2023-01-03,2021-01-03,2023-01-03,2022-08-12,2023-01-03
F000470,RepFischbach,Michelle Fischbach,Michelle,Fischbach,F,1965-11-03,current,117,house,MN,7,,Republican,2021-01-03,2023-01-03,2021-01-03,2023-01-03,2021-01-03,2023-01-03
H001088,,Jim Hagedorn,Jim,Hagedorn,M,1962-08-04,historical,117,house,MN,1,,Republican,2021-01-03,2022-02-17,2021-01-03,2023-01-03,2021-01-03,2022-02-17
M001143,BettyMcCollum04,Betty McCollum,Betty,McCollum,F,1954-07-12,current,117,house,MN,4,,Democrat,2021-01-03,2023-01-03,2021-01-03,2023-01-03,2021-01-03,2023-01-03
O000173,Ilhan,Ilhan Omar,Ilhan,Omar,F,1981-10-04,current,117,house,MN,5,,Democrat,2021-01-03,2023-01-03,2021-01-03,2023-01-03,2021-01-03,2023-01-03
P000616,,Dean Phillips,Dean,Phillips,M,1969-01-20,historical,117,house,MN,3,,Democrat,2021-01-03,2023-01-03,2021-01-03,2023-01-03,2021-01-03,2023-01-03
S001212,RepPeteStauber,Pete Stauber,Pete,Stauber,M,1966-05-10,current,117,house,MN,8,,Republican,2021-01-03,2023-01-03,2021-01-03,2023-01-03,2021-01-03,2023-01-03
B001224,,Cori Bush,Cori,Bush,F,1976-07-21,historical,117,house,MO,1,,Democrat,2021-01-03,2023-01-03,2021-01-03,2023-01-03,2021-01-03,2023-01-03
C001061,RepCleaver,Emanuel Cleaver,Emanuel,Cleaver,M,1944-10-26,current,117,house,MO,5,,Democrat,2021-01-03,2023-01-03,2021-01-03,2023-01-03,2021-01-03,2023-01-03
G000546,RepSamGraves,Sam Graves,Sam,Graves,M,1963-11-07,current,117,house,MO,6,,Republican,2021-01-03,2023-01-03,2021-01-03,2023-01-03,2021-01-03,2023-01-03
H001053,,Vicky Hartzler,Vicky,Hartzler,F,1960-10-13,historical,117,house,MO,4,,Republican,2021-01-03,2023-01-03,2021-01-03,2023-01-03,2021-01-03,2023-01-03
L000576,,Billy Long,Billy,Long,M,1955-08-11,historical,117,house,MO,7,,Republican,2021-01-03,2023-01-03,2021-01-03,2023-01-03,2021-01-03,2023-01-03
L000569,,Blaine Luetkemeyer,Blaine,Luetkemeyer,M,1952-05-07,historical,117,house,MO,3,,Republican,2021-01-03,2023-01-03,2021-01-03,2023-01-03,2021-01-03,2023-01-03
S001195,RepJasonSmith,Jason Smith,Jason,Smith,M,1980-06-16,current,117,house,MO,8,,Republican,2021-01-03,2023-01-03,2021-01-03,2023-01-03,2021-01-03,2023-01-03
W000812,RepAnnWagner,Ann Wagner,Ann,Wagner,F,1962-09-13,current,117,house,MO,2,,Republican,2021-01-03,2023-01-03,2021-01-03,2023-01-03,2021-01-03,2023-01-03
S001177,,Gregorio Kilili Camacho Sablan,Gregorio,Sablan,M,1955-01-19,historical,117,house,MP,0,,Democrat,2021-01-03,2023-01-03,2021-01-03,2023-01-03,2021-01-03,2023-01-03
G000591,RepMichaelGuest,Michael Guest,Michael,Guest,M,1970-02-04,current,117,house,MS,3,,Republican,2021-01-03,2023-01-03,2021-01-03,2023-01-03,2021-01-03,2023-01-03
K000388,RepTrentKelly,Trent Kelly,Trent,Kelly,M,1966-03-01,current,117,house,MS,1,,Republican,2021-01-03,2023-01-03,2021-01-03,2023-01-03,2021-01-03,2023-01-03
P000601,,Steven M. Palazzo,Steven,Palazzo,M,1970-02-21,historical,117,house,MS,4,,Republican,2021-01-03,2023-01-03,2021-01-03,2023-01-03,2021-01-03,2023-01-03
T000193,BennieGThompson,Bennie G. Thompson,Bennie,Thompson,M,1948-01-28,current,117,house,MS,2,,Democrat,2021-01-03,2023-01-03,2021-01-03,2023-01-03,2021-01-03,2023-01-03
R000103,,"Matthew M. Rosendale, Sr.",Matthew,Rosendale,M,1960-07-07,historical,117,house,MT,0,,Republican,2021-01-03,2023-01-03,2021-01-03,2023-01-03,2021-01-03,2023-01-03
A000370,RepAdams,Alma S. Adams,Alma,Adams,F,1946-05-27,current,117,house,NC,12,,Democrat,2021-01-03,2023-01-03,2021-01-03,2023-01-03,2021-01-03,2023-01-03
B001311,,Dan Bishop,Dan,Bishop,M,1964-07-01,historical,117,house,NC,9,,Republican,2021-01-03,2023-01-03,2021-01-03,2023-01-03,2021-01-03,2023-01-03
B001305,RepTedBudd,Ted Budd,Ted,Budd,M,1971-10-21,current,117,house,NC,13,,Republican,2021-01-03,2023-01-03,2021-01-03,2023-01-03,2021-01-03,2023-01-03
B001251,,G. K. Butterfield,George,Butterfield,M,1947-04-27,historical,117,house,NC,1,,Democrat,2021-01-03,2022-12-30,2021-01-03,2023-01-03,2021-01-03,2022-12-30
C001104,,Madison Cawthorn,Madison,Cawthorn,M,1995-08-01,historical,117,house,NC,11,,Republican,2021-01-03,2023-01-03,2021-01-03,2023-01-03,2021-01-03,2023-01-03
F000450,VirginiaFoxx,Virginia Foxx,Virginia,Foxx,F,1943-06-29,current,117,house,NC,5,,Republican,2021-01-03,2023-01-03,2021-01-03,2023-01-03,2021-01-03,2023-01-03
H001067,RepRichHudson,Richard Hudson,Richard,Hudson,M,1971-11-04,current,117,house,NC,8,,Republican,2021-01-03,2023-01-03,2021-01-03,2023-01-03,2021-01-03,2023-01-03
M001135,,Kathy E. Manning,Kathy,Manning,F,1956-12-03,historical,117,house,NC,6,,Democrat,2021-01-03,2023-01-03,2021-01-03,2023-01-03,2021-01-03,2023-01-03
M001156,,Patrick T. McHenry,Patrick,McHenry,M,1975-10-22,historical,117,house,NC,10,,Republican,2021-01-03,2023-01-03,2021-01-03,2023-01-03,2021-01-03,2023-01-03
M001210,RepGregMurphy,Gregory F. Murphy,Gregory,Murphy,M,1963-03-05,current,117,house,NC,3,,Republican,2021-01-03,2023-01-03,2021-01-03,2023-01-03,2021-01-03,2023-01-03
P000523,,David E. Price,David,Price,M,1940-08-17,historical,117,house,NC,4,,Democrat,2021-01-03,2023-01-03,2021-01-03,2023-01-03,2021-01-03,2023-01-03
R000305,RepDeborahRoss,Deborah K. Ross,Deborah,Ross,F,1963-06-20,current,117,house,NC,2,,Democrat,2021-01-03,2023-01-03,2021-01-03,2023-01-03,2021-01-03,2023-01-03
R000603,RepDavidRouzer,David Rouzer,David,Rouzer,M,1972-02-16,current,117,house,NC,7,,Republican,2021-01-03,2023-01-03,2021-01-03,2023-01-03,2021-01-03,2023-01-03
A000377,,Kelly Armstrong,Kelly,Armstrong,M,1976-10-08,historical,117,house,ND,0,,Republican,2021-01-03,2023-01-03,2021-01-03,2023-01-03,2021-01-03,2023-01-03
B001298,RepDonBacon,Don Bacon,Don,Bacon,M,1963-08-16,current,117,house,NE,2,,Republican,2021-01-03,2023-01-03,2021-01-03,2023-01-03,2021-01-03,2023-01-03
F000474,USRepMikeFlood,Mike Flood,Mike,Flood,M,1975-02-23,current,117,house,NE,1,,Republican,2022-07-12,2023-01-03,2021-01-03,2023-01-03,2022-07-12,2023-01-03
F000449,,Jeff Fortenberry,Jeff,Fortenberry,M,1960-12-27,historical,117,house,NE,1,,Republican,2021-01-03,2022-03-31,2021-01-03,2023-01-03,2021-01-03,2022-03-31
S001172,RepAdrianSmith,Adrian Smith,Adrian,Smith,M,1970-12-19,current,117,house,NE,3,,Republican,2021-01-03,2023-01-03,2021-01-03,2023-01-03,2021-01-03,2023-01-03
K000382,,Ann M. Kuster,Ann,Kuster,F,1956-09-05,historical,117,house,NH,2,,Democrat,2021-01-03,2023-01-03,2021-01-03,2023-01-03,2021-01-03,2023-01-03
P000614,RepChrisPappas,Chris Pappas,Chris,Pappas,M,1980-06-04,current,117,house,NH,1,,Democrat,2021-01-03,2023-01-03,2021-01-03,2023-01-03,2021-01-03,2023-01-03
G000583,RepJoshG,Josh Gottheimer,Josh,Gottheimer,M,1975-03-08,current,117,house,NJ,5,,Democrat,2021-01-03,2023-01-03,2021-01-03,2023-01-03,2021-01-03,2023-01-03
K000394,,Andy Kim,Andy,Kim,M,1982-07-12,current,117,house,NJ,3,,Democrat,2021-01-03,2023-01-03,2021-01-03,2023-01-03,2021-01-03,2023-01-03
M001203,,Tom Malinowski,Tom,Malinowski,M,1965-09-23,historical,117,house,NJ,7,,Democrat,2021-01-03,2023-01-03,2021-01-03,2023-01-03,2021-01-03,2023-01-03
N000188,DonaldNorcross,Donald Norcross,Donald,Norcross,M,1958-12-13,current,117,house,NJ,1,,Democrat,2021-01-03,2023-01-03,2021-01-03,2023-01-03,2021-01-03,2023-01-03
P000034,FrankPallone,"Frank Pallone, Jr.",Frank,Pallone,M,1951-10-30,current,117,house,NJ,6,,Democrat,2021-01-03,2023-01-03,2021-01-03,2023-01-03,2021-01-03,2023-01-03
P000096,,"Bill Pascrell, Jr.",Bill,Pascrell,M,1937-01-25,historical,117,house,NJ,9,,Democrat,2021-01-03,2023-01-03,2021-01-03,2023-01-03,2021-01-03,2023-01-03
P000604,,"Donald M. Payne, Jr.",Donald,Payne,M,1958-12-17,historical,117,house,NJ,10,,Democrat,2021-01-03,2023-01-03,2021-01-03,2023-01-03,2021-01-03,2023-01-03
S001207,,Mikie Sherrill,Mikie,Sherrill,F,1972-01-19,historical,117,house,NJ,11,,Democrat,2021-01-03,2023-01-03,2021-01-03,2023-01-03,2021-01-03,2023-01-03
S001165,,Albio Sires,Albio,Sires,M,1951-01-26,historical,117,house,NJ,8,,Democrat,2021-01-03,2023-01-03,2021-01-03,2023-01-03,2021-01-03,2023-01-03
S000522,,Christopher H. Smith,Christopher,Smith,M,1953-03-04,current,117,house,NJ,4,,Republican,2021-01-03,2023-01-03,2021-01-03,2023-01-03,2021-01-03,2023-01-03
V000133,Congressman_JVD,Jefferson Van Drew,Jefferson,Van Drew,M,1953-02-23,current,117,house,NJ,2,,Republican,2021-01-03,2023-01-03,2021-01-03,2023-01-03,2021-01-03,2023-01-03
W000822,RepBonnie,Bonnie Watson Coleman,Bonnie,Watson Coleman,F,1945-02-06,current,117,house,NJ,12,,Democrat,2021-01-03,2023-01-03,2021-01-03,2023-01-03,2021-01-03,2023-01-03
H001080,,Debra A. Haaland,Debra,Haaland,F,1960-12-02,historical,117,house,NM,1,,Democrat,2021-01-03,2021-03-16,2021-01-03,2023-01-03,2021-01-03,2021-03-16
H001084,,Yvette Herrell,Yvette,Herrell,F,1964-03-16,historical,117,house,NM,2,,Republican,2021-01-03,2023-01-03,2021-01-03,2023-01-03,2021-01-03,2023-01-03
L000273,RepTeresaLF,Teresa Leger Fernandez,Teresa,Leger Fernandez,F,1959-07-01,current,117,house,NM,3,,Democrat,2021-01-03,2023-01-03,2021-01-03,2023-01-03,2021-01-03,2023-01-03
S001218,Rep_Stansbury,Melanie A. Stansbury,Melanie,Stansbury,F,1979-01-31,current,117,house,NM,1,,Democrat,2021-06-14,2023-01-03,2021-01-03,2023-01-03,2021-06-14,2023-01-03
A000369,MarkAmodeiNV2,Mark E. Amodei,Mark,Amodei,M,1958-06-12,current,117,house,NV,2,,Republican,2021-01-03,2023-01-03,2021-01-03,2023-01-03,2021-01-03,2023-01-03
H001066,RepHorsford,Steven Horsford,Steven,Horsford,M,1973-04-29,current,117,house,NV,4,,Democrat,2021-01-03,2023-01-03,2021-01-03,2023-01-03,2021-01-03,2023-01-03
L000590,RepSusieLee,Susie Lee,Susie,Lee,F,1966-11-07,current,117,house,NV,3,,Democrat,2021-01-03,2023-01-03,2021-01-03,2023-01-03,2021-01-03,2023-01-03
T000468,RepDinaTitus,Dina Titus,Dina,Titus,F,1950-05-23,current,117,house,NV,1,,Democrat,2021-01-03,2023-01-03,2021-01-03,2023-01-03,2021-01-03,2023-01-03
B001223,,Jamaal Bowman,Jamaal,Bowman,M,1976-04-01,historical,117,house,NY,16,,Democrat,2021-01-03,2023-01-03,2021-01-03,2023-01-03,2021-01-03,2023-01-03
C001067,RepYvetteClarke,Yvette D. Clarke,Yvette,Clarke,F,1964-11-21,current,117,house,NY,9,,Democrat,2021-01-03,2023-01-03,2021-01-03,2023-01-03,2021-01-03,2023-01-03
D000630,,Antonio Delgado,Antonio,Delgado,M,1977-01-28,historical,117,house,NY,19,,Democrat,2021-01-03,2022-05-25,2021-01-03,2023-01-03,2021-01-03,2022-05-25
E000297,RepEspaillat,Adriano Espaillat,Adriano,Espaillat,M,1954-09-27,current,117,house,NY,13,,Democrat,2021-01-03,2023-01-03,2021-01-03,2023-01-03,2021-01-03,2023-01-03
G000597,RepGarbarino,Andrew R. Garbarino,Andrew,Garbarino,M,1984-09-27,current,117,house,NY,2,,Republican,2021-01-03,2023-01-03,2021-01-03,2023-01-03,2021-01-03,2023-01-03
H001038,,Brian Higgins,Brian,Higgins,M,1959-10-06,historical,117,house,NY,26,,Democrat,2021-01-03,2023-01-03,2021-01-03,2023-01-03,2021-01-03,2023-01-03
J000020,,Chris Jacobs,Chris,Jacobs,M,1966-11-28,historical,117,house,NY,27,,Republican,2021-01-03,2023-01-03,2021-01-03,2023-01-03,2021-01-03,2023-01-03
J000294,RepJeffries,Hakeem S. Jeffries,Hakeem,Jeffries,M,1970-08-04,current,117,house,NY,8,,Democrat,2021-01-03,2023-01-03,2021-01-03,2023-01-03,2021-01-03,2023-01-03
J000306,,Mondaire Jones,Mondaire,Jones,M,1987-05-18,historical,117,house,NY,17,,Democrat,2021-01-03,2023-01-03,2021-01-03,2023-01-03,2021-01-03,2023-01-03
K000386,,John Katko,John,Katko,M,1962-11-09,historical,117,house,NY,24,,Republican,2021-01-03,2023-01-03,2021-01-03,2023-01-03,2021-01-03,2023-01-03
M000317,RepMalliotakis,Nicole Malliotakis,Nicole,Malliotakis,F,1980-11-11,current,117,house,NY,11,,Republican,2021-01-03,2023-01-03,2021-01-03,2023-01-03,2021-01-03,2023-01-03
M000087,,Carolyn B. Maloney,Carolyn,Maloney,F,1946-02-19,historical,117,house,NY,12,,Democrat,2021-01-03,2023-01-03,2021-01-03,2023-01-03,2021-01-03,2023-01-03
M001185,,Sean Patrick Maloney,Sean,Maloney,M,1966-07-30,historical,117,house,NY,18,,Democrat,2021-01-03,2023-01-03,2021-01-03,2023-01-03,2021-01-03,2023-01-03
M001137,RepGregoryMeeks,Gregory W. Meeks,Gregory,Meeks,M,1953-09-25,current,117,house,NY,5,,Democrat,2021-01-03,2023-01-03,2021-01-03,2023-01-03,2021-01-03,2023-01-03
M001188,RepGraceMeng,Grace Meng,Grace,Meng,F,1975-10-01,current,117,house,NY,6,,Democrat,2021-01-03,2023-01-03,2021-01-03,2023-01-03,2021-01-03,2023-01-03
M001206,RepJoeMorelle,Joseph D. Morelle,Joseph,Morelle,M,1957-04-29,current,117,house,NY,25,,Democrat,2021-01-03,2023-01-03,2021-01-03,2023-01-03,2021-01-03,2023-01-03
N000002,RepJerryNadler,Jerrold Nadler,Jerrold,Nadler,M,1947-06-13,current,117,house,NY,10,,Democrat,2021-01-03,2023-01-03,2021-01-03,2023-01-03,2021-01-03,2023-01-03
O000172,RepAOC,Alexandria Ocasio-Cortez,Alexandria,Ocasio-Cortez,F,1989-10-13,current,117,house,NY,14,,Democrat,2021-01-03,2023-01-03,2021-01-03,2023-01-03,2021-01-03,2023-01-03
R000585,,Tom Reed,Tom,Reed,M,1971-11-18,historical,117,house,NY,23,,Republican,2021-01-03,2022-05-10,2021-01-03,2023-01-03,2021-01-03,2022-05-10
R000602,,Kathleen M. Rice,Kathleen,Rice,F,1965-02-15,historical,117,house,NY,4,,Democrat,2021-01-03,2023-01-03,2021-01-03,2023-01-03,2021-01-03,2023-01-03
R000579,RepPatRyanNY,Patrick Ryan,Patrick,Ryan,M,1982-03-28,current,117,house,NY,19,,Democrat,2022-09-13,2023-01-03,2021-01-03,2023-01-03,2022-09-13,2023-01-03
S001219,,Joseph Sempolinski,Joseph,Sempolinski,M,1983-02-10,historical,117,house,NY,23,,Republican,2022-09-13,2023-01-03,2021-01-03,2023-01-03,2022-09-13,2023-01-03
S001196,RepStefanik,Elise M. Stefanik,Elise,Stefanik,F,1984-07-02,current,117,house,NY,21,,Republican,2021-01-03,2023-01-03,2021-01-03,2023-01-03,2021-01-03,2023-01-03
S001201,reptomsuozzi,Thomas R. Suozzi,Thomas,Suozzi,M,1962-08-31,current,117,house,NY,3,,Democrat,2021-01-03,2023-01-03,2021-01-03,2023-01-03,2021-01-03,2023-01-03
T000478,RepTenney,Claudia Tenney,Claudia,Tenney,F,1961-02-04,current,117,house,NY,22,,Republican,2021-02-11,2023-01-03,2021-01-03,2023-01-03,2021-02-11,2023-01-03
T000469,RepPaulTonko,Paul Tonko,Paul,Tonko,M,1949-06-18,current,117,house,NY,20,,Democrat,2021-01-03,2023-01-03,2021-01-03,2023-01-03,2021-01-03,2023-01-03
T000486,RepRitchie,Ritchie Torres,Ritchie,Torres,M,1988-03-12,current,117,house,NY,15,,Democrat,2021-01-03,2023-01-03,2021-01-03,2023-01-03,2021-01-03,2023-01-03
V000081,NydiaVelazquez,Nydia M. Velázquez,Nydia,Velázquez,F,1953-03-28,current,117,house,NY,7,,Democrat,2021-01-03,2023-01-03,2021-01-03,2023-01-03,2021-01-03,2023-01-03
Z000017,,Lee M. Zeldin,Lee,Zeldin,M,1980-01-30,historical,117,house,NY,1,,Republican,2021-01-03,2023-01-03,2021-01-03,2023-01-03,2021-01-03,2023-01-03
B001306,RepBalderson,Troy Balderson,Troy,Balderson,M,1962-01-16,current,117,house,OH,12,,Republican,2021-01-03,2023-01-03,2021-01-03,2023-01-03,2021-01-03,2023-01-03
B001281,RepBeatty,Joyce Beatty,Joyce,Beatty,F,1950-03-12,current,117,house,OH,3,,Democrat,2021-01-03,2023-01-03,2021-01-03,2023-01-03,2021-01-03,2023-01-03
B001313,RepShontelBrown,Shontel M. Brown,Shontel,Brown,F,1975-06-24,current,117,house,OH,11,,Democrat,2021-11-04,2023-01-03,2021-01-03,2023-01-03,2021-11-04,2023-01-03
C001126,RepMikeCarey,Mike Carey,Mike,Carey,M,1971-03-13,current,117,house,OH,15,,Republican,2021-11-04,2023-01-03,2021-01-03,2023-01-03,2021-11-04,2023-01-03
C000266,,Steve Chabot,Steve,Chabot,M,1953-01-22,historical,117,house,OH,1,,Republican,2021-01-03,2023-01-03,2021-01-03,2023-01-03,2021-01-03,2023-01-03
D000626,WarrenDavidson,Warren Davidson,Warren,Davidson,M,1970-03-01,current,117,house,OH,8,,Republican,2021-01-03,2023-01-03,2021-01-03,2023-01-03,2021-01-03,2023-01-03
F000455,,Marcia L. Fudge,Marcia,Fudge,F,1952-10-29,historical,117,house,OH,11,,Democrat,2021-01-03,2021-03-10,2021-01-03,2023-01-03,2021-01-03,2021-03-10
G000563,,Bob Gibbs,Bob,Gibbs,M,1954-06-14,historical,117,house,OH,7,,Republican,2021-01-03,2023-01-03,2021-01-03,2023-01-03,2021-01-03,2023-01-03
G000588,,Anthony Gonzalez,Anthony,Gonzalez,M,1984-09-18,historical,117,house,OH,16,,Republican,2021-01-03,2023-01-03,2021-01-03,2023-01-03,2021-01-03,2023-01-03
J000292,,Bill Johnson,Bill,Johnson,M,1954-11-10,historical,117,house,OH,6,,Republican,2021-01-03,2023-01-03,2021-01-03,2023-01-03,2021-01-03,2023-01-03
J000289,Jim_Jordan,Jim Jordan,Jim,Jordan,M,1964-02-17,current,117,house,OH,4,,Republican,2021-01-03,2023-01-03,2021-01-03,2023-01-03,2021-01-03,2023-01-03
J000295,RepDaveJoyce,David P. Joyce,David,Joyce,M,1957-03-17,current,117,house,OH,14,,Republican,2021-01-03,2023-01-03,2021-01-03,2023-01-03,2021-01-03,2023-01-03
K000009,RepMarcyKaptur,Marcy Kaptur,Marcy,Kaptur,F,1946-06-17,current,117,house,OH,9,,Democrat,2021-01-03,2023-01-03,2021-01-03,2023-01-03,2021-01-03,2023-01-03
L000566,BobLatta,Robert E. Latta,Robert,Latta,M,1956-04-18,current,117,house,OH,5,,Republican,2021-01-03,2023-01-03,2021-01-03,2023-01-03,2021-01-03,2023-01-03
R000577,,Tim Ryan,Tim,Ryan,M,1973-07-16,historical,117,house,OH,13,,Democrat,2021-01-03,2023-01-03,2021-01-03,2023-01-03,2021-01-03,2023-01-03
S001187,,Steve Stivers,Steve,Stivers,M,1965-03-24,historical,117,house,OH,15,,Republican,2021-01-03,2021-05-16,2021-01-03,2023-01-03,2021-01-03,2021-05-16
T000463,RepMikeTurner,Michael R. Turner,Michael,Turner,M,1960-01-11,current,117,house,OH,10,,Republican,2021-01-03,2023-01-03,2021-01-03,2023-01-03,2021-01-03,2023-01-03
W000815,,Brad R. Wenstrup,Brad,Wenstrup,M,1958-06-17,historical,117,house,OH,2,,Republican,2021-01-03,2023-01-03,2021-01-03,2023-01-03,2021-01-03,2023-01-03
B000740,RepBice,Stephanie I. Bice,Stephanie,Bice,F,1973-11-11,current,117,house,OK,5,,Republican,2021-01-03,2023-01-03,2021-01-03,2023-01-03,2021-01-03,2023-01-03
C001053,TomColeOK04,Tom Cole,Tom,Cole,M,1949-04-28,current,117,house,OK,4,,Republican,2021-01-03,2023-01-03,2021-01-03,2023-01-03,2021-01-03,2023-01-03
H001082,repkevinhern,Kevin Hern,Kevin,Hern,M,1961-12-04,current,117,house,OK,1,,Republican,2021-01-03,2023-01-03,2021-01-03,2023-01-03,2021-01-03,2023-01-03
L000491,RepFrankLucas,Frank D. Lucas,Frank,Lucas,M,1960-01-06,current,117,house,OK,3,,Republican,2021-01-03,2023-01-03,2021-01-03,2023-01-03,2021-01-03,2023-01-03
M001190,,Markwayne Mullin,Markwayne,Mullin,M,1977-07-26,historical,117,house,OK,2,,Republican,2021-01-03,2023-01-03,2021-01-03,2023-01-03,2021-01-03,2023-01-03
B000668,RepBentz,Cliff Bentz,Cliff,Bentz,M,1952-01-12,current,117,house,OR,2,,Republican,2021-01-03,2023-01-03,2021-01-03,2023-01-03,2021-01-03,2023-01-03
B000574,,Earl Blumenauer,Earl,Blumenauer,M,1948-08-16,historical,117,house,OR,3,,Democrat,2021-01-03,2023-01-03,2021-01-03,2023-01-03,2021-01-03,2023-01-03
B001278,RepBonamici,Suzanne Bonamici,Suzanne,Bonamici,F,1954-10-14,current,117,house,OR,1,,Democrat,2021-01-03,2023-01-03,2021-01-03,2023-01-03,2021-01-03,2023-01-03
D000191,,Peter A. DeFazio,Peter,DeFazio,M,1947-05-27,historical,117,house,OR,4,,Democrat,2021-01-03,2023-01-03,2021-01-03,2023-01-03,2021-01-03,2023-01-03
S001180,,Kurt Schrader,Kurt,Schrader,M,1951-10-19,historical,117,house,OR,5,,Democrat,2021-01-03,2023-01-03,2021-01-03,2023-01-03,2021-01-03,2023-01-03
B001296,CongBoyle,Brendan F. Boyle,Brendan,Boyle,M,1977-02-06,current,117,house,PA,2,,Democrat,2021-01-03,2023-01-03,2021-01-03,2023-01-03,2021-01-03,2023-01-03
C001090,,Matt Cartwright,Matthew,Cartwright,M,1961-05-01,historical,117,house,PA,8,,Democrat,2021-01-03,2023-01-03,2021-01-03,2023-01-03,2021-01-03,2023-01-03
D000631,RepDean,Madeleine Dean,Madeleine,Dean,F,1959-06-06,current,117,house,PA,4,,Democrat,2021-01-03,2023-01-03,2021-01-03,2023-01-03,2021-01-03,2023-01-03
D000482,,Michael F. Doyle,Michael,Doyle,M,1953-08-05,historical,117,house,PA,18,,Democrat,2021-01-03,2022-12-31,2021-01-03,2023-01-03,2021-01-03,2022-12-31
E000296,RepDwightEvans,Dwight Evans,Dwight,Evans,M,1954-05-16,current,117,house,PA,3,,Democrat,2021-01-03,2023-01-03,2021-01-03,2023-01-03,2021-01-03,2023-01-03
F000466,RepBrianFitz,Brian K. Fitzpatrick,Brian,Fitzpatrick,M,1973-12-17,current,117,house,PA,1,,Republican,2021-01-03,2023-01-03,2021-01-03,2023-01-03,2021-01-03,2023-01-03
H001085,RepHoulahan,Chrissy Houlahan,Chrissy,Houlahan,F,1967-06-05,current,117,house,PA,6,,Democrat,2021-01-03,2023-01-03,2021-01-03,2023-01-03,2021-01-03,2023-01-03
J000302,RepJohnJoyce,John Joyce,John,Joyce,M,1957-02-08,current,117,house,PA,13,,Republican,2021-01-03,2023-01-03,2021-01-03,2023-01-03,2021-01-03,2023-01-03
K000395,,Fred Keller,Fred,Keller,M,1965-10-23,historical,117,house,PA,12,,Republican,2021-01-03,2023-01-03,2021-01-03,2023-01-03,2021-01-03,2023-01-03
K000376,MikeKellyPA,Mike Kelly,Mike,Kelly,M,1948-05-10,current,117,house,PA,16,,Republican,2021-01-03,2023-01-03,2021-01-03,2023-01-03,2021-01-03,2023-01-03
L000588,,Conor Lamb,Conor,Lamb,M,1984-06-27,historical,117,house,PA,17,,Democrat,2021-01-03,2023-01-03,2021-01-03,2023-01-03,2021-01-03,2023-01-03
M001204,RepMeuser,Daniel Meuser,Daniel,Meuser,M,1964-02-10,current,117,house,PA,9,,Republican,2021-01-03,2023-01-03,2021-01-03,2023-01-03,2021-01-03,2023-01-03
P000605,RepScottPerry,Scott Perry,Scott,Perry,M,1962-05-27,current,117,house,PA,10,,Republican,2021-01-03,2023-01-03,2021-01-03,2023-01-03,2021-01-03,2023-01-03
R000610,GReschenthaler,Guy Reschenthaler,Guy,Reschenthaler,M,1983-04-17,current,117,house,PA,14,,Republican,2021-01-03,2023-01-03,2021-01-03,2023-01-03,2021-01-03,2023-01-03
S001205,RepMGS,Mary Gay Scanlon,Mary,Scanlon,F,1959-08-30,current,117,house,PA,5,,Democrat,2021-01-03,2023-01-03,2021-01-03,2023-01-03,2021-01-03,2023-01-03
S001199,RepSmucker,Lloyd Smucker,Lloyd,Smucker,M,1964-01-23,current,117,house,PA,11,,Republican,2021-01-03,2023-01-03,2021-01-03,2023-01-03,2021-01-03,2023-01-03
T000467,CongressmanGT,Glenn Thompson,Glenn,Thompson,M,1959-07-27,current,117,house,PA,15,,Republican,2021-01-03,2023-01-03,2021-01-03,2023-01-03,2021-01-03,2023-01-03
W000826,,Susan Wild,Susan,Wild,F,1957-06-07,historical,117,house,PA,7,,Democrat,2021-01-03,2023-01-03,2021-01-03,2023-01-03,2021-01-03,2023-01-03
G000582,,Jenniffer González-Colón,Jenniffer,González-Colón,F,1976-08-05,historical,117,house,PR,0,,Republican,2021-01-03,2023-01-03,2021-01-03,2023-01-03,2021-01-03,2023-01-03
C001084,,David N. Cicilline,David,Cicilline,M,1961-07-15,historical,117,house,RI,1,,Democrat,2021-01-03,2023-01-03,2021-01-03,2023-01-03,2021-01-03,2023-01-03
L000559,,James R. Langevin,James,Langevin,M,1964-04-22,historical,117,house,RI,2,,Democrat,2021-01-03,2023-01-03,2021-01-03,2023-01-03,2021-01-03,2023-01-03
C000537,RepJamesClyburn,James E. Clyburn,James,Clyburn,M,1940-07-21,current,117,house,SC,6,,Democrat,2021-01-03,2023-01-03,2021-01-03,2023-01-03,2021-01-03,2023-01-03
D000615,,Jeff Duncan,Jeff,Duncan,M,1966-01-07,historical,117,house,SC,3,,Republican,2021-01-03,2023-01-03,2021-01-03,2023-01-03,2021-01-03,2023-01-03
M000194,RepNancyMace,Nancy Mace,Nancy,Mace,F,1977-12-04,current,117,house,SC,1,,Republican,2021-01-03,2023-01-03,2021-01-03,2023-01-03,2021-01-03,2023-01-03
N000190,RepRalphNorman,Ralph Norman,Ralph,Norman,M,1953-06-20,current,117,house,SC,5,,Republican,2021-01-03,2023-01-03,2021-01-03,2023-01-03,2021-01-03,2023-01-03
R000597,,Tom Rice,Tom,Rice,M,1957-08-04,historical,117,house,SC,7,,Republican,2021-01-03,2023-01-03,2021-01-03,2023-01-03,2021-01-03,2023-01-03
T000480,RepTimmons,William R. Timmons IV,William,Timmons,M,1984-04-30,current,117,house,SC,4,,Republican,2021-01-03,2023-01-03,2021-01-03,2023-01-03,2021-01-03,2023-01-03
W000795,RepJoeWilson,Joe Wilson,Joe,Wilson,M,1947-07-31,current,117,house,SC,2,,Republican,2021-01-03,2023-01-03,2021-01-03,2023-01-03,2021-01-03,2023-01-03
J000301,RepDustyJohnson,Dusty Johnson,Dusty,Johnson,M,1976-09-30,current,117,house,SD,0,,Republican,2021-01-03,2023-01-03,2021-01-03,2023-01-03,2021-01-03,2023-01-03
B001309,RepTimBurchett,Tim Burchett,Tim,Burchett,M,1964-08-25,current,117,house,TN,2,,Republican,2021-01-03,2023-01-03,2021-01-03,2023-01-03,2021-01-03,2023-01-03
C001068,RepCohen,Steve Cohen,Steve,Cohen,M,1949-05-24,current,117,house,TN,9,,Democrat,2021-01-03,2023-01-03,2021-01-03,2023-01-03,2021-01-03,2023-01-03
C000754,,Jim Cooper,Jim,Cooper,M,1954-06-19,historical,117,house,TN,5,,Democrat,2021-01-03,2023-01-03,2021-01-03,2023-01-03,2021-01-03,2023-01-03
D000616,DesJarlaisTN04,Scott DesJarlais,Scott,DesJarlais,M,1964-02-21,current,117,house,TN,4,,Republican,2021-01-03,2023-01-03,2021-01-03,2023-01-03,2021-01-03,2023-01-03
F000459,RepChuck,"Charles J. ""Chuck"" Fleischmann",Charles,Fleischmann,M,1962-10-11,current,117,house,TN,3,,Republican,2021-01-03,2023-01-03,2021-01-03,2023-01-03,2021-01-03,2023-01-03
G000590,,Mark E. Green,Mark,Green,M,1964-11-08,historical,117,house,TN,7,,Republican,2021-01-03,2023-01-03,2021-01-03,2023-01-03,2021-01-03,2023-01-03
H001086,RepHarshbarger,Diana Harshbarger,Diana,Harshbarger,F,1960-01-01,current,117,house,TN,1,,Republican,2021-01-03,2023-01-03,2021-01-03,2023-01-03,2021-01-03,2023-01-03
K000392,RepDavidKustoff,David Kustoff,David,Kustoff,M,1966-10-08,current,117,house,TN,8,,Republican,2021-01-03,2023-01-03,2021-01-03,2023-01-03,2021-01-03,2023-01-03
R000612,RepJohnRose,John W. Rose,John,Rose,M,1965-02-23,current,117,house,TN,6,,Republican,2021-01-03,2023-01-03,2021-01-03,2023-01-03,2021-01-03,2023-01-03
A000376,,Colin Z. Allred,Colin,Allred,M,1983-04-15,historical,117,house,TX,32,,Democrat,2021-01-03,2023-01-03,2021-01-03,2023-01-03,2021-01-03,2023-01-03
A000375,RepArrington,Jodey C. Arrington,Jodey,Arrington,M,1972-03-09,current,117,house,TX,19,,Republican,2021-01-03,2023-01-03,2021-01-03,2023-01-03,2021-01-03,2023-01-03
B001291,RepBrianBabin,Brian Babin,Brian,Babin,M,1948-03-23,current,117,house,TX,36,,Republican,2021-01-03,2023-01-03,2021-01-03,2023-01-03,2021-01-03,2023-01-03
B000755,,Kevin Brady,Kevin,Brady,M,1955-04-11,historical,117,house,TX,8,,Republican,2021-01-03,2023-01-03,2021-01-03,2023-01-03,2021-01-03,2023-01-03
B001248,,Michael C. Burgess,Michael,Burgess,M,1950-12-23,historical,117,house,TX,26,,Republican,2021-01-03,2023-01-03,2021-01-03,2023-01-03,2021-01-03,2023-01-03
C001051,JudgeCarter,John R. Carter,John,Carter,M,1941-11-06,current,117,house,TX,31,,Republican,2021-01-03,2023-01-03,2021-01-03,2023-01-03,2021-01-03,2023-01-03
C001091,JoaquinCastrotx,Joaquin Castro,Joaquin,Castro,M,1974-09-16,current,117,house,TX,20,,Democrat,2021-01-03,2023-01-03,2021-01-03,2023-01-03,2021-01-03,2023-01-03
C001115,RepCloudTX,Michael Cloud,Michael,Cloud,M,1975-05-13,current,117,house,TX,27,,Republican,2021-01-03,2023-01-03,2021-01-03,2023-01-03,2021-01-03,2023-01-03
C001120,RepDanCrenshaw,Dan Crenshaw,Dan,Crenshaw,M,1984-03-14,current,117,house,TX,2,,Republican,2021-01-03,2023-01-03,2021-01-03,2023-01-03,2021-01-03,2023-01-03
C001063,RepCuellar,Henry Cuellar,Henry,Cuellar,M,1955-09-19,current,117,house,TX,28,,Democrat,2021-01-03,2023-01-03,2021-01-03,2023-01-03,2021-01-03,2023-01-03
D000399,RepLloydDoggett,Lloyd Doggett,Lloyd,Doggett,M,1946-10-06,current,117,house,TX,35,,Democrat,2021-01-03,2023-01-03,2021-01-03,2023-01-03,2021-01-03,2023-01-03
E000071,RepEllzey,Jake Ellzey,Jake,Ellzey,M,1970-01-24,current,117,house,TX,6,,Republican,2021-07-30,2023-01-03,2021-01-03,2023-01-03,2021-07-30,2023-01-03
E000299,RepEscobar,Veronica Escobar,Veronica,Escobar,F,1969-09-15,current,117,house,TX,16,,Democrat,2021-01-03,2023-01-03,2021-01-03,2023-01-03,2021-01-03,2023-01-03
F000246,RepPatFallon,Pat Fallon,Patrick,Fallon,M,1967-12-19,current,117,house,TX,4,,Republican,2021-01-03,2023-01-03,2021-01-03,2023-01-03,2021-01-03,2023-01-03
F000468,RepFletcher,Lizzie Fletcher,Lizzie,Fletcher,F,1975-02-13,current,117,house,TX,7,,Democrat,2021-01-03,2023-01-03,2021-01-03,2023-01-03,2021-01-03,2023-01-03
F000473,,Mayra Flores,Mayra,Flores,F,1986-01-01,historical,117,house,TX,34,,Republican,2022-06-21,2023-01-03,2021-01-03,2023-01-03,2022-06-21,2023-01-03
G000587,RepSylviaGarcia,Sylvia R. Garcia,Sylvia,Garcia,F,1950-09-06,current,117,house,TX,29,,Democrat,2021-01-03,2023-01-03,2021-01-03,2023-01-03,2021-01-03,2023-01-03
G000552,,Louie Gohmert,Louie,Gohmert,M,1953-08-18,historical,117,house,TX,1,,Republican,2021-01-03,2023-01-03,2021-01-03,2023-01-03,2021-01-03,2023-01-03
G000594,RepTonyGonzales,Tony Gonzales,Ernest,Gonzales,M,1980-10-10,current,117,house,TX,23,,Republican,2021-01-03,2023-01-03,2021-01-03,2023-01-03,2021-01-03,2023-01-03
G000581,RepGonzalez,Vicente Gonzalez,Vicente,Gonzalez,M,1967-09-04,current,117,house,TX,15,,Democrat,2021-01-03,2023-01-03,2021-01-03,2023-01-03,2021-01-03,2023-01-03
G000589,,Lance Gooden,Lance,Gooden,M,1982-12-01,current,117,house,TX,5,,Republican,2021-01-03,2023-01-03,2021-01-03,2023-01-03,2021-01-03,2023-01-03
G000377,,Kay Granger,Kay,Granger,F,1943-01-18,historical,117,house,TX,12,,Republican,2021-01-03,2023-01-03,2021-01-03,2023-01-03,2021-01-03,2023-01-03
G000553,RepAlGreen,Al Green,Al,Green,M,1947-09-01,current,117,house,TX,9,,Democrat,2021-01-03,2023-01-03,2021-01-03,2023-01-03,2021-01-03,2023-01-03
J000304,RepRonnyJackson,Ronny Jackson,Ronny,Jackson,M,1967-05-04,current,117,house,TX,13,,Republican,2021-01-03,2023-01-03,2021-01-03,2023-01-03,2021-01-03,2023-01-03
J000032,,Sheila Jackson Lee,Sheila,Jackson Lee,F,1950-01-12,historical,117,house,TX,18,,Democrat,2021-01-03,2023-01-03,2021-01-03,2023-01-03,2021-01-03,2023-01-03
J000126,,Eddie Bernice Johnson,Eddie,Johnson,F,1935-12-03,historical,117,house,TX,30,,Democrat,2021-01-03,2023-01-03,2021-01-03,2023-01-03,2021-01-03,2023-01-03
M001157,RepMcCaul,Michael T. McCaul,Michael,McCaul,M,1962-01-14,current,117,house,TX,10,,Republican,2021-01-03,2023-01-03,2021-01-03,2023-01-03,2021-01-03,2023-01-03
N000026,RepTroyNehls,Troy E. Nehls,Troy,Nehls,M,1968-04-07,current,117,house,TX,22,,Republican,2021-01-03,2023-01-03,2021-01-03,2023-01-03,2021-01-03,2023-01-03
P000048,RepPfluger,August Pfluger,August,Pfluger,M,1978-12-28,current,117,house,TX,11,,Republican,2021-01-03,2023-01-03,2021-01-03,2023-01-03,2021-01-03,2023-01-03
R000614,RepChipRoy,Chip Roy,Chip,Roy,M,1972-08-07,current,117,house,TX,21,,Republican,2021-01-03,2023-01-03,2021-01-03,2023-01-03,2021-01-03,2023-01-03
S000250,PeteSessions,Pete Sessions,Pete,Sessions,M,1955-03-22,current,117,house,TX,17,,Republican,2021-01-03,2023-01-03,2021-01-03,2023-01-03,2021-01-03,2023-01-03
T000479,,Van Taylor,Van,Taylor,M,1972-08-01,historical,117,house,TX,3,,Republican,2021-01-03,2023-01-03,2021-01-03,2023-01-03,2021-01-03,2023-01-03
V000134,RepBethVanDuyne,Beth Van Duyne,Beth,Van Duyne,F,1970-11-16,current,117,house,TX,24,,Republican,2021-01-03,2023-01-03,2021-01-03,2023-01-03,2021-01-03,2023-01-03
V000131,RepVeasey,Marc A. Veasey,Marc,Veasey,M,1971-01-03,current,117,house,TX,33,,Democrat,2021-01-03,2023-01-03,2021-01-03,2023-01-03,2021-01-03,2023-01-03
V000132,,Filemon Vela,Filemon,Vela,M,1963-02-13,historical,117,house,TX,34,,Democrat,2021-01-03,2022-03-31,2021-01-03,2023-01-03,2021-01-03,2022-03-31
W000814,TXRandy14,"Randy K. Weber, Sr.",Randy,Weber,M,1953-07-02,current,117,house,TX,14,,Republican,2021-01-03,2023-01-03,2021-01-03,2023-01-03,2021-01-03,2023-01-03
W000816,RepRWilliams,Roger Williams,Roger,Williams,M,1949-09-13,current,117,house,TX,25,,Republican,2021-01-03,2023-01-03,2021-01-03,2023-01-03,2021-01-03,2023-01-03
W000827,,Ron Wright,Ron,Wright,M,1953-04-08,historical,117,house,TX,6,,Republican,2021-01-03,2021-02-07,2021-01-03,2023-01-03,2021-01-03,2021-02-07
C001114,RepJohnCurtis,John R. Curtis,John,Curtis,M,1960-05-10,current,117,house,UT,3,,Republican,2021-01-03,2023-01-03,2021-01-03,2023-01-03,2021-01-03,2023-01-03
M001213,RepBlakeMoore,Blake D. Moore,Blake,Moore,M,1980-06-22,current,117,house,UT,1,,Republican,2021-01-03,2023-01-03,2021-01-03,2023-01-03,2021-01-03,2023-01-03
O000086,RepBurgessOwens,Burgess Owens,Clarence,Owens,M,1951-08-02,current,117,house,UT,4,,Republican,2021-01-03,2023-01-03,2021-01-03,2023-01-03,2021-01-03,2023-01-03
S001192,,Chris Stewart,Chris,Stewart,M,1960-07-15,historical,117,house,UT,2,,Republican,2021-01-03,2023-01-03,2021-01-03,2023-01-03,2021-01-03,2023-01-03
B001292,RepDonBeyer,"Donald S. Beyer, Jr.",Donald,Beyer,M,1950-06-20,current,117,house,VA,8,,Democrat,2021-01-03,2023-01-03,2021-01-03,2023-01-03,2021-01-03,2023-01-03
C001118,RepBenCline,Ben Cline,Ben,Cline,M,1972-02-29,current,117,house,VA,6,,Republican,2021-01-03,2023-01-03,2021-01-03,2023-01-03,2021-01-03,2023-01-03
C001078,,Gerald E. Connolly,Gerald,Connolly,M,1950-03-30,historical,117,house,VA,11,,Democrat,2021-01-03,2023-01-03,2021-01-03,2023-01-03,2021-01-03,2023-01-03
G000595,,Bob Good,Robert,Good,M,1965-09-11,historical,117,house,VA,5,,Republican,2021-01-03,2023-01-03,2021-01-03,2023-01-03,2021-01-03,2023-01-03
G000568,RepMGriffith,H. Morgan Griffith,H.,Griffith,M,1958-03-15,current,117,house,VA,9,,Republican,2021-01-03,2023-01-03,2021-01-03,2023-01-03,2021-01-03,2023-01-03
L000591,,Elaine G. Luria,Elaine,Luria,F,1975-08-15,historical,117,house,VA,2,,Democrat,2021-01-03,2023-01-03,2021-01-03,2023-01-03,2021-01-03,2023-01-03
M001200,,A. Donald McEachin,A.,McEachin,M,1961-10-10,historical,117,house,VA,4,,Democrat,2021-01-03,2022-11-28,2021-01-03,2023-01-03,2021-01-03,2022-11-28
S000185,BobbyScott,"Robert C. ""Bobby"" Scott",Robert,Scott,M,1947-04-30,current,117,house,VA,3,,Democrat,2021-01-03,2023-01-03,2021-01-03,2023-01-03,2021-01-03,2023-01-03
S001209,,Abigail Davis Spanberger,Abigail,Spanberger,F,1979-08-07,historical,117,house,VA,7,,Democrat,2021-01-03,2023-01-03,2021-01-03,2023-01-03,2021-01-03,2023-01-03
W000825,,Jennifer Wexton,Jennifer,Wexton,F,1968-05-27,historical,117,house,VA,10,,Democrat,2021-01-03,2023-01-03,2021-01-03,2023-01-03,2021-01-03,2023-01-03
W000804,RobWittman,Robert J. Wittman,Robert,Wittman,M,1959-02-03,current,117,house,VA,1,,Republican,2021-01-03,2023-01-03,2021-01-03,2023-01-03,2021-01-03,2023-01-03
P000610,StaceyPlaskett,Stacey E. Plaskett,Stacey,Plaskett,F,1966-05-13,current,117,house,VI,0,,Democrat,2021-01-03,2023-01-03,2021-01-03,2023-01-03,2021-01-03,2023-01-03
W000800,PeterWelch,Peter Welch,Peter,Welch,M,1947-05-02,current,117,house,VT,0,,Democrat,2021-01-03,2023-01-03,2021-01-03,2023-01-03,2021-01-03,2023-01-03
D000617,RepDelBene,Suzan K. DelBene,Suzan,DelBene,F,1962-02-17,current,117,house,WA,1,,Democrat,2021-01-03,2023-01-03,2021-01-03,2023-01-03,2021-01-03,2023-01-03
H001056,,Jaime Herrera Beutler,Jaime,Herrera Beutler,F,1978-11-03,historical,117,house,WA,3,,Republican,2021-01-03,2023-01-03,2021-01-03,2023-01-03,2021-01-03,2023-01-03
J000298,RepJayapal,Pramila Jayapal,Pramila,Jayapal,F,1965-09-21,current,117,house,WA,7,,Democrat,2021-01-03,2023-01-03,2021-01-03,2023-01-03,2021-01-03,2023-01-03
K000381,,Derek Kilmer,Derek,Kilmer,M,1974-01-01,historical,117,house,WA,6,,Democrat,2021-01-03,2023-01-03,2021-01-03,2023-01-03,2021-01-03,2023-01-03
L000560,RepRickLarsen,Rick Larsen,Rick,Larsen,M,1965-06-15,current,117,house,WA,2,,Democrat,2021-01-03,2023-01-03,2021-01-03,2023-01-03,2021-01-03,2023-01-03
M001159,,Cathy McMorris Rodgers,Cathy,McMorris Rodgers,F,1969-05-22,historical,117,house,WA,5,,Republican,2021-01-03,2023-01-03,2021-01-03,2023-01-03,2021-01-03,2023-01-03
N000189,RepNewhouse,Dan Newhouse,Dan,Newhouse,M,1955-07-10,current,117,house,WA,4,,Republican,2021-01-03,2023-01-03,2021-01-03,2023-01-03,2021-01-03,2023-01-03
S001216,RepKimSchrier,Kim Schrier,Kim,Schrier,F,1968-08-23,current,117,house,WA,8,,Democrat,2021-01-03,2023-01-03,2021-01-03,2023-01-03,2021-01-03,2023-01-03
S000510,RepAdamSmith,Adam Smith,Adam,Smith,M,1965-06-15,current,117,house,WA,9,,Democrat,2021-01-03,2023-01-03,2021-01-03,2023-01-03,2021-01-03,2023-01-03
S001159,RepStricklandWA,Marilyn Strickland,Marilyn,Strickland,F,1962-09-25,current,117,house,WA,10,,Democrat,2021-01-03,2023-01-03,2021-01-03,2023-01-03,2021-01-03,2023-01-03
F000471,RepFitzgerald,Scott Fitzgerald,Scott,Fitzgerald,M,1963-11-16,current,117,house,WI,5,,Republican,2021-01-03,2023-01-03,2021-01-03,2023-01-03,2021-01-03,2023-01-03
G000579,,Mike Gallagher,Mike,Gallagher,M,1984-03-03,historical,117,house,WI,8,,Republican,2021-01-03,2023-01-03,2021-01-03,2023-01-03,2021-01-03,2023-01-03
G000576,RepGrothman,Glenn Grothman,Glenn,Grothman,M,1955-07-03,current,117,house,WI,6,,Republican,2021-01-03,2023-01-03,2021-01-03,2023-01-03,2021-01-03,2023-01-03
K000188,,Ron Kind,Ron,Kind,M,1963-03-16,historical,117,house,WI,3,,Democrat,2021-01-03,2023-01-03,2021-01-03,2023-01-03,2021-01-03,2023-01-03
M001160,RepGwenMoore,Gwen Moore,Gwen,Moore,F,1951-04-18,current,117,house,WI,4,,Democrat,2021-01-03,2023-01-03,2021-01-03,2023-01-03,2021-01-03,2023-01-03
P000607,RepMarkPocan,Mark Pocan,Mark,Pocan,M,1964-08-14,current,117,house,WI,2,,Democrat,2021-01-03,2023-01-03,2021-01-03,2023-01-03,2021-01-03,2023-01-03
S001213,RepBryanSteil,Bryan Steil,Bryan,Steil,M,1981-03-30,current,117,house,WI,1,,Republican,2021-01-03,2023-01-03,2021-01-03,2023-01-03,2021-01-03,2023-01-03
T000165,RepTiffany,Thomas P. Tiffany,Thomas,Tiffany,M,1957-12-30,current,117,house,WI,7,,Republican,2021-01-03,2023-01-03,2021-01-03,2023-01-03,2021-01-03,2023-01-03
M001180,,David B. McKinley,David,McKinley,M,1947-03-28,historical,117,house,WV,1,,Republican,2021-01-03,2023-01-03,2021-01-03,2023-01-03,2021-01-03,2023-01-03
M001205,RepCarolMiller,Carol D. Miller,Carol,Miller,F,1950-11-04,current,117,house,WV,3,,Republican,2021-01-03,2023-01-03,2021-01-03,2023-01-03,2021-01-03,2023-01-03
M001195,,Alexander X. Mooney,Alexander,Mooney,M,1971-06-05,historical,117,house,WV,2,,Republican,2021-01-03,2023-01-03,2021-01-03,2023-01-03,2021-01-03,2023-01-03
C001109,,Liz Cheney,Liz,Cheney,F,1966-07-28,historical,117,house,WY,0,,Republican,2021-01-03,2023-01-03,2021-01-03,2023-01-03,2021-01-03,2023-01-03
M001153,LisaMurkowski,Lisa Murkowski,Lisa,Murkowski,F,1957-05-22,current,117,senate,AK,,3,Republican,2017-01-03,2023-01-03,2021-01-03,2023-01-03,2021-01-03,2023-01-03
S001198,SenDanSullivan,Dan Sullivan,Dan,Sullivan,M,1964-11-13,current,117,senate,AK,,2,Republican,2021-01-03,2027-01-03,2021-01-03,2023-01-03,2021-01-03,2023-01-03
S000320,,Richard C. Shelby,Richard,Shelby,M,1934-05-06,historical,117,senate,AL,,3,Republican,2017-01-03,2023-01-03,2021-01-03,2023-01-03,2021-01-03,2023-01-03
T000278,SenTuberville,Tommy Tuberville,Tommy,Tuberville,M,1954-09-18,current,117,senate,AL,,2,Republican,2021-01-03,2027-01-03,2021-01-03,2023-01-03,2021-01-03,2023-01-03
B001236,JohnBoozman,John Boozman,John,Boozman,M,1950-12-10,current,117,senate,AR,,3,Republican,2017-01-03,2023-01-03,2021-01-03,2023-01-03,2021-01-03,2023-01-03
C001095,SenTomCotton,Tom Cotton,Tom,Cotton,M,1977-05-13,current,117,senate,AR,,2,Republican,2021-01-03,2027-01-03,2021-01-03,2023-01-03,2021-01-03,2023-01-03
K000377,SenMarkKelly,Mark Kelly,Mark,Kelly,M,1964-02-21,current,117,senate,AZ,,3,Democrat,2020-12-02,2023-01-03,2021-01-03,2023-01-03,2021-01-03,2023-01-03
S001191,,Kyrsten Sinema,Kyrsten,Sinema,F,1976-07-12,historical,117,senate,AZ,,1,Independent,2019-01-03,2025-01-03,2021-01-03,2023-01-03,2021-01-03,2023-01-03
F000062,,Dianne Feinstein,Dianne,Feinstein,F,1933-06-22,historical,117,senate,CA,,1,Democrat,2019-01-03,2023-09-28,2021-01-03,2023-01-03,2021-01-03,2023-01-03
H001075,,Kamala D. Harris,Kamala,Harris,F,1964-10-20,historical,117,senate,CA,,3,Democrat,2017-01-03,2021-01-18,2021-01-03,2023-01-03,2021-01-03,2021-01-18
P000145,SenAlexPadilla,Alex Padilla,Alejandro,Padilla,M,1973-03-22,current,117,senate,CA,,3,Democrat,2021-01-20,2022-12-21,2021-01-03,2023-01-03,2021-01-20,2022-12-21
P000145,SenAlexPadilla,Alex Padilla,Alejandro,Padilla,M,1973-03-22,current,117,senate,CA,,3,Democrat,2022-12-22,2023-01-03,2021-01-03,2023-01-03,2022-12-22,2023-01-03
B001267,SenatorBennet,Michael F. Bennet,Michael,Bennet,M,1964-11-28,current,117,senate,CO,,3,Democrat,2017-01-03,2023-01-03,2021-01-03,2023-01-03,2021-01-03,2023-01-03
H000273,SenatorHick,John W. Hickenlooper,John,Hickenlooper,M,1952-02-07,current,117,senate,CO,,2,Democrat,2021-01-03,2027-01-03,2021-01-03,2023-01-03,2021-01-03,2023-01-03
B001277,SenBlumenthal,Richard Blumenthal,Richard,Blumenthal,M,1946-02-13,current,117,senate,CT,,3,Democrat,2017-01-03,2023-01-03,2021-01-03,2023-01-03,2021-01-03,2023-01-03
M001169,SenMurphyOffice,Christopher Murphy,Christopher,Murphy,M,1973-08-03,current,117,senate,CT,,1,Democrat,2019-01-03,2025-01-03,2021-01-03,2023-01-03,2021-01-03,2023-01-03
C000174,,Thomas R. Carper,Thomas,Carper,M,1947-01-23,historical,117,senate,DE,,1,Democrat,2019-01-03,2025-01-03,2021-01-03,2023-01-03,2021-01-03,2023-01-03
C001088,ChrisCoons,Christopher A. Coons,Christopher,Coons,M,1963-09-09,current,117,senate,DE,,2,Democrat,2021-01-03,2027-01-03,2021-01-03,2023-01-03,2021-01-03,2023-01-03
R000595,,Marco Rubio,Marco,Rubio,M,1971-05-28,historical,117,senate,FL,,3,Republican,2017-01-03,2023-01-03,2021-01-03,2023-01-03,2021-01-03,2023-01-03
S001217,SenRickScott,Rick Scott,Rick,Scott,M,1952-12-01,current,117,senate,FL,,1,Republican,2019-01-08,2025-01-03,2021-01-03,2023-01-03,2021-01-03,2023-01-03
L000594,,Kelly Loeffler,Kelly,Loeffler,F,1970-11-27,historical,117,senate,GA,,3,Republican,2020-01-06,2021-01-20,2021-01-03,2023-01-03,2021-01-03,2021-01-20
O000174,SenOssoff,Jon Ossoff,Jon,Ossoff,M,1987-02-16,current,117,senate,GA,,2,Democrat,2021-01-20,2027-01-03,2021-01-03,2023-01-03,2021-01-20,2023-01-03
W000790,SenatorWarnock,Raphael G. Warnock,Raphael,Warnock,M,1969-07-23,current,117,senate,GA,,3,Democrat,2021-01-20,2023-01-03,2021-01-03,2023-01-03,2021-01-20,2023-01-03
H001042,MazieHirono,Mazie K. Hirono,Mazie,Hirono,F,1947-11-03,current,117,senate,HI,,1,Democrat,2019-01-03,2025-01-03,2021-01-03,2023-01-03,2021-01-03,2023-01-03
S001194,SenBrianSchatz,Brian Schatz,Brian,Schatz,M,1972-10-20,current,117,senate,HI,,3,Democrat,2017-01-03,2023-01-03,2021-01-03,2023-01-03,2021-01-03,2023-01-03
E000295,SenJoniErnst,Joni Ernst,Joni,Ernst,F,1970-07-01,current,117,senate,IA,,2,Republican,2021-01-03,2027-01-03,2021-01-03,2023-01-03,2021-01-03,2023-01-03
G000386,ChuckGrassley,Chuck Grassley,Charles,Grassley,M,1933-09-17,current,117,senate,IA,,3,Republican,2017-01-03,2023-01-03,2021-01-03,2023-01-03,2021-01-03,2023-01-03
C000880,MikeCrapo,Mike Crapo,Michael,Crapo,M,1951-05-20,current,117,senate,ID,,3,Republican,2017-01-03,2023-01-03,2021-01-03,2023-01-03,2021-01-03,2023-01-03
R000584,SenatorRisch,James E. Risch,James,Risch,M,1943-05-03,current,117,senate,ID,,2,Republican,2021-01-03,2027-01-03,2021-01-03,2023-01-03,2021-01-03,2023-01-03
D000622,SenDuckworth,Tammy Duckworth,Tammy,Duckworth,F,1968-03-12,current,117,senate,IL,,3,Democrat,2017-01-03,2023-01-03,2021-01-03,2023-01-03,2021-01-03,2023-01-03
D000563,SenatorDurbin,Richard J. Durbin,Richard,Durbin,M,1944-11-21,current,117,senate,IL,,2,Democrat,2021-01-03,2027-01-03,2021-01-03,2023-01-03,2021-01-03,2023-01-03
B001310,,Mike Braun,Mike,Braun,M,1954-03-24,historical,117,senate,IN,,1,Republican,2019-01-03,2025-01-03,2021-01-03,2023-01-03,2021-01-03,2023-01-03
Y000064,SenToddYoung,Todd Young,Todd,Young,M,1972-08-24,current,117,senate,IN,,3,Republican,2017-01-03,2023-01-03,2021-01-03,2023-01-03,2021-01-03,2023-01-03
M001198,SenatorMarshall,Roger Marshall,Roger,Marshall,M,1960-08-09,current,117,senate,KS,,2,Republican,2021-01-03,2027-01-03,2021-01-03,2023-01-03,2021-01-03,2023-01-03
M000934,JerryMoran,Jerry Moran,Jerry,Moran,M,1954-05-29,current,117,senate,KS,,3,Republican,2017-01-03,2023-01-03,2021-01-03,2023-01-03,2021-01-03,2023-01-03
M000355,McConnellPress,Mitch McConnell,Mitch,McConnell,M,1942-02-20,current,117,senate,KY,,2,Republican,2021-01-03,2027-01-03,2021-01-03,2023-01-03,2021-01-03,2023-01-03
P000603,SenRandPaul,Rand Paul,Rand,Paul,M,1963-01-07,current,117,senate,KY,,3,Republican,2017-01-03,2023-01-03,2021-01-03,2023-01-03,2021-01-03,2023-01-03
C001075,SenBillCassidy,Bill Cassidy,Bill,Cassidy,M,1957-09-28,current,117,senate,LA,,2,Republican,2021-01-03,2027-01-03,2021-01-03,2023-01-03,2021-01-03,2023-01-03
K000393,SenJohnKennedy,John Kennedy,John,Kennedy,M,1951-11-21,current,117,senate,LA,,3,Republican,2017-01-03,2023-01-03,2021-01-03,2023-01-03,2021-01-03,2023-01-03
M000133,SenMarkey,Edward J. Markey,Edward,Markey,M,1946-07-11,current,117,senate,MA,,2,Democrat,2021-01-03,2027-01-03,2021-01-03,2023-01-03,2021-01-03,2023-01-03
W000817,SenWarren,Elizabeth Warren,Elizabeth,Warren,F,1949-06-22,current,117,senate,MA,,1,Democrat,2019-01-03,2025-01-03,2021-01-03,2023-01-03,2021-01-03,2023-01-03
C000141,,Benjamin L. Cardin,Benjamin,Cardin,M,1943-10-05,historical,117,senate,MD,,1,Democrat,2019-01-03,2025-01-03,2021-01-03,2023-01-03,2021-01-03,2023-01-03
V000128,ChrisVanHollen,Chris Van Hollen,Chris,Van Hollen,M,1959-01-10,current,117,senate,MD,,3,Democrat,2017-01-03,2023-01-03,2021-01-03,2023-01-03,2021-01-03,2023-01-03
C001035,SenatorCollins,Susan M. Collins,Susan,Collins,F,1952-12-07,current,117,senate,ME,,2,Republican,2021-01-03,2027-01-03,2021-01-03,2023-01-03,2021-01-03,2023-01-03
K000383,SenAngusKing,"Angus S. King, Jr.",Angus,King,M,1944-03-31,current,117,senate,ME,,1,Independent,2019-01-03,2025-01-03,2021-01-03,2023-01-03,2021-01-03,2023-01-03
P000595,SenGaryPeters,Gary C. Peters,Gary,Peters,M,1958-12-01,current,117,senate,MI,,2,Democrat,2021-01-03,2027-01-03,2021-01-03,2023-01-03,2021-01-03,2023-01-03
S000770,,Debbie Stabenow,Debbie,Stabenow,F,1950-04-29,historical,117,senate,MI,,1,Democrat,2019-01-03,2025-01-03,2021-01-03,2023-01-03,2021-01-03,2023-01-03
K000367,SenAmyKlobuchar,Amy Klobuchar,Amy,Klobuchar,F,1960-05-25,current,117,senate,MN,,1,Democrat,2019-01-03,2025-01-03,2021-01-03,2023-01-03,2021-01-03,2023-01-03
S001203,SenTinaSmith,Tina Smith,Tina,Smith,F,1958-03-04,current,117,senate,MN,,2,Democrat,2021-01-03,2027-01-03,2021-01-03,2023-01-03,2021-01-03,2023-01-03
B000575,,Roy Blunt,Roy,Blunt,M,1950-01-10,historical,117,senate,MO,,3,Republican,2017-01-03,2023-01-03,2021-01-03,2023-01-03,2021-01-03,2023-01-03
H001089,SenHawleyPress,Josh Hawley,Joshua,Hawley,M,1979-12-31,current,117,senate,MO,,1,Republican,2019-01-03,2025-01-03,2021-01-03,2023-01-03,2021-01-03,2023-01-03
H001079,SenHydeSmith,Cindy Hyde-Smith,Cindy,Hyde-Smith,F,1959-05-10,current,117,senate,MS,,2,Republican,2021-01-03,2027-01-03,2021-01-03,2023-01-03,2021-01-03,2023-01-03
W000437,SenatorWicker,Roger F. Wicker,Roger,Wicker,M,1951-07-05,current,117,senate,MS,,1,Republican,2019-01-03,2025-01-03,2021-01-03,2023-01-03,2021-01-03,2023-01-03
D000618,SteveDaines,Steve Daines,Steve,Daines,M,1962-08-20,current,117,senate,MT,,2,Republican,2021-01-03,2027-01-03,2021-01-03,2023-01-03,2021-01-03,2023-01-03
T000464,,Jon Tester,Jon,Tester,M,1956-08-21,historical,117,senate,MT,,1,Democrat,2019-01-03,2025-01-03,2021-01-03,2023-01-03,2021-01-03,2023-01-03
B001135,,Richard Burr,Richard,Burr,M,1955-11-30,historical,117,senate,NC,,3,Republican,2017-01-03,2023-01-03,2021-01-03,2023-01-03,2021-01-03,2023-01-03
T000476,SenThomTillis,Thom Tillis,Thom,Tillis,M,1960-08-30,current,117,senate,NC,,2,Republican,2021-01-03,2027-01-03,2021-01-03,2023-01-03,2021-01-03,2023-01-03
C001096,SenKevinCramer,Kevin Cramer,Kevin,Cramer,M,1961-01-21,current,117,senate,ND,,1,Republican,2019-01-03,2025-01-03,2021-01-03,2023-01-03,2021-01-03,2023-01-03
H001061,SenJohnHoeven,John Hoeven,John,Hoeven,M,1957-03-13,current,117,senate,ND,,3,Republican,2017-01-03,2023-01-03,2021-01-03,2023-01-03,2021-01-03,2023-01-03
F000463,SenatorFischer,Deb Fischer,Deb,Fischer,F,1951-03-01,current,117,senate,NE,,1,Republican,2019-01-03,2025-01-03,2021-01-03,2023-01-03,2021-01-03,2023-01-03
S001197,,Ben Sasse,Benjamin,Sasse,M,1972-02-22,historical,117,senate,NE,,2,Republican,2021-01-03,2023-01-08,2021-01-03,2023-01-03,2021-01-03,2023-01-03
H001076,SenatorHassan,Margaret Wood Hassan,Margaret,Hassan,F,1958-02-27,current,117,senate,NH,,3,Democrat,2017-01-03,2023-01-03,2021-01-03,2023-01-03,2021-01-03,2023-01-03
S001181,SenatorShaheen,Jeanne Shaheen,Jeanne,Shaheen,F,1947-01-28,current,117,senate,NH,,2,Democrat,2021-01-03,2027-01-03,2021-01-03,2023-01-03,2021-01-03,2023-01-03
B001288,SenBooker,Cory A. Booker,Cory,Booker,M,1969-04-27,current,117,senate,NJ,,2,Democrat,2021-01-03,2027-01-03,2021-01-03,2023-01-03,2021-01-03,2023-01-03
M000639,,Robert Menendez,Robert,Menendez,M,1954-01-01,historical,117,senate,NJ,,1,Democrat,2019-01-03,2024-08-20,2021-01-03,2023-01-03,2021-01-03,2023-01-03
H001046,MartinHeinrich,Martin Heinrich,Martin,Heinrich,M,1971-10-17,current,117,senate,NM,,1,Democrat,2019-01-03,2025-01-03,2021-01-03,2023-01-03,2021-01-03,2023-01-03
L000570,SenatorLujan,Ben Ray Luján,Ben,Luján,M,1972-06-07,current,117,senate,NM,,2,Democrat,2021-01-03,2027-01-03,2021-01-03,2023-01-03,2021-01-03,2023-01-03
C001113,SenCortezMasto,Catherine Cortez Masto,Catherine,Cortez Masto,F,1964-03-29,current,117,senate,NV,,3,Democrat,2017-01-03,2023-01-03,2021-01-03,2023-01-03,2021-01-03,2023-01-03
R000608,SenJackyRosen,Jacky Rosen,Jacky,Rosen,F,1957-08-02,current,117,senate,NV,,1,Democrat,2019-01-03,2025-01-03,2021-01-03,2023-01-03,2021-01-03,2023-01-03
G000555,GillibrandNY,Kirsten E. Gillibrand,Kirsten,Gillibrand,F,1966-12-09,current,117,senate,NY,,1,Democrat,2019-01-03,2025-01-03,2021-01-03,2023-01-03,2021-01-03,2023-01-03
S000148,SenSchumer,Charles E. Schumer,Charles,Schumer,M,1950-11-23,current,117,senate,NY,,3,Democrat,2017-01-03,2023-01-03,2021-01-03,2023-01-03,2021-01-03,2023-01-03
B000944,,Sherrod Brown,Sherrod,Brown,M,1952-11-09,historical,117,senate,OH,,1,Democrat,2019-01-03,2025-01-03,2021-01-03,2023-01-03,2021-01-03,2023-01-03
P000449,,Rob Portman,Robert,Portman,M,1955-12-19,historical,117,senate,OH,,3,Republican,2017-01-03,2023-01-03,2021-01-03,2023-01-03,2021-01-03,2023-01-03
I000024,,James M. Inhofe,James,Inhofe,M,1934-11-17,historical,117,senate,OK,,2,Republican,2021-01-03,2023-01-03,2021-01-03,2023-01-03,2021-01-03,2023-01-03
L000575,SenatorLankford,James Lankford,James,Lankford,M,1968-03-04,current,117,senate,OK,,3,Republican,2017-01-03,2023-01-03,2021-01-03,2023-01-03,2021-01-03,2023-01-03
M001176,SenJeffMerkley,Jeff Merkley,Jeff,Merkley,M,1956-10-24,current,117,senate,OR,,2,Democrat,2021-01-03,2027-01-03,2021-01-03,2023-01-03,2021-01-03,2023-01-03
W000779,RonWyden,Ron Wyden,Ron,Wyden,M,1949-05-03,current,117,senate,OR,,3,Democrat,2017-01-03,2023-01-03,2021-01-03,2023-01-03,2021-01-03,2023-01-03
C001070,,"Robert P. Casey, Jr.",Robert,Casey,M,1960-04-13,historical,117,senate,PA,,1,Democrat,2019-01-03,2025-01-03,2021-01-03,2023-01-03,2021-01-03,2023-01-03
T000461,,Patrick J. Toomey,Patrick,Toomey,M,1961-11-17,historical,117,senate,PA,,3,Republican,2017-01-03,2023-01-03,2021-01-03,2023-01-03,2021-01-03,2023-01-03
R000122,SenJackReed,Jack Reed,John,Reed,M,1949-11-12,current,117,senate,RI,,2,Democrat,2021-01-03,2027-01-03,2021-01-03,2023-01-03,2021-01-03,2023-01-03
W000802,SenWhitehouse,Sheldon Whitehouse,Sheldon,Whitehouse,M,1955-10-20,current,117,senate,RI,,1,Democrat,2019-01-03,2025-01-03,2021-01-03,2023-01-03,2021-01-03,2023-01-03
G000359,GrahamBlog,Lindsey Graham,Lindsey,Graham,M,1955-07-09,current,117,senate,SC,,2,Republican,2021-01-03,2027-01-03,2021-01-03,2023-01-03,2021-01-03,2023-01-03
S001184,SenatorTimScott,Tim Scott,Tim,Scott,M,1965-09-19,current,117,senate,SC,,3,Republican,2017-01-03,2023-01-03,2021-01-03,2023-01-03,2021-01-03,2023-01-03
R000605,SenatorRounds,Mike Rounds,Mike,Rounds,M,1954-10-24,current,117,senate,SD,,2,Republican,2021-01-03,2027-01-03,2021-01-03,2023-01-03,2021-01-03,2023-01-03
T000250,SenJohnThune,John Thune,John,Thune,M,1961-01-07,current,117,senate,SD,,3,Republican,2017-01-03,2023-01-03,2021-01-03,2023-01-03,2021-01-03,2023-01-03
B001243,MarshaBlackburn,Marsha Blackburn,Marsha,Blackburn,F,1952-06-06,current,117,senate,TN,,1,Republican,2019-01-03,2025-01-03,2021-01-03,2023-01-03,2021-01-03,2023-01-03
H000601,SenatorHagerty,Bill Hagerty,Bill,Hagerty,M,1959-08-14,current,117,senate,TN,,2,Republican,2021-01-03,2027-01-03,2021-01-03,2023-01-03,2021-01-03,2023-01-03
C001056,JohnCornyn,John Cornyn,John,Cornyn,M,1952-02-02,current,117,senate,TX,,2,Republican,2021-01-03,2027-01-03,2021-01-03,2023-01-03,2021-01-03,2023-01-03
C001098,SenTedCruz,Ted Cruz,Ted,Cruz,M,1970-12-22,current,117,senate,TX,,1,Republican,2019-01-03,2025-01-03,2021-01-03,2023-01-03,2021-01-03,2023-01-03
L000577,SenMikeLee,Mike Lee,Mike,Lee,M,1971-06-04,current,117,senate,UT,,3,Republican,2017-01-03,2023-01-03,2021-01-03,2023-01-03,2021-01-03,2023-01-03
R000615,,Mitt Romney,Mitt,Romney,M,1947-03-12,historical,117,senate,UT,,1,Republican,2019-01-03,2025-01-03,2021-01-03,2023-01-03,2021-01-03,2023-01-03
K000384,,Tim Kaine,Timothy,Kaine,M,1958-02-26,current,117,senate,VA,,1,Democrat,2019-01-03,2025-01-03,2021-01-03,2023-01-03,2021-01-03,2023-01-03
W000805,MarkWarner,Mark R. Warner,Mark,Warner,M,1954-12-15,current,117,senate,VA,,2,Democrat,2021-01-03,2027-01-03,2021-01-03,2023-01-03,2021-01-03,2023-01-03
L000174,,Patrick J. Leahy,Patrick,Leahy,M,1940-03-31,historical,117,senate,VT,,3,Democrat,2017-01-03,2023-01-03,2021-01-03,2023-01-03,2021-01-03,2023-01-03
S000033,SenSanders,Bernard Sanders,Bernard,Sanders,M,1941-09-08,current,117,senate,VT,,1,Independent,2019-01-03,2025-01-03,2021-01-03,2023-01-03,2021-01-03,2023-01-03
C000127,SenatorCantwell,Maria Cantwell,Maria,Cantwell,F,1958-10-13,current,117,senate,WA,,1,Democrat,2019-01-03,2025-01-03,2021-01-03,2023-01-03,2021-01-03,2023-01-03
M001111,PattyMurray,Patty Murray,Patty,Murray,F,1950-10-11,current,117,senate,WA,,3,Democrat,2017-01-03,2023-01-03,2021-01-03,2023-01-03,2021-01-03,2023-01-03
B001230,SenatorBaldwin,Tammy Baldwin,Tammy,Baldwin,F,1962-02-11,current,117,senate,WI,,1,Democrat,2019-01-03,2025-01-03,2021-01-03,2023-01-03,2021-01-03,2023-01-03
J000293,SenRonJohnson,Ron Johnson,Ron,Johnson,M,1955-04-08,current,117,senate,WI,,3,Republican,2017-01-03,2023-01-03,2021-01-03,2023-01-03,2021-01-03,2023-01-03
C001047,SenCapito,Shelley Moore Capito,Shelley,Capito,F,1953-11-26,current,117,senate,WV,,2,Republican,2021-01-03,2027-01-03,2021-01-03,2023-01-03,2021-01-03,2023-01-03
M001183,,"Joe Manchin, III",Joe,Manchin,M,1947-08-24,historical,117,senate,WV,,1,Independent,2019-01-03,2025-01-03,2021-01-03,2023-01-03,2021-01-03,2023-01-03
B001261,SenJohnBarrasso,John Barrasso,John,Barrasso,M,1952-07-21,current,117,senate,WY,,1,Republican,2019-01-03,2025-01-03,2021-01-03,2023-01-03,2021-01-03,2023-01-03
L000571,SenLummis,Cynthia M. Lummis,Cynthia,Lummis,F,1954-09-10,current,117,senate,WY,,2,Republican,2021-01-03,2027-01-03,2021-01-03,2023-01-03,2021-01-03,2023-01-03
P000619,,Mary Sattler Peltola,Mary,Peltola,F,1973-08-31,historical,118,house,AK,0,,Democrat,2023-01-03,2025-01-03,2023-01-03,2025-01-03,2023-01-03,2025-01-03
A000055,Robert_Aderholt,Robert B. Aderholt,Robert,Aderholt,M,1965-07-22,current,118,house,AL,4,,Republican,2023-01-03,2025-01-03,2023-01-03,2025-01-03,2023-01-03,2025-01-03
C001054,,Jerry L. Carl,Jerry,Carl,M,1958-06-17,historical,118,house,AL,1,,Republican,2023-01-03,2025-01-03,2023-01-03,2025-01-03,2023-01-03,2025-01-03
M001212,RepBarryMoore,Barry Moore,Barry,Moore,M,1966-09-26,current,118,house,AL,2,,Republican,2023-01-03,2025-01-03,2023-01-03,2025-01-03,2023-01-03,2025-01-03
P000609,USRepGaryPalmer,Gary J. Palmer,Gary,Palmer,M,1954-05-14,current,118,house,AL,6,,Republican,2023-01-03,2025-01-03,2023-01-03,2025-01-03,2023-01-03,2025-01-03
R000575,RepMikeRogersAL,Mike Rogers,Mike,Rogers,M,1958-07-16,current,118,house,AL,3,,Republican,2023-01-03,2025-01-03,2023-01-03,2025-01-03,2023-01-03,2025-01-03
S001185,RepTerriSewell,Terri A. Sewell,Terri,Sewell,F,1965-01-01,current,118,house,AL,7,,Democrat,2023-01-03,2025-01-03,2023-01-03,2025-01-03,2023-01-03,2025-01-03
S001220,RepDaleStrong,Dale W. Strong,Dale,Strong,M,1970-05-08,current,118,house,AL,5,,Republican,2023-01-03,2025-01-03,2023-01-03,2025-01-03,2023-01-03,2025-01-03
C001087,RepRickCrawford,"Eric A. ""Rick"" Crawford",Eric,Crawford,M,1966-01-22,current,118,house,AR,1,,Republican,2023-01-03,2025-01-03,2023-01-03,2025-01-03,2023-01-03,2025-01-03
H001072,RepFrenchHill,J. French Hill,J.,Hill,M,1956-12-05,current,118,house,AR,2,,Republican,2023-01-03,2025-01-03,2023-01-03,2025-01-03,2023-01-03,2025-01-03
W000821,RepWesterman,Bruce Westerman,Bruce,Westerman,M,1967-11-18,current,118,house,AR,4,,Republican,2023-01-03,2025-01-03,2023-01-03,2025-01-03,2023-01-03,2025-01-03
W000809,Rep_SteveWomack,Steve Womack,Steve,Womack,M,1957-02-18,current,118,house,AR,3,,Republican,2023-01-03,2025-01-03,2023-01-03,2025-01-03,2023-01-03,2025-01-03
R000600,RepAmata,Aumua Amata Coleman Radewagen,Aumua Amata,Radewagen,F,1947-12-29,current,118,house,AS,0,,Republican,2023-01-03,2025-01-03,2023-01-03,2025-01-03,2023-01-03,2025-01-03
B001302,RepAndyBiggsAZ,Andy Biggs,Andy,Biggs,M,1958-11-07,current,118,house,AZ,5,,Republican,2023-01-03,2025-01-03,2023-01-03,2025-01-03,2023-01-03,2025-01-03
C001133,RepCiscomani,Juan Ciscomani,Juan,Ciscomani,M,1982-08-30,current,118,house,AZ,6,,Republican,2023-01-03,2025-01-03,2023-01-03,2025-01-03,2023-01-03,2025-01-03
C001132,RepEliCrane,Elijah Crane,Eli,Crane,M,1980-01-03,current,118,house,AZ,2,,Republican,2023-01-03,2025-01-03,2023-01-03,2025-01-03,2023-01-03,2025-01-03
G000574,RepRubenGallego,Ruben Gallego,Ruben,Gallego,M,1979-11-20,current,118,house,AZ,3,,Democrat,2023-01-03,2025-01-03,2023-01-03,2025-01-03,2023-01-03,2025-01-03
G000565,RepGosar,Paul A. Gosar,Paul,Gosar,M,1958-11-22,current,118,house,AZ,9,,Republican,2023-01-03,2025-01-03,2023-01-03,2025-01-03,2023-01-03,2025-01-03
G000551,,Raúl M. Grijalva,Raúl,Grijalva,M,1948-02-19,historical,118,house,AZ,7,,Democrat,2023-01-03,2025-01-03,2023-01-03,2025-01-03,2023-01-03,2025-01-03
L000589,,Debbie Lesko,Debbie,Lesko,F,1958-11-14,historical,118,house,AZ,8,,Republican,2023-01-03,2025-01-03,2023-01-03,2025-01-03,2023-01-03,2025-01-03
S001183,RepDavid,David Schweikert,David,Schweikert,M,1962-03-03,current,118,house,AZ,1,,Republican,2023-01-03,2025-01-03,2023-01-03,2025-01-03,2023-01-03,2025-01-03
S001211,RepGregStanton,Greg Stanton,Greg,Stanton,M,1970-03-08,current,118,house,AZ,4,,Democrat,2023-01-03,2025-01-03,2023-01-03,2025-01-03,2023-01-03,2025-01-03
A000371,RepPeteAguilar,Pete Aguilar,Pete,Aguilar,M,1979-06-19,current,118,house,CA,33,,Democrat,2023-01-03,2025-01-03,2023-01-03,2025-01-03,2023-01-03,2025-01-03
B001300,RepBarragan,Nanette Diaz Barragán,Nanette,Barragán,F,1976-09-15,current,118,house,CA,44,,Democrat,2023-01-03,2025-01-03,2023-01-03,2025-01-03,2023-01-03,2025-01-03
B001287,RepBera,Ami Bera,Ami,Bera,M,1965-03-02,current,118,house,CA,6,,Democrat,2023-01-03,2025-01-03,2023-01-03,2025-01-03,2023-01-03,2025-01-03
B001285,RepBrownley,Julia Brownley,Julia,Brownley,F,1952-08-28,current,118,house,CA,26,,Democrat,2023-01-03,2025-01-03,2023-01-03,2025-01-03,2023-01-03,2025-01-03
C000059,KenCalvert,Ken Calvert,Ken,Calvert,M,1953-06-08,current,118,house,CA,41,,Republican,2023-01-03,2025-01-03,2023-01-03,2025-01-03,2023-01-03,2025-01-03
C001112,RepCarbajal,Salud O. Carbajal,Salud,Carbajal,M,1964-11-18,current,118,house,CA,24,,Democrat,2023-01-03,2025-01-03,2023-01-03,2025-01-03,2023-01-03,2025-01-03
C001080,RepJudyChu,Judy Chu,Judy,Chu,F,1953-07-07,current,118,house,CA,28,,Democrat,2023-01-03,2025-01-03,2023-01-03,2025-01-03,2023-01-03,2025-01-03
C001110,RepLouCorrea,J. Luis Correa,J.,Correa,M,1958-01-24,current,118,house,CA,46,,Democrat,2023-01-03,2025-01-03,2023-01-03,2025-01-03,2023-01-03,2025-01-03
C001059,RepJimCosta,Jim Costa,Jim,Costa,M,1952-04-13,current,118,house,CA,21,,Democrat,2023-01-03,2025-01-03,2023-01-03,2025-01-03,2023-01-03,2025-01-03
C001097,,Tony Cárdenas,Tony,Cárdenas,M,1963-03-31,historical,118,house,CA,29,,Democrat,2023-01-03,2025-01-03,2023-01-03,2025-01-03,2023-01-03,2025-01-03
D000623,RepDeSaulnier,Mark DeSaulnier,Mark,DeSaulnier,M,1952-03-31,current,118,house,CA,10,,Democrat,2023-01-03,2025-01-03,2023-01-03,2025-01-03,2023-01-03,2025-01-03
D000633,,John S. Duarte,John,Duarte,M,1966-09-06,historical,118,house,CA,13,,Republican,2023-01-03,2025-01-03,2023-01-03,2025-01-03,2023-01-03,2025-01-03
E000215,,Anna G. Eshoo,Anna,Eshoo,F,1942-12-13,historical,118,house,CA,16,,Democrat,2023-01-03,2025-01-03,2023-01-03,2025-01-03,2023-01-03,2025-01-03
F000480,RepVinceFong,Vince Fong,Vince,Fong,M,1979-10-24,current,118,house,CA,20,,Republican,2024-06-03,2025-01-03,2023-01-03,2025-01-03,2024-06-03,2025-01-03
G000559,RepGaramendi,John Garamendi,John,Garamendi,M,1945-01-24,current,118,house,CA,8,,Democrat,2023-01-03,2025-01-03,2023-01-03,2025-01-03,2023-01-03,2025-01-03
G000061,,Mike Garcia,Mike,Garcia,M,1976-04-24,historical,118,house,CA,27,,Republican,2023-01-03,2025-01-03,2023-01-03,2025-01-03,2023-01-03,2025-01-03
G000598,RepRobertGarcia,Robert Garcia,Robert,Garcia,M,1977-12-02,current,118,house,CA,42,,Democrat,2023-01-03,2025-01-03,2023-01-03,2025-01-03,2023-01-03,2025-01-03
G000585,RepJimmyGomez,Jimmy Gomez,Jimmy,Gomez,M,1974-11-25,current,118,house,CA,34,,Democrat,2023-01-03,2025-01-03,2023-01-03,2025-01-03,2023-01-03,2025-01-03
H001090,RepJoshHarder,Josh Harder,Josh,Harder,M,1986-08-01,current,118,house,CA,9,,Democrat,2023-01-03,2025-01-03,2023-01-03,2025-01-03,2023-01-03,2025-01-03
H001068,RepHuffman,Jared Huffman,Jared,Huffman,M,1964-02-18,current,118,house,CA,2,,Democrat,2023-01-03,2025-01-03,2023-01-03,2025-01-03,2023-01-03,2025-01-03
I000056,repdarrellissa,Darrell Issa,Darrell,Issa,M,1953-11-01,current,118,house,CA,48,,Republican,2023-01-03,2025-01-03,2023-01-03,2025-01-03,2023-01-03,2025-01-03
J000305,RepSaraJacobs,Sara Jacobs,Sara,Jacobs,F,1989-02-01,current,118,house,CA,51,,Democrat,2023-01-03,2025-01-03,2023-01-03,2025-01-03,2023-01-03,2025-01-03
K000400,RepKamlagerDove,Sydney Kamlager-Dove,Sydney,Kamlager-Dove,F,1972-07-20,current,118,house,CA,37,,Democrat,2023-01-03,2025-01-03,2023-01-03,2025-01-03,2023-01-03,2025-01-03
K000389,RepRoKhanna,Ro Khanna,Ro,Khanna,M,1976-09-13,current,118,house,CA,17,,Democrat,2023-01-03,2025-01-03,2023-01-03,2025-01-03,2023-01-03,2025-01-03
K000401,RepKiley,Kevin Kiley,Kevin,Kiley,M,1985-01-30,current,118,house,CA,3,,Republican,2023-01-03,2025-01-03,2023-01-03,2025-01-03,2023-01-03,2025-01-03
K000397,RepYoungKim,Young Kim,Young,Kim,F,1962-10-18,current,118,house,CA,40,,Republican,2023-01-03,2025-01-03,2023-01-03,2025-01-03,2023-01-03,2025-01-03
L000578,,Doug LaMalfa,Doug,LaMalfa,M,1960-07-02,historical,118,house,CA,1,,Republican,2023-01-03,2025-01-03,2023-01-03,2025-01-03,2023-01-03,2025-01-03
L000551,,Barbara Lee,Barbara,Lee,F,1946-07-16,historical,118,house,CA,12,,Democrat,2023-01-03,2025-01-03,2023-01-03,2025-01-03,2023-01-03,2025-01-03
L000593,RepMikeLevin,Mike Levin,Mike,Levin,M,1978-10-28,current,118,house,CA,49,,Democrat,2023-01-03,2025-01-03,2023-01-03,2025-01-03,2023-01-03,2025-01-03
L000582,RepTedLieu,Ted Lieu,Ted,Lieu,M,1969-03-29,current,118,house,CA,36,,Democrat,2023-01-03,2025-01-03,2023-01-03,2025-01-03,2023-01-03,2025-01-03
L000397,RepZoeLofgren,Zoe Lofgren,Zoe,Lofgren,F,1947-12-21,current,118,house,CA,18,,Democrat,2023-01-03,2025-01-03,2023-01-03,2025-01-03,2023-01-03,2025-01-03
M001163,DorisMatsui,Doris O. Matsui,Doris,Matsui,F,1944-09-25,current,118,house,CA,7,,Democrat,2023-01-03,2025-01-03,2023-01-03,2025-01-03,2023-01-03,2025-01-03
M001165,,Kevin McCarthy,Kevin,McCarthy,M,1965-01-26,historical,118,house,CA,20,,Republican,2023-01-03,2023-12-31,2023-01-03,2025-01-03,2023-01-03,2023-12-31
M001177,RepMcClintock,Tom McClintock,Tom,McClintock,M,1956-07-10,current,118,house,CA,5,,Republican,2023-01-03,2025-01-03,2023-01-03,2025-01-03,2023-01-03,2025-01-03
M001225,RepKevinMullin,Kevin Mullin,Kevin,Mullin,M,1970-06-15,current,118,house,CA,15,,Democrat,2023-01-03,2025-01-03,2023-01-03,2025-01-03,2023-01-03,2025-01-03
N000179,,Grace F. Napolitano,Grace,Napolitano,F,1936-12-04,historical,118,house,CA,31,,Democrat,2023-01-03,2025-01-03,2023-01-03,2025-01-03,2023-01-03,2025-01-03
O000019,JayObernolte,Jay Obernolte,Jay,Obernolte,M,1970-08-18,current,118,house,CA,23,,Republican,2023-01-03,2025-01-03,2023-01-03,2025-01-03,2023-01-03,2025-01-03
P000613,RepJimmyPanetta,Jimmy Panetta,Jimmy,Panetta,M,1969-10-01,current,118,house,CA,19,,Democrat,2023-01-03,2025-01-03,2023-01-03,2025-01-03,2023-01-03,2025-01-03
P000197,SpeakerPelosi,Nancy Pelosi,Nancy,Pelosi,F,1940-03-26,current,118,house,CA,11,,Democrat,2023-01-03,2025-01-03,2023-01-03,2025-01-03,2023-01-03,2025-01-03
P000608,RepScottPeters,Scott H. Peters,Scott,Peters,M,1958-06-17,current,118,house,CA,50,,Democrat,2023-01-03,2025-01-03,2023-01-03,2025-01-03,2023-01-03,2025-01-03
P000618,,Katie Porter,Katie,Porter,F,1974-01-03,historical,118,house,CA,47,,Democrat,2023-01-03,2025-01-03,2023-01-03,2025-01-03,2023-01-03,2025-01-03
R000599,RepRaulRuizMD,Raul Ruiz,Raul,Ruiz,M,1972-08-25,current,118,house,CA,25,,Democrat,2023-01-03,2025-01-03,2023-01-03,2025-01-03,2023-01-03,2025-01-03
S001150,SenAdamSchiff,Adam B. Schiff,Adam,Schiff,M,1960-06-22,current,118,house,CA,30,,Democrat,2023-01-03,2024-12-08,2023-01-03,2025-01-03,2023-01-03,2024-12-08
S000344,BradSherman,Brad Sherman,Brad,Sherman,M,1954-10-24,current,118,house,CA,32,,Democrat,2023-01-03,2025-01-03,2023-01-03,2025-01-03,2023-01-03,2025-01-03
S001135,,Michelle Steel,Michelle,Steel,F,1955-06-21,historical,118,house,CA,45,,Republican,2023-01-03,2025-01-03,2023-01-03,2025-01-03,2023-01-03,2025-01-03
S001193,RepSwalwell,Eric Swalwell,Eric,Swalwell,M,1980-11-16,current,118,house,CA,14,,Democrat,2023-01-03,2025-01-03,2023-01-03,2025-01-03,2023-01-03,2025-01-03
S001156,RepLindaSanchez,Linda T. Sánchez,Linda,Sánchez,F,1969-01-28,current,118,house,CA,38,,Democrat,2023-01-03,2025-01-03,2023-01-03,2025-01-03,2023-01-03,2025-01-03
T000472,RepMarkTakano,Mark Takano,Mark,Takano,M,1960-12-10,current,118,house,CA,39,,Democrat,2023-01-03,2025-01-03,2023-01-03,2025-01-03,2023-01-03,2025-01-03
T000460,RepThompson,Mike Thompson,Mike,Thompson,M,1951-01-24,current,118,house,CA,4,,Democrat,2023-01-03,2025-01-03,2023-01-03,2025-01-03,2023-01-03,2025-01-03
T000474,NormaJTorres,Norma J. Torres,Norma,Torres,F,1965-04-04,current,118,house,CA,35,,Democrat,2023-01-03,2025-01-03,2023-01-03,2025-01-03,2023-01-03,2025-01-03
V000129,RepDavidValadao,David G. Valadao,David,Valadao,M,1977-04-14,current,118,house,CA,22,,Republican,2023-01-03,2025-01-03,2023-01-03,2025-01-03,2023-01-03,2025-01-03
V000130,RepJuanVargas,Juan Vargas,Juan,Vargas,M,1961-03-07,current,118,house,CA,52,,Democrat,2023-01-03,2025-01-03,2023-01-03,2025-01-03,2023-01-03,2025-01-03
W000187,RepMaxineWaters,Maxine Waters,Maxine,Waters,F,1938-08-15,current,118,house,CA,43,,Democrat,2023-01-03,2025-01-03,2023-01-03,2025-01-03,2023-01-03,2025-01-03
B000825,RepBoebert,Lauren Boebert,Lauren,Boebert,F,1986-12-15,current,118,house,CO,3,,Republican,2023-01-03,2025-01-03,2023-01-03,2025-01-03,2023-01-03,2025-01-03
B001297,,Ken Buck,Ken,Buck,M,1959-02-16,historical,118,house,CO,4,,Republican,2023-01-03,2024-03-22,2023-01-03,2025-01-03,2023-01-03,2024-03-22
C001134,,Yadira Caraveo,Yadira,Caraveo,F,1980-12-23,historical,118,house,CO,8,,Democrat,2023-01-03,2025-01-03,2023-01-03,2025-01-03,2023-01-03,2025-01-03
C001121,RepJasonCrow,Jason Crow,Jason,Crow,M,1979-03-15,current,118,house,CO,6,,Democrat,2023-01-03,2025-01-03,2023-01-03,2025-01-03,2023-01-03,2025-01-03
D000197,RepDianaDeGette,Diana DeGette,Diana,DeGette,F,1957-07-29,current,118,house,CO,1,,Democrat,2023-01-03,2025-01-03,2023-01-03,2025-01-03,2023-01-03,2025-01-03
L000564,,Doug Lamborn,Doug,Lamborn,M,1954-05-24,historical,118,house,CO,5,,Republican,2023-01-03,2025-01-03,2023-01-03,2025-01-03,2023-01-03,2025-01-03
L000604,,Greg Lopez,Greg,Lopez,M,1964-06-07,historical,118,house,CO,4,,Republican,2024-07-08,2025-01-03,2023-01-03,2025-01-03,2024-07-08,2025-01-03
N000191,RepJoeNeguse,Joe Neguse,Joe,Neguse,M,1984-05-13,current,118,house,CO,2,,Democrat,2023-01-03,2025-01-03,2023-01-03,2025-01-03,2023-01-03,2025-01-03
P000620,reppettersen,Brittany Pettersen,Brittany,Pettersen,F,1981-12-06,current,118,house,CO,7,,Democrat,2023-01-03,2025-01-03,2023-01-03,2025-01-03,2023-01-03,2025-01-03
C001069,RepJoeCourtney,Joe Courtney,Joe,Courtney,M,1953-04-06,current,118,house,CT,2,,Democrat,2023-01-03,2025-01-03,2023-01-03,2025-01-03,2023-01-03,2025-01-03
D000216,RosaDeLauro,Rosa L. DeLauro,Rosa,DeLauro,F,1943-03-02,current,118,house,CT,3,,Democrat,2023-01-03,2025-01-03,2023-01-03,2025-01-03,2023-01-03,2025-01-03
H001081,RepJahanaHayes,Jahana Hayes,Jahana,Hayes,F,1973-03-08,current,118,house,CT,5,,Democrat,2023-01-03,2025-01-03,2023-01-03,2025-01-03,2023-01-03,2025-01-03
H001047,jahimes,James A. Himes,James,Himes,M,1966-07-05,current,118,house,CT,4,,Democrat,2023-01-03,2025-01-03,2023-01-03,2025-01-03,2023-01-03,2025-01-03
L000557,RepJohnLarson,John B. Larson,John,Larson,M,1948-07-22,current,118,house,CT,1,,Democrat,2023-01-03,2025-01-03,2023-01-03,2025-01-03,2023-01-03,2025-01-03
N000147,EleanorNorton,Eleanor Holmes Norton,Eleanor,Norton,F,1937-06-13,current,118,house,DC,0,,Democrat,2023-01-03,2025-01-03,2023-01-03,2025-01-03,2023-01-03,2025-01-03
B001303,SenLBR,Lisa Blunt Rochester,Lisa,Blunt Rochester,F,1962-02-10,current,118,house,DE,0,,Democrat,2023-01-03,2025-01-03,2023-01-03,2025-01-03,2023-01-03,2025-01-03
B001314,RepAaronBean,Aaron Bean,Aaron,Bean,M,1967-01-25,current,118,house,FL,4,,Republican,2023-01-03,2025-01-03,2023-01-03,2025-01-03,2023-01-03,2025-01-03
B001257,RepGusBilirakis,Gus M. Bilirakis,Gus,Bilirakis,M,1963-02-08,current,118,house,FL,12,,Republican,2023-01-03,2025-01-03,2023-01-03,2025-01-03,2023-01-03,2025-01-03
B001260,VernBuchanan,Vern Buchanan,Vern,Buchanan,M,1951-05-08,current,118,house,FL,16,,Republican,2023-01-03,2025-01-03,2023-01-03,2025-01-03,2023-01-03,2025-01-03
C001039,RepKatCammack,Kat Cammack,Katherine,Cammack,F,1988-02-16,current,118,house,FL,3,,Republican,2023-01-03,2025-01-03,2023-01-03,2025-01-03,2023-01-03,2025-01-03
C001066,USRepKCastor,Kathy Castor,Kathy,Castor,F,1966-08-20,current,118,house,FL,14,,Democrat,2023-01-03,2025-01-03,2023-01-03,2025-01-03,2023-01-03,2025-01-03
C001127,,Sheila Cherfilus-McCormick,Sheila,Cherfilus-McCormick,F,1979-01-25,current,118,house,FL,20,,Democrat,2023-01-03,2025-01-03,2023-01-03,2025-01-03,2023-01-03,2025-01-03
D000600,MarioDB,Mario Diaz-Balart,Mario,Diaz-Balart,M,1961-09-25,current,118,house,FL,26,,Republican,2023-01-03,2025-01-03,2023-01-03,2025-01-03,2023-01-03,2025-01-03
D000032,RepDonaldsPress,Byron Donalds,Byron,Donalds,M,1978-10-28,current,118,house,FL,19,,Republican,2023-01-03,2025-01-03,2023-01-03,2025-01-03,2023-01-03,2025-01-03
D000628,DrNealDunnFL2,Neal P. Dunn,Neal,Dunn,M,1953-02-16,current,118,house,FL,2,,Republican,2023-01-03,2025-01-03,2023-01-03,2025-01-03,2023-01-03,2025-01-03
F000462,RepLoisFrankel,Lois Frankel,Lois,Frankel,F,1948-05-16,current,118,house,FL,22,,Democrat,2023-01-03,2025-01-03,2023-01-03,2025-01-03,2023-01-03,2025-01-03
F000472,RepFranklin,Scott Franklin,C.,Franklin,M,1964-08-23,current,118,house,FL,18,,Republican,2023-01-03,2025-01-03,2023-01-03,2025-01-03,2023-01-03,2025-01-03
F000476,RepMaxwellFrost,Maxwell Frost,Maxwell,Frost,M,1997-01-17,current,118,house,FL,10,,Democrat,2023-01-03,2025-01-03,2023-01-03,2025-01-03,2023-01-03,2025-01-03
G000578,,Matt Gaetz,Matt,Gaetz,M,1982-05-07,historical,118,house,FL,1,,Republican,2023-01-03,2024-11-13,2023-01-03,2025-01-03,2023-01-03,2024-11-13
G000593,RepCarlos,Carlos A. Gimenez,Carlos,Gimenez,M,1954-01-17,current,118,house,FL,28,,Republican,2023-01-03,2025-01-03,2023-01-03,2025-01-03,2023-01-03,2025-01-03
L000597,RepLaurelLee,Laurel M. Lee,Laurel,Lee,F,1974-03-26,current,118,house,FL,15,,Republican,2023-01-03,2025-01-03,2023-01-03,2025-01-03,2023-01-03,2025-01-03
L000596,RepLuna,Anna Paulina Luna,Anna,Luna,F,1989-05-06,current,118,house,FL,13,,Republican,2023-01-03,2025-01-03,2023-01-03,2025-01-03,2023-01-03,2025-01-03
M001199,RepBrianMast,Brian J. Mast,Brian,Mast,M,1980-07-10,current,118,house,FL,21,,Republican,2023-01-03,2025-01-03,2023-01-03,2025-01-03,2023-01-03,2025-01-03
M001216,RepMillsPress,Cory Mills,Cory,Mills,M,1980-07-30,current,118,house,FL,7,,Republican,2023-01-03,2025-01-03,2023-01-03,2025-01-03,2023-01-03,2025-01-03
M001217,RepMoskowitz,Jared Moskowitz,Jared,Moskowitz,M,1980-12-18,current,118,house,FL,23,,Democrat,2023-01-03,2025-01-03,2023-01-03,2025-01-03,2023-01-03,2025-01-03
P000599,,Bill Posey,Bill,Posey,M,1947-12-18,historical,118,house,FL,8,,Republican,2023-01-03,2025-01-03,2023-01-03,2025-01-03,2023-01-03,2025-01-03
R000609,RepRutherfordFL,John H. Rutherford,John,Rutherford,M,1952-09-02,current,118,house,FL,5,,Republican,2023-01-03,2025-01-03,2023-01-03,2025-01-03,2023-01-03,2025-01-03
S000168,RepMariaSalazar,Maria Elvira Salazar,Maria,Salazar,F,1961-11-01,current,118,house,FL,27,,Republican,2023-01-03,2025-01-03,2023-01-03,2025-01-03,2023-01-03,2025-01-03
S001200,RepDarrenSoto,Darren Soto,Darren,Soto,M,1978-02-25,current,118,house,FL,9,,Democrat,2023-01-03,2025-01-03,2023-01-03,2025-01-03,2023-01-03,2025-01-03
S001214,RepGregSteube,W. Gregory Steube,W.,Steube,M,1978-05-19,current,118,house,FL,17,,Republican,2023-01-03,2025-01-03,2023-01-03,2025-01-03,2023-01-03,2025-01-03
W000823,,Michael Waltz,Michael,Waltz,M,1974-01-31,historical,118,house,FL,6,,Republican,2023-01-03,2025-01-03,2023-01-03,2025-01-03,2023-01-03,2025-01-03
W000797,RepDWStweets,Debbie Wasserman Schultz,Debbie,Wasserman Schultz,F,1966-09-27,current,118,house,FL,25,,Democrat,2023-01-03,2025-01-03,2023-01-03,2025-01-03,2023-01-03,2025-01-03
W000806,RepWebster,Daniel Webster,Daniel,Webster,M,1949-04-27,current,118,house,FL,11,,Republican,2023-01-03,2025-01-03,2023-01-03,2025-01-03,2023-01-03,2025-01-03
W000808,RepWilson,Frederica S. Wilson,Frederica,Wilson,F,1942-11-05,current,118,house,FL,24,,Democrat,2023-01-03,2025-01-03,2023-01-03,2025-01-03,2023-01-03,2025-01-03
A000372,RepRickAllen,Rick W. Allen,Rick,Allen,M,1951-11-07,current,118,house,GA,12,,Republican,2023-01-03,2025-01-03,2023-01-03,2025-01-03,2023-01-03,2025-01-03
B000490,SanfordBishop,"Sanford D. Bishop, Jr.",Sanford,Bishop,M,1947-02-04,current,118,house,GA,2,,Democrat,2023-01-03,2025-01-03,2023-01-03,2025-01-03,2023-01-03,2025-01-03
C001103,RepBuddyCarter,"Earl L. ""Buddy"" Carter",Earl,Carter,M,1957-09-06,current,118,house,GA,1,,Republican,2023-01-03,2025-01-03,2023-01-03,2025-01-03,2023-01-03,2025-01-03
C001116,Rep_Clyde,Andrew S. Clyde,Andrew,Clyde,M,1963-11-22,current,118,house,GA,9,,Republican,2023-01-03,2025-01-03,2023-01-03,2025-01-03,2023-01-03,2025-01-03
C001129,RepMikeCollins,Mike Collins,Mike,Collins,M,1967-07-02,current,118,house,GA,10,,Republican,2023-01-03,2025-01-03,2023-01-03,2025-01-03,2023-01-03,2025-01-03
F000465,,A. Drew Ferguson IV,A.,Ferguson,M,1966-11-15,historical,118,house,GA,3,,Republican,2023-01-03,2025-01-03,2023-01-03,2025-01-03,2023-01-03,2025-01-03
G000596,,Marjorie Taylor Greene,Marjorie,Greene,F,1974-05-27,historical,118,house,GA,14,,Republican,2023-01-03,2025-01-03,2023-01-03,2025-01-03,2023-01-03,2025-01-03
J000288,RepHankJohnson,"Henry C. ""Hank"" Johnson, Jr.",Henry,Johnson,M,1954-10-02,current,118,house,GA,4,,Democrat,2023-01-03,2025-01-03,2023-01-03,2025-01-03,2023-01-03,2025-01-03
L000583,RepLoudermilk,Barry Loudermilk,Barry,Loudermilk,M,1963-12-22,current,118,house,GA,11,,Republican,2023-01-03,2025-01-03,2023-01-03,2025-01-03,2023-01-03,2025-01-03
M001208,RepLucyMcBath,Lucy McBath,Lucy,McBath,F,1960-06-01,current,118,house,GA,7,,Democrat,2023-01-03,2025-01-03,2023-01-03,2025-01-03,2023-01-03,2025-01-03
M001218,RepMcCormick,Richard McCormick,Rich,McCormick,M,1968-10-07,current,118,house,GA,6,,Republican,2023-01-03,2025-01-03,2023-01-03,2025-01-03,2023-01-03,2025-01-03
S001189,AustinScottGA08,Austin Scott,Austin,Scott,M,1969-12-10,current,118,house,GA,8,,Republican,2023-01-03,2025-01-03,2023-01-03,2025-01-03,2023-01-03,2025-01-03
S001157,RepDavidScott,David Scott,David,Scott,M,1945-06-27,current,118,house,GA,13,,Democrat,2023-01-03,2025-01-03,2023-01-03,2025-01-03,2023-01-03,2025-01-03
W000788,RepNikema,Nikema Williams,Nikema,Williams,F,1978-07-30,current,118,house,GA,5,,Democrat,2023-01-03,2025-01-03,2023-01-03,2025-01-03,2023-01-03,2025-01-03
M001219,JMoylanforGuam,James C. Moylan,James (Jim),Moylan,M,1962-07-18,current,118,house,GU,0,,Republican,2023-01-03,2025-01-03,2023-01-03,2025-01-03,2023-01-03,2025-01-03
C001055,RepEdCase,Ed Case,Ed,Case,M,1952-09-27,current,118,house,HI,1,,Democrat,2023-01-03,2025-01-03,2023-01-03,2025-01-03,2023-01-03,2025-01-03
T000487,RepJillTokuda,Jill N. Tokuda,Jill,Tokuda,F,1976-03-28,current,118,house,HI,2,,Democrat,2023-01-03,2025-01-03,2023-01-03,2025-01-03,2023-01-03,2025-01-03
F000446,RepFeenstra,Randy Feenstra,Randy,Feenstra,M,1969-01-14,current,118,house,IA,4,,Republican,2023-01-03,2025-01-03,2023-01-03,2025-01-03,2023-01-03,2025-01-03
H001091,RepAshleyHinson,Ashley Hinson,Ashley,Hinson,F,1983-06-27,current,118,house,IA,2,,Republican,2023-01-03,2025-01-03,2023-01-03,2025-01-03,2023-01-03,2025-01-03
M001215,RepMMM,Mariannette Miller-Meeks,Mariannette,Miller-Meeks,F,1955-09-06,current,118,house,IA,1,,Republican,2023-01-03,2025-01-03,2023-01-03,2025-01-03,2023-01-03,2025-01-03
N000193,ZachNunn,Zachary Nunn,Zachary (Zach),Nunn,M,1979-05-04,current,118,house,IA,3,,Republican,2023-01-03,2025-01-03,2023-01-03,2025-01-03,2023-01-03,2025-01-03
F000469,RepRussFulcher,Russ Fulcher,Russ,Fulcher,M,1973-07-19,current,118,house,ID,1,,Republican,2023-01-03,2025-01-03,2023-01-03,2025-01-03,2023-01-03,2025-01-03
S001148,CongMikeSimpson,Michael K. Simpson,Michael,Simpson,M,1950-09-08,current,118,house,ID,2,,Republican,2023-01-03,2025-01-03,2023-01-03,2025-01-03,2023-01-03,2025-01-03
B001295,RepBost,Mike Bost,Mike,Bost,M,1960-12-30,current,118,house,IL,12,,Republican,2023-01-03,2025-01-03,2023-01-03,2025-01-03,2023-01-03,2025-01-03
B001315,RepNikkiB,Nikki Budzinski,Nicole (Nikki),Budzinski,F,1977-03-11,current,118,house,IL,13,,Democrat,2023-01-03,2025-01-03,2023-01-03,2025-01-03,2023-01-03,2025-01-03
C001117,RepCasten,Sean Casten,Sean,Casten,M,1971-11-23,current,118,house,IL,6,,Democrat,2023-01-03,2025-01-03,2023-01-03,2025-01-03,2023-01-03,2025-01-03
D000096,RepDannyDavis,Danny K. Davis,Danny,Davis,M,1941-09-06,current,118,house,IL,7,,Democrat,2023-01-03,2025-01-03,2023-01-03,2025-01-03,2023-01-03,2025-01-03
F000454,RepBillFoster,Bill Foster,Bill,Foster,M,1955-10-07,current,118,house,IL,11,,Democrat,2023-01-03,2025-01-03,2023-01-03,2025-01-03,2023-01-03,2025-01-03
G000586,RepChuyGarcia,"Jesús G. ""Chuy"" García",Jesús,García,M,1956-04-12,current,118,house,IL,4,,Democrat,2023-01-03,2025-01-03,2023-01-03,2025-01-03,2023-01-03,2025-01-03
J000309,,Jonathan L. Jackson,Jonathan,Jackson,M,1966-01-07,current,118,house,IL,1,,Democrat,2023-01-03,2025-01-03,2023-01-03,2025-01-03,2023-01-03,2025-01-03
K000385,RepRobinKelly,Robin L. Kelly,Robin,Kelly,F,1956-04-30,current,118,house,IL,2,,Democrat,2023-01-03,2025-01-03,2023-01-03,2025-01-03,2023-01-03,2025-01-03
K000391,CongressmanRaja,Raja Krishnamoorthi,Raja,Krishnamoorthi,M,1973-07-19,current,118,house,IL,8,,Democrat,2023-01-03,2025-01-03,2023-01-03,2025-01-03,2023-01-03,2025-01-03
L000585,RepLaHood,Darin LaHood,Darin,LaHood,M,1968-07-05,current,118,house,IL,16,,Republican,2023-01-03,2025-01-03,2023-01-03,2025-01-03,2023-01-03,2025-01-03
M001211,RepMaryMiller,Mary E. Miller,Mary,Miller,F,1959-08-27,current,118,house,IL,15,,Republican,2023-01-03,2025-01-03,2023-01-03,2025-01-03,2023-01-03,2025-01-03
Q000023,RepMikeQuigley,Mike Quigley,Mike,Quigley,M,1958-10-17,current,118,house,IL,5,,Democrat,2023-01-03,2025-01-03,2023-01-03,2025-01-03,2023-01-03,2025-01-03
R000617,repdeliaramirez,Delia C. Ramirez,Delia,Ramirez,F,1983-06-02,current,118,house,IL,3,,Democrat,2023-01-03,2025-01-03,2023-01-03,2025-01-03,2023-01-03,2025-01-03
S001145,JanSchakowsky,Janice D. Schakowsky,Janice,Schakowsky,F,1944-05-26,current,118,house,IL,9,,Democrat,2023-01-03,2025-01-03,2023-01-03,2025-01-03,2023-01-03,2025-01-03
S001190,RepSchneider,Bradley Scott Schneider,Bradley,Schneider,M,1961-08-20,current,118,house,IL,10,,Democrat,2023-01-03,2025-01-03,2023-01-03,2025-01-03,2023-01-03,2025-01-03
S001225,RepEricSorensen,Eric Sorensen,Eric,Sorensen,M,1976-03-18,current,118,house,IL,17,,Democrat,2023-01-03,2025-01-03,2023-01-03,2025-01-03,2023-01-03,2025-01-03
U000040,RepUnderwood,Lauren Underwood,Lauren,Underwood,F,1986-10-04,current,118,house,IL,14,,Democrat,2023-01-03,2025-01-03,2023-01-03,2025-01-03,2023-01-03,2025-01-03
B001307,RepJimBaird,James R. Baird,James,Baird,M,1945-06-04,current,118,house,IN,4,,Republican,2023-01-03,2025-01-03,2023-01-03,2025-01-03,2023-01-03,2025-01-03
B001299,RepJimBanks,Jim Banks,Jim,Banks,M,1979-07-16,current,118,house,IN,3,,Republican,2023-01-03,2025-01-03,2023-01-03,2025-01-03,2023-01-03,2025-01-03
B001275,,Larry Bucshon,Larry,Bucshon,M,1962-05-31,historical,118,house,IN,8,,Republican,2023-01-03,2025-01-03,2023-01-03,2025-01-03,2023-01-03,2025-01-03
C001072,RepAndreCarson,André Carson,André,Carson,M,1974-10-16,current,118,house,IN,7,,Democrat,2023-01-03,2025-01-03,2023-01-03,2025-01-03,2023-01-03,2025-01-03
H001093,RepHouchin,Erin Houchin,Erin,Houchin,F,1976-09-24,current,118,house,IN,9,,Republican,2023-01-03,2025-01-03,2023-01-03,2025-01-03,2023-01-03,2025-01-03
M001214,RepMrvan,Frank J. Mrvan,Frank,Mrvan,M,1969-04-16,current,118,house,IN,1,,Democrat,2023-01-03,2025-01-03,2023-01-03,2025-01-03,2023-01-03,2025-01-03
P000615,,Greg Pence,Greg,Pence,M,1956-11-14,historical,118,house,IN,6,,Republican,2023-01-03,2025-01-03,2023-01-03,2025-01-03,2023-01-03,2025-01-03
S000929,RepSpartz,Victoria Spartz,Victoria,Spartz,F,1978-10-06,current,118,house,IN,5,,Republican,2023-01-03,2025-01-03,2023-01-03,2025-01-03,2023-01-03,2025-01-03
Y000067,RepRudyYakym,Rudy Yakym III,Rudy,Yakym,M,1984-02-24,current,118,house,IN,2,,Republican,2023-01-03,2025-01-03,2023-01-03,2025-01-03,2023-01-03,2025-01-03
D000629,RepDavids,Sharice Davids,Sharice,Davids,F,1980-05-22,current,118,house,KS,3,,Democrat,2023-01-03,2025-01-03,2023-01-03,2025-01-03,2023-01-03,2025-01-03
E000298,RepRonEstes,Ron Estes,Ron,Estes,M,1956-07-19,current,118,house,KS,4,,Republican,2023-01-03,2025-01-03,2023-01-03,2025-01-03,2023-01-03,2025-01-03
L000266,,Jake LaTurner,Jacob,LaTurner,M,1988-02-17,historical,118,house,KS,2,,Republican,2023-01-03,2025-01-03,2023-01-03,2025-01-03,2023-01-03,2025-01-03
M000871,RepMann,Tracey Mann,Tracey,Mann,M,1976-12-17,current,118,house,KS,1,,Republican,2023-01-03,2025-01-03,2023-01-03,2025-01-03,2023-01-03,2025-01-03
B001282,RepAndyBarr,Andy Barr,Garland,Barr,M,1973-07-24,current,118,house,KY,6,,Republican,2023-01-03,2025-01-03,2023-01-03,2025-01-03,2023-01-03,2025-01-03
C001108,RepJamesComer,James Comer,James,Comer,M,1972-08-19,current,118,house,KY,1,,Republican,2023-01-03,2025-01-03,2023-01-03,2025-01-03,2023-01-03,2025-01-03
G000558,RepGuthrie,Brett Guthrie,Brett,Guthrie,M,1964-02-18,current,118,house,KY,2,,Republican,2023-01-03,2025-01-03,2023-01-03,2025-01-03,2023-01-03,2025-01-03
M001184,RepThomasMassie,Thomas Massie,Thomas,Massie,M,1971-01-13,current,118,house,KY,4,,Republican,2023-01-03,2025-01-03,2023-01-03,2025-01-03,2023-01-03,2025-01-03
M001220,RepMcGarvey,Morgan McGarvey,Morgan,McGarvey,M,1979-12-23,current,118,house,KY,3,,Democrat,2023-01-03,2025-01-03,2023-01-03,2025-01-03,2023-01-03,2025-01-03
R000395,RepHalRogers,Harold Rogers,Harold,Rogers,M,1937-12-31,current,118,house,KY,5,,Republican,2023-01-03,2025-01-03,2023-01-03,2025-01-03,2023-01-03,2025-01-03
C001125,RepTroyCarter,Troy A. Carter,Troy,Carter,M,1963-10-26,current,118,house,LA,2,,Democrat,2023-01-03,2025-01-03,2023-01-03,2025-01-03,2023-01-03,2025-01-03
G000577,,Garret Graves,Garret,Graves,M,1972-01-31,historical,118,house,LA,6,,Republican,2023-01-03,2025-01-03,2023-01-03,2025-01-03,2023-01-03,2025-01-03
H001077,RepClayHiggins,Clay Higgins,Clay,Higgins,M,1961-08-24,current,118,house,LA,3,,Republican,2023-01-03,2025-01-03,2023-01-03,2025-01-03,2023-01-03,2025-01-03
J000299,RepMikeJohnson,Mike Johnson,Mike,Johnson,M,1972-01-30,current,118,house,LA,4,,Republican,2023-01-03,2025-01-03,2023-01-03,2025-01-03,2023-01-03,2025-01-03
L000595,RepJuliaLetlow,Julia Letlow,Julia,Letlow,F,1981-03-16,current,118,house,LA,5,,Republican,2023-01-03,2025-01-03,2023-01-03,2025-01-03,2023-01-03,2025-01-03
S001176,SteveScalise,Steve Scalise,Steve,Scalise,M,1965-10-06,current,118,house,LA,1,,Republican,2023-01-03,2025-01-03,2023-01-03,2025-01-03,2023-01-03,2025-01-03
A000148,RepAuchincloss,Jake Auchincloss,Jake,Auchincloss,M,1988-01-29,current,118,house,MA,4,,Democrat,2023-01-03,2025-01-03,2023-01-03,2025-01-03,2023-01-03,2025-01-03
C001101,RepKClark,Katherine M. Clark,Katherine,Clark,F,1963-07-17,current,118,house,MA,5,,Democrat,2023-01-03,2025-01-03,2023-01-03,2025-01-03,2023-01-03,2025-01-03
K000375,USRepKeating,William R. Keating,William,Keating,M,1952-09-06,current,118,house,MA,9,,Democrat,2023-01-03,2025-01-03,2023-01-03,2025-01-03,2023-01-03,2025-01-03
L000562,RepStephenLynch,Stephen F. Lynch,Stephen,Lynch,M,1955-03-31,current,118,house,MA,8,,Democrat,2023-01-03,2025-01-03,2023-01-03,2025-01-03,2023-01-03,2025-01-03
M000312,RepMcGovern,James P. McGovern,James,McGovern,M,1959-11-20,current,118,house,MA,2,,Democrat,2023-01-03,2025-01-03,2023-01-03,2025-01-03,2023-01-03,2025-01-03
M001196,RepMoulton,Seth Moulton,Seth,Moulton,M,1978-10-24,current,118,house,MA,6,,Democrat,2023-01-03,2025-01-03,2023-01-03,2025-01-03,2023-01-03,2025-01-03
N000015,RepRichardNeal,Richard E. Neal,Richard,Neal,M,1949-02-14,current,118,house,MA,1,,Democrat,2023-01-03,2025-01-03,2023-01-03,2025-01-03,2023-01-03,2025-01-03
P000617,RepPressley,Ayanna Pressley,Ayanna,Pressley,F,1974-02-03,current,118,house,MA,7,,Democrat,2023-01-03,2025-01-03,2023-01-03,2025-01-03,2023-01-03,2025-01-03
T000482,RepLoriTrahan,Lori Trahan,Lori,Trahan,F,1973-10-27,current,118,house,MA,3,,Democrat,2023-01-03,2025-01-03,2023-01-03,2025-01-03,2023-01-03,2025-01-03
H001052,RepAndyHarrisMD,Andy Harris,Andy,Harris,M,1957-01-25,current,118,house,MD,1,,Republican,2023-01-03,2025-01-03,2023-01-03,2025-01-03,2023-01-03,2025-01-03
H000874,RepStenyHoyer,Steny H. Hoyer,Steny,Hoyer,M,1939-06-14,current,118,house,MD,5,,Democrat,2023-01-03,2025-01-03,2023-01-03,2025-01-03,2023-01-03,2025-01-03
I000058,RepGlennIvey,Glenn Ivey,Glenn,Ivey,M,1961-02-27,current,118,house,MD,4,,Democrat,2023-01-03,2025-01-03,2023-01-03,2025-01-03,2023-01-03,2025-01-03
M000687,RepKweisiMfume,Kweisi Mfume,Kweisi,Mfume,M,1948-10-24,current,118,house,MD,7,,Democrat,2023-01-03,2025-01-03,2023-01-03,2025-01-03,2023-01-03,2025-01-03
R000606,RepRaskin,Jamie Raskin,Jamie,Raskin,M,1962-12-13,current,118,house,MD,8,,Democrat,2023-01-03,2025-01-03,2023-01-03,2025-01-03,2023-01-03,2025-01-03
R000576,,C. A. Dutch Ruppersberger,C.,Ruppersberger,M,1946-01-31,historical,118,house,MD,2,,Democrat,2023-01-03,2025-01-03,2023-01-03,2025-01-03,2023-01-03,2025-01-03
S001168,,John P. Sarbanes,John,Sarbanes,M,1962-05-22,historical,118,house,MD,3,,Democrat,2023-01-03,2025-01-03,2023-01-03,2025-01-03,2023-01-03,2025-01-03
T000483,,David J. Trone,David,Trone,M,1955-09-21,historical,118,house,MD,6,,Democrat,2023-01-03,2025-01-03,2023-01-03,2025-01-03,2023-01-03,2025-01-03
G000592,RepGolden,Jared F. Golden,Jared,Golden,M,1982-07-25,current,118,house,ME,2,,Democrat,2023-01-03,2025-01-03,2023-01-03,2025-01-03,2023-01-03,2025-01-03
P000597,ChelliePingree,Chellie Pingree,Chellie,Pingree,F,1955-04-02,current,118,house,ME,1,,Democrat,2023-01-03,2025-01-03,2023-01-03,2025-01-03,2023-01-03,2025-01-03
B001301,RepJackBergman,Jack Bergman,Jack,Bergman,M,1947-02-02,current,118,house,MI,1,,Republican,2023-01-03,2025-01-03,2023-01-03,2025-01-03,2023-01-03,2025-01-03
D000624,RepDebDingell,Debbie Dingell,Debbie,Dingell,F,1953-11-23,current,118,house,MI,6,,Democrat,2023-01-03,2025-01-03,2023-01-03,2025-01-03,2023-01-03,2025-01-03
H001058,RepHuizenga,Bill Huizenga,Bill,Huizenga,M,1969-01-31,current,118,house,MI,4,,Republican,2023-01-03,2025-01-03,2023-01-03,2025-01-03,2023-01-03,2025-01-03
J000307,RepJames,John James,John,James,M,1981-06-08,current,118,house,MI,10,,Republican,2023-01-03,2025-01-03,2023-01-03,2025-01-03,2023-01-03,2025-01-03
K000380,,Daniel T. Kildee,Daniel,Kildee,M,1958-08-11,historical,118,house,MI,8,,Democrat,2023-01-03,2025-01-03,2023-01-03,2025-01-03,2023-01-03,2025-01-03
M001136,RepLisaMcClain,Lisa C. McClain,Lisa,McClain,F,1966-04-07,current,118,house,MI,9,,Republican,2023-01-03,2025-01-03,2023-01-03,2025-01-03,2023-01-03,2025-01-03
M001194,RepMoolenaar,John R. Moolenaar,John,Moolenaar,M,1961-05-08,current,118,house,MI,2,,Republican,2023-01-03,2025-01-03,2023-01-03,2025-01-03,2023-01-03,2025-01-03
S001221,RepScholten,Hillary J. Scholten,Hillary,Scholten,F,1982-02-22,current,118,house,MI,3,,Democrat,2023-01-03,2025-01-03,2023-01-03,2025-01-03,2023-01-03,2025-01-03
S001208,RepSlotkin,Elissa Slotkin,Elissa,Slotkin,F,1976-07-10,current,118,house,MI,7,,Democrat,2023-01-03,2025-01-03,2023-01-03,2025-01-03,2023-01-03,2025-01-03
S001215,RepHaleyStevens,Haley M. Stevens,Haley,Stevens,F,1983-06-24,current,118,house,MI,11,,Democrat,2023-01-03,2025-01-03,2023-01-03,2025-01-03,2023-01-03,2025-01-03
T000488,RepShriThanedar,Shri Thanedar,Shri,Thanedar,M,1955-02-22,current,118,house,MI,13,,Democrat,2023-01-03,2025-01-03,2023-01-03,2025-01-03,2023-01-03,2025-01-03
T000481,RepRashida,Rashida Tlaib,Rashida,Tlaib,F,1976-07-24,current,118,house,MI,12,,Democrat,2023-01-03,2025-01-03,2023-01-03,2025-01-03,2023-01-03,2025-01-03
W000798,RepWalberg,Tim Walberg,Tim,Walberg,M,1951-04-12,current,118,house,MI,5,,Republican,2023-01-03,2025-01-03,2023-01-03,2025-01-03,2023-01-03,2025-01-03
C001119,RepAngieCraig,Angie Craig,Angie,Craig,F,1972-02-14,current,118,house,MN,2,,Democrat,2023-01-03,2025-01-03,2023-01-03,2025-01-03,2023-01-03,2025-01-03
E000294,RepTomEmmer,Tom Emmer,Tom,Emmer,M,1961-03-03,current,118,house,MN,6,,Republican,2023-01-03,2025-01-03,2023-01-03,2025-01-03,2023-01-03,2025-01-03
F000475,RepFinstad,Brad Finstad,Brad,Finstad,M,1976-05-30,current,118,house,MN,1,,Republican,2023-01-03,2025-01-03,2023-01-03,2025-01-03,2023-01-03,2025-01-03
F000470,RepFischbach,Michelle Fischbach,Michelle,Fischbach,F,1965-11-03,current,118,house,MN,7,,Republican,2023-01-03,2025-01-03,2023-01-03,2025-01-03,2023-01-03,2025-01-03
M001143,BettyMcCollum04,Betty McCollum,Betty,McCollum,F,1954-07-12,current,118,house,MN,4,,Democrat,2023-01-03,2025-01-03,2023-01-03,2025-01-03,2023-01-03,2025-01-03
O000173,Ilhan,Ilhan Omar,Ilhan,Omar,F,1981-10-04,current,118,house,MN,5,,Democrat,2023-01-03,2025-01-03,2023-01-03,2025-01-03,2023-01-03,2025-01-03
P000616,,Dean Phillips,Dean,Phillips,M,1969-01-20,historical,118,house,MN,3,,Democrat,2023-01-03,2025-01-03,2023-01-03,2025-01-03,2023-01-03,2025-01-03
S001212,RepPeteStauber,Pete Stauber,Pete,Stauber,M,1966-05-10,current,118,house,MN,8,,Republican,2023-01-03,2025-01-03,2023-01-03,2025-01-03,2023-01-03,2025-01-03
A000379,RepMarkAlford,Mark Alford,Mark,Alford,M,1963-10-04,current,118,house,MO,4,,Republican,2023-01-03,2025-01-03,2023-01-03,2025-01-03,2023-01-03,2025-01-03
B001316,RepEricBurlison,Eric Burlison,Eric,Burlison,M,1976-10-02,current,118,house,MO,7,,Republican,2023-01-03,2025-01-03,2023-01-03,2025-01-03,2023-01-03,2025-01-03
B001224,,Cori Bush,Cori,Bush,F,1976-07-21,historical,118,house,MO,1,,Democrat,2023-01-03,2025-01-03,2023-01-03,2025-01-03,2023-01-03,2025-01-03
C001061,RepCleaver,Emanuel Cleaver,Emanuel,Cleaver,M,1944-10-26,current,118,house,MO,5,,Democrat,2023-01-03,2025-01-03,2023-01-03,2025-01-03,2023-01-03,2025-01-03
G000546,RepSamGraves,Sam Graves,Sam,Graves,M,1963-11-07,current,118,house,MO,6,,Republican,2023-01-03,2025-01-03,2023-01-03,2025-01-03,2023-01-03,2025-01-03
L000569,,Blaine Luetkemeyer,Blaine,Luetkemeyer,M,1952-05-07,historical,118,house,MO,3,,Republican,2023-01-03,2025-01-03,2023-01-03,2025-01-03,2023-01-03,2025-01-03
S001195,RepJasonSmith,Jason Smith,Jason,Smith,M,1980-06-16,current,118,house,MO,8,,Republican,2023-01-03,2025-01-03,2023-01-03,2025-01-03,2023-01-03,2025-01-03
W000812,RepAnnWagner,Ann Wagner,Ann,Wagner,F,1962-09-13,current,118,house,MO,2,,Republican,2023-01-03,2025-01-03,2023-01-03,2025-01-03,2023-01-03,2025-01-03
S001177,,Gregorio Kilili Camacho Sablan,Gregorio,Sablan,M,1955-01-19,historical,118,house,MP,0,,Democrat,2023-01-03,2025-01-03,2023-01-03,2025-01-03,2023-01-03,2025-01-03
E000235,RepEzell,Mike Ezell,Mike,Ezell,M,1959-04-06,current,118,house,MS,4,,Republican,2023-01-03,2025-01-03,2023-01-03,2025-01-03,2023-01-03,2025-01-03
G000591,RepMichaelGuest,Michael Guest,Michael,Guest,M,1970-02-04,current,118,house,MS,3,,Republican,2023-01-03,2025-01-03,2023-01-03,2025-01-03,2023-01-03,2025-01-03
K000388,RepTrentKelly,Trent Kelly,Trent,Kelly,M,1966-03-01,current,118,house,MS,1,,Republican,2023-01-03,2025-01-03,2023-01-03,2025-01-03,2023-01-03,2025-01-03
T000193,BennieGThompson,Bennie G. Thompson,Bennie,Thompson,M,1948-01-28,current,118,house,MS,2,,Democrat,2023-01-03,2025-01-03,2023-01-03,2025-01-03,2023-01-03,2025-01-03
R000103,,"Matthew M. Rosendale, Sr.",Matthew,Rosendale,M,1960-07-07,historical,118,house,MT,2,,Republican,2023-01-03,2025-01-03,2023-01-03,2025-01-03,2023-01-03,2025-01-03
Z000018,RepRyanZinke,Ryan K. Zinke,Ryan,Zinke,M,1961-11-01,current,118,house,MT,1,,Republican,2023-01-03,2025-01-03,2023-01-03,2025-01-03,2023-01-03,2025-01-03
A000370,RepAdams,Alma S. Adams,Alma,Adams,F,1946-05-27,current,118,house,NC,12,,Democrat,2023-01-03,2025-01-03,2023-01-03,2025-01-03,2023-01-03,2025-01-03
B001311,,Dan Bishop,Dan,Bishop,M,1964-07-01,historical,118,house,NC,8,,Republican,2023-01-03,2025-01-03,2023-01-03,2025-01-03,2023-01-03,2025-01-03
D000230,RepDonDavis,Donald G. Davis,Donald,Davis,M,1971-08-29,current,118,house,NC,1,,Democrat,2023-01-03,2025-01-03,2023-01-03,2025-01-03,2023-01-03,2025-01-03
E000246,RepEdwards,Chuck Edwards,Charles (Chuck),Edwards,M,1960-09-13,current,118,house,NC,11,,Republican,2023-01-03,2025-01-03,2023-01-03,2025-01-03,2023-01-03,2025-01-03
F000477,ValerieFoushee,Valerie P. Foushee,Valerie,Foushee,F,1956-05-07,current,118,house,NC,4,,Democrat,2023-01-03,2025-01-03,2023-01-03,2025-01-03,2023-01-03,2025-01-03
F000450,VirginiaFoxx,Virginia Foxx,Virginia,Foxx,F,1943-06-29,current,118,house,NC,5,,Republican,2023-01-03,2025-01-03,2023-01-03,2025-01-03,2023-01-03,2025-01-03
H001067,RepRichHudson,Richard Hudson,Richard,Hudson,M,1971-11-04,current,118,house,NC,9,,Republican,2023-01-03,2025-01-03,2023-01-03,2025-01-03,2023-01-03,2025-01-03
J000308,,Jeff Jackson,Jeffrey,Jackson,M,1982-09-12,historical,118,house,NC,14,,Democrat,2023-01-03,2024-12-31,2023-01-03,2025-01-03,2023-01-03,2024-12-31
M001135,,Kathy E. Manning,Kathy,Manning,F,1956-12-03,historical,118,house,NC,6,,Democrat,2023-01-03,2025-01-03,2023-01-03,2025-01-03,2023-01-03,2025-01-03
M001156,,Patrick T. McHenry,Patrick,McHenry,M,1975-10-22,historical,118,house,NC,10,,Republican,2023-01-03,2025-01-03,2023-01-03,2025-01-03,2023-01-03,2025-01-03
M001210,RepGregMurphy,Gregory F. Murphy,Gregory,Murphy,M,1963-03-05,current,118,house,NC,3,,Republican,2023-01-03,2025-01-03,2023-01-03,2025-01-03,2023-01-03,2025-01-03
N000194,,Wiley Nickel,Wiley,Nickel,M,1975-11-23,historical,118,house,NC,13,,Democrat,2023-01-03,2025-01-03,2023-01-03,2025-01-03,2023-01-03,2025-01-03
R000305,RepDeborahRoss,Deborah K. Ross,Deborah,Ross,F,1963-06-20,current,118,house,NC,2,,Democrat,2023-01-03,2025-01-03,2023-01-03,2025-01-03,2023-01-03,2025-01-03
R000603,RepDavidRouzer,David Rouzer,David,Rouzer,M,1972-02-16,current,118,house,NC,7,,Republican,2023-01-03,2025-01-03,2023-01-03,2025-01-03,2023-01-03,2025-01-03
A000377,,Kelly Armstrong,Kelly,Armstrong,M,1976-10-08,historical,118,house,ND,0,,Republican,2023-01-03,2024-12-14,2023-01-03,2025-01-03,2023-01-03,2024-12-14
B001298,RepDonBacon,Don Bacon,Don,Bacon,M,1963-08-16,current,118,house,NE,2,,Republican,2023-01-03,2025-01-03,2023-01-03,2025-01-03,2023-01-03,2025-01-03
F000474,USRepMikeFlood,Mike Flood,Mike,Flood,M,1975-02-23,current,118,house,NE,1,,Republican,2023-01-03,2025-01-03,2023-01-03,2025-01-03,2023-01-03,2025-01-03
S001172,RepAdrianSmith,Adrian Smith,Adrian,Smith,M,1970-12-19,current,118,house,NE,3,,Republican,2023-01-03,2025-01-03,2023-01-03,2025-01-03,2023-01-03,2025-01-03
K000382,,Ann M. Kuster,Ann,Kuster,F,1956-09-05,historical,118,house,NH,2,,Democrat,2023-01-03,2025-01-03,2023-01-03,2025-01-03,2023-01-03,2025-01-03
P000614,RepChrisPappas,Chris Pappas,Chris,Pappas,M,1980-06-04,current,118,house,NH,1,,Democrat,2023-01-03,2025-01-03,2023-01-03,2025-01-03,2023-01-03,2025-01-03
G000583,RepJoshG,Josh Gottheimer,Josh,Gottheimer,M,1975-03-08,current,118,house,NJ,5,,Democrat,2023-01-03,2025-01-03,2023-01-03,2025-01-03,2023-01-03,2025-01-03
K000398,CongressmanKean,"Thomas H. Kean, Jr.",Thomas,Kean,M,1968-09-05,current,118,house,NJ,7,,Republican,2023-01-03,2025-01-03,2023-01-03,2025-01-03,2023-01-03,2025-01-03
K000394,,Andy Kim,Andy,Kim,M,1982-07-12,current,118,house,NJ,3,,Democrat,2023-01-03,2024-12-08,2023-01-03,2025-01-03,2023-01-03,2024-12-08
M001229,RepLaMonica,LaMonica McIver,LaMonica,McIver,F,1986-06-20,current,118,house,NJ,10,,Democrat,2024-09-18,2025-01-03,2023-01-03,2025-01-03,2024-09-18,2025-01-03
M001226,RepMenendez,Robert Menendez,Robert,Menendez,M,1985-07-12,current,118,house,NJ,8,,Democrat,2023-01-03,2025-01-03,2023-01-03,2025-01-03,2023-01-03,2025-01-03
N000188,DonaldNorcross,Donald Norcross,Donald,Norcross,M,1958-12-13,current,118,house,NJ,1,,Democrat,2023-01-03,2025-01-03,2023-01-03,2025-01-03,2023-01-03,2025-01-03
P000034,FrankPallone,"Frank Pallone, Jr.",Frank,Pallone,M,1951-10-30,current,118,house,NJ,6,,Democrat,2023-01-03,2025-01-03,2023-01-03,2025-01-03,2023-01-03,2025-01-03
P000096,,"Bill Pascrell, Jr.",Bill,Pascrell,M,1937-01-25,historical,118,house,NJ,9,,Democrat,2023-01-03,2024-08-21,2023-01-03,2025-01-03,2023-01-03,2024-08-21
P000604,,"Donald M. Payne, Jr.",Donald,Payne,M,1958-12-17,historical,118,house,NJ,10,,Democrat,2023-01-03,2024-04-24,2023-01-03,2025-01-03,2023-01-03,2024-04-24
S001207,,Mikie Sherrill,Mikie,Sherrill,F,1972-01-19,historical,118,house,NJ,11,,Democrat,2023-01-03,2025-01-03,2023-01-03,2025-01-03,2023-01-03,2025-01-03
S000522,,Christopher H. Smith,Christopher,Smith,M,1953-03-04,current,118,house,NJ,4,,Republican,2023-01-03,2025-01-03,2023-01-03,2025-01-03,2023-01-03,2025-01-03
V000133,Congressman_JVD,Jefferson Van Drew,Jefferson,Van Drew,M,1953-02-23,current,118,house,NJ,2,,Republican,2023-01-03,2025-01-03,2023-01-03,2025-01-03,2023-01-03,2025-01-03
W000822,RepBonnie,Bonnie Watson Coleman,Bonnie,Watson Coleman,F,1945-02-06,current,118,house,NJ,12,,Democrat,2023-01-03,2025-01-03,2023-01-03,2025-01-03,2023-01-03,2025-01-03
L000273,RepTeresaLF,Teresa Leger Fernandez,Teresa,Leger Fernandez,F,1959-07-01,current,118,house,NM,3,,Democrat,2023-01-03,2025-01-03,2023-01-03,2025-01-03,2023-01-03,2025-01-03
S001218,Rep_Stansbury,Melanie A. Stansbury,Melanie,Stansbury,F,1979-01-31,current,118,house,NM,1,,Democrat,2023-01-03,2025-01-03,2023-01-03,2025-01-03,2023-01-03,2025-01-03
V000136,RepGabeVasquez,Gabe Vasquez,Gabriel (Gabe),Vasquez,M,1984-08-03,current,118,house,NM,2,,Democrat,2023-01-03,2025-01-03,2023-01-03,2025-01-03,2023-01-03,2025-01-03
A000369,MarkAmodeiNV2,Mark E. Amodei,Mark,Amodei,M,1958-06-12,current,118,house,NV,2,,Republican,2023-01-03,2025-01-03,2023-01-03,2025-01-03,2023-01-03,2025-01-03
H001066,RepHorsford,Steven Horsford,Steven,Horsford,M,1973-04-29,current,118,house,NV,4,,Democrat,2023-01-03,2025-01-03,2023-01-03,2025-01-03,2023-01-03,2025-01-03
L000590,RepSusieLee,Susie Lee,Susie,Lee,F,1966-11-07,current,118,house,NV,3,,Democrat,2023-01-03,2025-01-03,2023-01-03,2025-01-03,2023-01-03,2025-01-03
T000468,RepDinaTitus,Dina Titus,Dina,Titus,F,1950-05-23,current,118,house,NV,1,,Democrat,2023-01-03,2025-01-03,2023-01-03,2025-01-03,2023-01-03,2025-01-03
B001223,,Jamaal Bowman,Jamaal,Bowman,M,1976-04-01,historical,118,house,NY,16,,Democrat,2023-01-03,2025-01-03,2023-01-03,2025-01-03,2023-01-03,2025-01-03
C001067,RepYvetteClarke,Yvette D. Clarke,Yvette,Clarke,F,1964-11-21,current,118,house,NY,9,,Democrat,2023-01-03,2025-01-03,2023-01-03,2025-01-03,2023-01-03,2025-01-03
D000632,,Anthony D’Esposito,Anthony,D'Esposito,M,1982-02-22,historical,118,house,NY,4,,Republican,2023-01-03,2025-01-03,2023-01-03,2025-01-03,2023-01-03,2025-01-03
E000297,RepEspaillat,Adriano Espaillat,Adriano,Espaillat,M,1954-09-27,current,118,house,NY,13,,Democrat,2023-01-03,2025-01-03,2023-01-03,2025-01-03,2023-01-03,2025-01-03
G000597,RepGarbarino,Andrew R. Garbarino,Andrew,Garbarino,M,1984-09-27,current,118,house,NY,2,,Republican,2023-01-03,2025-01-03,2023-01-03,2025-01-03,2023-01-03,2025-01-03
G000599,RepDanGoldman,Daniel S. Goldman,Dan,Goldman,M,1976-02-26,current,118,house,NY,10,,Democrat,2023-01-03,2025-01-03,2023-01-03,2025-01-03,2023-01-03,2025-01-03
H001038,,Brian Higgins,Brian,Higgins,M,1959-10-06,historical,118,house,NY,26,,Democrat,2023-01-03,2024-02-02,2023-01-03,2025-01-03,2023-01-03,2024-02-02
J000294,RepJeffries,Hakeem S. Jeffries,Hakeem,Jeffries,M,1970-08-04,current,118,house,NY,8,,Democrat,2023-01-03,2025-01-03,2023-01-03,2025-01-03,2023-01-03,2025-01-03
K000402,reptimkennedy,Timothy M. Kennedy,Timothy,Kennedy,M,1976-10-20,current,118,house,NY,26,,Democrat,2024-05-06,2025-01-03,2023-01-03,2025-01-03,2024-05-06,2025-01-03
L000598,RepLaLota,Nick LaLota,Nicolas,LaLota,M,1978-06-23,current,118,house,NY,1,,Republican,2023-01-03,2025-01-03,2023-01-03,2025-01-03,2023-01-03,2025-01-03
L000600,RepLangworthy,Nicholas A. Langworthy,Nicholas,Langworthy,M,1981-02-27,current,118,house,NY,23,,Republican,2023-01-03,2025-01-03,2023-01-03,2025-01-03,2023-01-03,2025-01-03
L000599,RepMikeLawler,Michael Lawler,Michael,Lawler,M,1986-09-09,current,118,house,NY,17,,Republican,2023-01-03,2025-01-03,2023-01-03,2025-01-03,2023-01-03,2025-01-03
M000317,RepMalliotakis,Nicole Malliotakis,Nicole,Malliotakis,F,1980-11-11,current,118,house,NY,11,,Republican,2023-01-03,2025-01-03,2023-01-03,2025-01-03,2023-01-03,2025-01-03
M001137,RepGregoryMeeks,Gregory W. Meeks,Gregory,Meeks,M,1953-09-25,current,118,house,NY,5,,Democrat,2023-01-03,2025-01-03,2023-01-03,2025-01-03,2023-01-03,2025-01-03
M001188,RepGraceMeng,Grace Meng,Grace,Meng,F,1975-10-01,current,118,house,NY,6,,Democrat,2023-01-03,2025-01-03,2023-01-03,2025-01-03,2023-01-03,2025-01-03
M001221,,Marcus J. Molinaro,Marcus,Molinaro,M,1975-10-08,historical,118,house,NY,19,,Republican,2023-01-03,2025-01-03,2023-01-03,2025-01-03,2023-01-03,2025-01-03
M001206,RepJoeMorelle,Joseph D. Morelle,Joseph,Morelle,M,1957-04-29,current,118,house,NY,25,,Democrat,2023-01-03,2025-01-03,2023-01-03,2025-01-03,2023-01-03,2025-01-03
N000002,RepJerryNadler,Jerrold Nadler,Jerrold,Nadler,M,1947-06-13,current,118,house,NY,12,,Democrat,2023-01-03,2025-01-03,2023-01-03,2025-01-03,2023-01-03,2025-01-03
O000172,RepAOC,Alexandria Ocasio-Cortez,Alexandria,Ocasio-Cortez,F,1989-10-13,current,118,house,NY,14,,Democrat,2023-01-03,2025-01-03,2023-01-03,2025-01-03,2023-01-03,2025-01-03
R000579,RepPatRyanNY,Patrick Ryan,Patrick,Ryan,M,1982-03-28,current,118,house,NY,18,,Democrat,2023-01-03,2025-01-03,2023-01-03,2025-01-03,2023-01-03,2025-01-03
S001222,,George Santos,George,Santos,M,1988-07-22,historical,118,house,NY,3,,Republican,2023-01-03,2023-12-01,2023-01-03,2025-01-03,2023-01-03,2023-12-01
S001196,RepStefanik,Elise M. Stefanik,Elise,Stefanik,F,1984-07-02,current,118,house,NY,21,,Republican,2023-01-03,2025-01-03,2023-01-03,2025-01-03,2023-01-03,2025-01-03
S001201,reptomsuozzi,Thomas R. Suozzi,Thomas,Suozzi,M,1962-08-31,current,118,house,NY,3,,Democrat,2024-02-13,2025-01-03,2023-01-03,2025-01-03,2024-02-13,2025-01-03
T000478,RepTenney,Claudia Tenney,Claudia,Tenney,F,1961-02-04,current,118,house,NY,24,,Republican,2023-01-03,2025-01-03,2023-01-03,2025-01-03,2023-01-03,2025-01-03
T000469,RepPaulTonko,Paul Tonko,Paul,Tonko,M,1949-06-18,current,118,house,NY,20,,Democrat,2023-01-03,2025-01-03,2023-01-03,2025-01-03,2023-01-03,2025-01-03
T000486,RepRitchie,Ritchie Torres,Ritchie,Torres,M,1988-03-12,current,118,house,NY,15,,Democrat,2023-01-03,2025-01-03,2023-01-03,2025-01-03,2023-01-03,2025-01-03
V000081,NydiaVelazquez,Nydia M. Velázquez,Nydia,Velázquez,F,1953-03-28,current,118,house,NY,7,,Democrat,2023-01-03,2025-01-03,2023-01-03,2025-01-03,2023-01-03,2025-01-03
W000828,,Brandon Williams,Brandon,Williams,M,1967-05-22,historical,118,house,NY,22,,Republican,2023-01-03,2025-01-03,2023-01-03,2025-01-03,2023-01-03,2025-01-03
B001306,RepBalderson,Troy Balderson,Troy,Balderson,M,1962-01-16,current,118,house,OH,12,,Republican,2023-01-03,2025-01-03,2023-01-03,2025-01-03,2023-01-03,2025-01-03
B001281,RepBeatty,Joyce Beatty,Joyce,Beatty,F,1950-03-12,current,118,house,OH,3,,Democrat,2023-01-03,2025-01-03,2023-01-03,2025-01-03,2023-01-03,2025-01-03
B001313,RepShontelBrown,Shontel M. Brown,Shontel,Brown,F,1975-06-24,current,118,house,OH,11,,Democrat,2023-01-03,2025-01-03,2023-01-03,2025-01-03,2023-01-03,2025-01-03
C001126,RepMikeCarey,Mike Carey,Mike,Carey,M,1971-03-13,current,118,house,OH,15,,Republican,2023-01-03,2025-01-03,2023-01-03,2025-01-03,2023-01-03,2025-01-03
D000626,WarrenDavidson,Warren Davidson,Warren,Davidson,M,1970-03-01,current,118,house,OH,8,,Republican,2023-01-03,2025-01-03,2023-01-03,2025-01-03,2023-01-03,2025-01-03
J000292,,Bill Johnson,Bill,Johnson,M,1954-11-10,historical,118,house,OH,6,,Republican,2023-01-03,2024-01-21,2023-01-03,2025-01-03,2023-01-03,2024-01-21
J000289,Jim_Jordan,Jim Jordan,Jim,Jordan,M,1964-02-17,current,118,house,OH,4,,Republican,2023-01-03,2025-01-03,2023-01-03,2025-01-03,2023-01-03,2025-01-03
J000295,RepDaveJoyce,David P. Joyce,David,Joyce,M,1957-03-17,current,118,house,OH,14,,Republican,2023-01-03,2025-01-03,2023-01-03,2025-01-03,2023-01-03,2025-01-03
K000009,RepMarcyKaptur,Marcy Kaptur,Marcy,Kaptur,F,1946-06-17,current,118,house,OH,9,,Democrat,2023-01-03,2025-01-03,2023-01-03,2025-01-03,2023-01-03,2025-01-03
L000601,repgreglandsman,Greg Landsman,Greg,Landsman,M,1976-12-04,current,118,house,OH,1,,Democrat,2023-01-03,2025-01-03,2023-01-03,2025-01-03,2023-01-03,2025-01-03
L000566,BobLatta,Robert E. Latta,Robert,Latta,M,1956-04-18,current,118,house,OH,5,,Republican,2023-01-03,2025-01-03,2023-01-03,2025-01-03,2023-01-03,2025-01-03
M001222,repmaxmiller,Max L. Miller,Max,Miller,M,1988-11-13,current,118,house,OH,7,,Republican,2023-01-03,2025-01-03,2023-01-03,2025-01-03,2023-01-03,2025-01-03
R000619,,Michael A. Rulli,Michael,Rulli,M,1969-03-11,current,118,house,OH,6,,Republican,2024-06-11,2025-01-03,2023-01-03,2025-01-03,2024-06-11,2025-01-03
S001223,RepEmiliaSykes,Emilia Strong Sykes,Emilia,Sykes,F,1986-01-04,current,118,house,OH,13,,Democrat,2023-01-03,2025-01-03,2023-01-03,2025-01-03,2023-01-03,2025-01-03
T000463,RepMikeTurner,Michael R. Turner,Michael,Turner,M,1960-01-11,current,118,house,OH,10,,Republican,2023-01-03,2025-01-03,2023-01-03,2025-01-03,2023-01-03,2025-01-03
W000815,,Brad R. Wenstrup,Brad,Wenstrup,M,1958-06-17,historical,118,house,OH,2,,Republican,2023-01-03,2025-01-03,2023-01-03,2025-01-03,2023-01-03,2025-01-03
B000740,RepBice,Stephanie I. Bice,Stephanie,Bice,F,1973-11-11,current,118,house,OK,5,,Republican,2023-01-03,2025-01-03,2023-01-03,2025-01-03,2023-01-03,2025-01-03
B001317,repbrecheen,Josh Brecheen,Josh,Brecheen,M,1979-06-19,current,118,house,OK,2,,Republican,2023-01-03,2025-01-03,2023-01-03,2025-01-03,2023-01-03,2025-01-03
C001053,TomColeOK04,Tom Cole,Tom,Cole,M,1949-04-28,current,118,house,OK,4,,Republican,2023-01-03,2025-01-03,2023-01-03,2025-01-03,2023-01-03,2025-01-03
H001082,repkevinhern,Kevin Hern,Kevin,Hern,M,1961-12-04,current,118,house,OK,1,,Republican,2023-01-03,2025-01-03,2023-01-03,2025-01-03,2023-01-03,2025-01-03
L000491,RepFrankLucas,Frank D. Lucas,Frank,Lucas,M,1960-01-06,current,118,house,OK,3,,Republican,2023-01-03,2025-01-03,2023-01-03,2025-01-03,2023-01-03,2025-01-03
B000668,RepBentz,Cliff Bentz,Cliff,Bentz,M,1952-01-12,current,118,house,OR,2,,Republican,2023-01-03,2025-01-03,2023-01-03,2025-01-03,2023-01-03,2025-01-03
B000574,,Earl Blumenauer,Earl,Blumenauer,M,1948-08-16,historical,118,house,OR,3,,Democrat,2023-01-03,2025-01-03,2023-01-03,2025-01-03,2023-01-03,2025-01-03
B001278,RepBonamici,Suzanne Bonamici,Suzanne,Bonamici,F,1954-10-14,current,118,house,OR,1,,Democrat,2023-01-03,2025-01-03,2023-01-03,2025-01-03,2023-01-03,2025-01-03
C001135,,Lori Chavez-DeRemer,Lori,Chavez-DeRemer,F,1968-04-07,historical,118,house,OR,5,,Republican,2023-01-03,2025-01-03,2023-01-03,2025-01-03,2023-01-03,2025-01-03
H001094,repvalhoyle,Val T. Hoyle,Valerie,Hoyle,F,1964-02-14,current,118,house,OR,4,,Democrat,2023-01-03,2025-01-03,2023-01-03,2025-01-03,2023-01-03,2025-01-03
S001226,repsalinas,Andrea Salinas,Andrea,Salinas,F,1969-12-06,current,118,house,OR,6,,Democrat,2023-01-03,2025-01-03,2023-01-03,2025-01-03,2023-01-03,2025-01-03
B001296,CongBoyle,Brendan F. Boyle,Brendan,Boyle,M,1977-02-06,current,118,house,PA,2,,Democrat,2023-01-03,2025-01-03,2023-01-03,2025-01-03,2023-01-03,2025-01-03
C001090,,Matt Cartwright,Matthew,Cartwright,M,1961-05-01,historical,118,house,PA,8,,Democrat,2023-01-03,2025-01-03,2023-01-03,2025-01-03,2023-01-03,2025-01-03
D000631,RepDean,Madeleine Dean,Madeleine,Dean,F,1959-06-06,current,118,house,PA,4,,Democrat,2023-01-03,2025-01-03,2023-01-03,2025-01-03,2023-01-03,2025-01-03
D000530,RepDeluzio,Christopher R. Deluzio,Chris,Deluzio,M,1984-07-13,current,118,house,PA,17,,Democrat,2023-01-03,2025-01-03,2023-01-03,2025-01-03,2023-01-03,2025-01-03
E000296,RepDwightEvans,Dwight Evans,Dwight,Evans,M,1954-05-16,current,118,house,PA,3,,Democrat,2023-01-03,2025-01-03,2023-01-03,2025-01-03,2023-01-03,2025-01-03
F000466,RepBrianFitz,Brian K. Fitzpatrick,Brian,Fitzpatrick,M,1973-12-17,current,118,house,PA,1,,Republican,2023-01-03,2025-01-03,2023-01-03,2025-01-03,2023-01-03,2025-01-03
H001085,RepHoulahan,Chrissy Houlahan,Chrissy,Houlahan,F,1967-06-05,current,118,house,PA,6,,Democrat,2023-01-03,2025-01-03,2023-01-03,2025-01-03,2023-01-03,2025-01-03
J000302,RepJohnJoyce,John Joyce,John,Joyce,M,1957-02-08,current,118,house,PA,13,,Republican,2023-01-03,2025-01-03,2023-01-03,2025-01-03,2023-01-03,2025-01-03
K000376,MikeKellyPA,Mike Kelly,Mike,Kelly,M,1948-05-10,current,118,house,PA,16,,Republican,2023-01-03,2025-01-03,2023-01-03,2025-01-03,2023-01-03,2025-01-03
L000602,RepSummerLee,Summer L. Lee,Summer,Lee,F,1987-11-26,current,118,house,PA,12,,Democrat,2023-01-03,2025-01-03,2023-01-03,2025-01-03,2023-01-03,2025-01-03
M001204,RepMeuser,Daniel Meuser,Daniel,Meuser,M,1964-02-10,current,118,house,PA,9,,Republican,2023-01-03,2025-01-03,2023-01-03,2025-01-03,2023-01-03,2025-01-03
P000605,RepScottPerry,Scott Perry,Scott,Perry,M,1962-05-27,current,118,house,PA,10,,Republican,2023-01-03,2025-01-03,2023-01-03,2025-01-03,2023-01-03,2025-01-03
R000610,GReschenthaler,Guy Reschenthaler,Guy,Reschenthaler,M,1983-04-17,current,118,house,PA,14,,Republican,2023-01-03,2025-01-03,2023-01-03,2025-01-03,2023-01-03,2025-01-03
S001205,RepMGS,Mary Gay Scanlon,Mary,Scanlon,F,1959-08-30,current,118,house,PA,5,,Democrat,2023-01-03,2025-01-03,2023-01-03,2025-01-03,2023-01-03,2025-01-03
S001199,RepSmucker,Lloyd Smucker,Lloyd,Smucker,M,1964-01-23,current,118,house,PA,11,,Republican,2023-01-03,2025-01-03,2023-01-03,2025-01-03,2023-01-03,2025-01-03
T000467,CongressmanGT,Glenn Thompson,Glenn,Thompson,M,1959-07-27,current,118,house,PA,15,,Republican,2023-01-03,2025-01-03,2023-01-03,2025-01-03,2023-01-03,2025-01-03
W000826,,Susan Wild,Susan,Wild,F,1957-06-07,historical,118,house,PA,7,,Democrat,2023-01-03,2025-01-03,2023-01-03,2025-01-03,2023-01-03,2025-01-03
G000582,,Jenniffer González-Colón,Jenniffer,González-Colón,F,1976-08-05,historical,118,house,PR,0,,Republican,2023-01-03,2025-01-03,2023-01-03,2025-01-03,2023-01-03,2025-01-03
A000380,RepGabeAmo,Gabe Amo,Gabe,Amo,M,1987-12-11,current,118,house,RI,1,,Democrat,2023-11-07,2025-01-03,2023-01-03,2025-01-03,2023-11-07,2025-01-03
C001084,,David N. Cicilline,David,Cicilline,M,1961-07-15,historical,118,house,RI,1,,Democrat,2023-01-03,2023-05-31,2023-01-03,2025-01-03,2023-01-03,2023-05-31
M001223,Rep_Magaziner,Seth Magaziner,Seth,Magaziner,M,1983-07-22,current,118,house,RI,2,,Democrat,2023-01-03,2025-01-03,2023-01-03,2025-01-03,2023-01-03,2025-01-03
C000537,RepJamesClyburn,James E. Clyburn,James,Clyburn,M,1940-07-21,current,118,house,SC,6,,Democrat,2023-01-03,2025-01-03,2023-01-03,2025-01-03,2023-01-03,2025-01-03
D000615,,Jeff Duncan,Jeff,Duncan,M,1966-01-07,historical,118,house,SC,3,,Republican,2023-01-03,2025-01-03,2023-01-03,2025-01-03,2023-01-03,2025-01-03
F000478,RepRussellFry,Russell Fry,Russell,Fry,M,1985-01-31,current,118,house,SC,7,,Republican,2023-01-03,2025-01-03,2023-01-03,2025-01-03,2023-01-03,2025-01-03
M000194,RepNancyMace,Nancy Mace,Nancy,Mace,F,1977-12-04,current,118,house,SC,1,,Republican,2023-01-03,2025-01-03,2023-01-03,2025-01-03,2023-01-03,2025-01-03
N000190,RepRalphNorman,Ralph Norman,Ralph,Norman,M,1953-06-20,current,118,house,SC,5,,Republican,2023-01-03,2025-01-03,2023-01-03,2025-01-03,2023-01-03,2025-01-03
T000480,RepTimmons,William R. Timmons IV,William,Timmons,M,1984-04-30,current,118,house,SC,4,,Republican,2023-01-03,2025-01-03,2023-01-03,2025-01-03,2023-01-03,2025-01-03
W000795,RepJoeWilson,Joe Wilson,Joe,Wilson,M,1947-07-31,current,118,house,SC,2,,Republican,2023-01-03,2025-01-03,2023-01-03,2025-01-03,2023-01-03,2025-01-03
J000301,RepDustyJohnson,Dusty Johnson,Dusty,Johnson,M,1976-09-30,current,118,house,SD,0,,Republican,2023-01-03,2025-01-03,2023-01-03,2025-01-03,2023-01-03,2025-01-03
B001309,RepTimBurchett,Tim Burchett,Tim,Burchett,M,1964-08-25,current,118,house,TN,2,,Republican,2023-01-03,2025-01-03,2023-01-03,2025-01-03,2023-01-03,2025-01-03
C001068,RepCohen,Steve Cohen,Steve,Cohen,M,1949-05-24,current,118,house,TN,9,,Democrat,2023-01-03,2025-01-03,2023-01-03,2025-01-03,2023-01-03,2025-01-03
D000616,DesJarlaisTN04,Scott DesJarlais,Scott,DesJarlais,M,1964-02-21,current,118,house,TN,4,,Republican,2023-01-03,2025-01-03,2023-01-03,2025-01-03,2023-01-03,2025-01-03
F000459,RepChuck,"Charles J. ""Chuck"" Fleischmann",Charles,Fleischmann,M,1962-10-11,current,118,house,TN,3,,Republican,2023-01-03,2025-01-03,2023-01-03,2025-01-03,2023-01-03,2025-01-03
G000590,,Mark E. Green,Mark,Green,M,1964-11-08,historical,118,house,TN,7,,Republican,2023-01-03,2025-01-03,2023-01-03,2025-01-03,2023-01-03,2025-01-03
H001086,RepHarshbarger,Diana Harshbarger,Diana,Harshbarger,F,1960-01-01,current,118,house,TN,1,,Republican,2023-01-03,2025-01-03,2023-01-03,2025-01-03,2023-01-03,2025-01-03
K000392,RepDavidKustoff,David Kustoff,David,Kustoff,M,1966-10-08,current,118,house,TN,8,,Republican,2023-01-03,2025-01-03,2023-01-03,2025-01-03,2023-01-03,2025-01-03
O000175,repogles,Andrew Ogles,Andrew,Ogles,M,1971-06-18,current,118,house,TN,5,,Republican,2023-01-03,2025-01-03,2023-01-03,2025-01-03,2023-01-03,2025-01-03
R000612,RepJohnRose,John W. Rose,John,Rose,M,1965-02-23,current,118,house,TN,6,,Republican,2023-01-03,2025-01-03,2023-01-03,2025-01-03,2023-01-03,2025-01-03
A000376,,Colin Z. Allred,Colin,Allred,M,1983-04-15,historical,118,house,TX,32,,Democrat,2023-01-03,2025-01-03,2023-01-03,2025-01-03,2023-01-03,2025-01-03
A000375,RepArrington,Jodey C. Arrington,Jodey,Arrington,M,1972-03-09,current,118,house,TX,19,,Republican,2023-01-03,2025-01-03,2023-01-03,2025-01-03,2023-01-03,2025-01-03
B001291,RepBrianBabin,Brian Babin,Brian,Babin,M,1948-03-23,current,118,house,TX,36,,Republican,2023-01-03,2025-01-03,2023-01-03,2025-01-03,2023-01-03,2025-01-03
B001248,,Michael C. Burgess,Michael,Burgess,M,1950-12-23,historical,118,house,TX,26,,Republican,2023-01-03,2025-01-03,2023-01-03,2025-01-03,2023-01-03,2025-01-03
C001051,JudgeCarter,John R. Carter,John,Carter,M,1941-11-06,current,118,house,TX,31,,Republican,2023-01-03,2025-01-03,2023-01-03,2025-01-03,2023-01-03,2025-01-03
C001131,RepCasar,Greg Casar,Gregorio,Casar,M,1989-05-04,current,118,house,TX,35,,Democrat,2023-01-03,2025-01-03,2023-01-03,2025-01-03,2023-01-03,2025-01-03
C001091,JoaquinCastrotx,Joaquin Castro,Joaquin,Castro,M,1974-09-16,current,118,house,TX,20,,Democrat,2023-01-03,2025-01-03,2023-01-03,2025-01-03,2023-01-03,2025-01-03
C001115,RepCloudTX,Michael Cloud,Michael,Cloud,M,1975-05-13,current,118,house,TX,27,,Republican,2023-01-03,2025-01-03,2023-01-03,2025-01-03,2023-01-03,2025-01-03
C001120,RepDanCrenshaw,Dan Crenshaw,Dan,Crenshaw,M,1984-03-14,current,118,house,TX,2,,Republican,2023-01-03,2025-01-03,2023-01-03,2025-01-03,2023-01-03,2025-01-03
C001130,RepJasmine,Jasmine Crockett,Jasmine,Crockett,F,1981-03-29,current,118,house,TX,30,,Democrat,2023-01-03,2025-01-03,2023-01-03,2025-01-03,2023-01-03,2025-01-03
C001063,RepCuellar,Henry Cuellar,Henry,Cuellar,M,1955-09-19,current,118,house,TX,28,,Democrat,2023-01-03,2025-01-03,2023-01-03,2025-01-03,2023-01-03,2025-01-03
D000594,RepMonicaDLC,Monica De La Cruz,Mónica,De La Cruz,F,1974-11-11,current,118,house,TX,15,,Republican,2023-01-03,2025-01-03,2023-01-03,2025-01-03,2023-01-03,2025-01-03
D000399,RepLloydDoggett,Lloyd Doggett,Lloyd,Doggett,M,1946-10-06,current,118,house,TX,37,,Democrat,2023-01-03,2025-01-03,2023-01-03,2025-01-03,2023-01-03,2025-01-03
E000071,RepEllzey,Jake Ellzey,Jake,Ellzey,M,1970-01-24,current,118,house,TX,6,,Republican,2023-01-03,2025-01-03,2023-01-03,2025-01-03,2023-01-03,2025-01-03
E000299,RepEscobar,Veronica Escobar,Veronica,Escobar,F,1969-09-15,current,118,house,TX,16,,Democrat,2023-01-03,2025-01-03,2023-01-03,2025-01-03,2023-01-03,2025-01-03
F000246,RepPatFallon,Pat Fallon,Patrick,Fallon,M,1967-12-19,current,118,house,TX,4,,Republican,2023-01-03,2025-01-03,2023-01-03,2025-01-03,2023-01-03,2025-01-03
F000468,RepFletcher,Lizzie Fletcher,Lizzie,Fletcher,F,1975-02-13,current,118,house,TX,7,,Democrat,2023-01-03,2025-01-03,2023-01-03,2025-01-03,2023-01-03,2025-01-03
G000587,RepSylviaGarcia,Sylvia R. Garcia,Sylvia,Garcia,F,1950-09-06,current,118,house,TX,29,,Democrat,2023-01-03,2025-01-03,2023-01-03,2025-01-03,2023-01-03,2025-01-03
G000594,RepTonyGonzales,Tony Gonzales,Ernest,Gonzales,M,1980-10-10,current,118,house,TX,23,,Republican,2023-01-03,2025-01-03,2023-01-03,2025-01-03,2023-01-03,2025-01-03
G000581,RepGonzalez,Vicente Gonzalez,Vicente,Gonzalez,M,1967-09-04,current,118,house,TX,34,,Democrat,2023-01-03,2025-01-03,2023-01-03,2025-01-03,2023-01-03,2025-01-03
G000589,,Lance Gooden,Lance,Gooden,M,1982-12-01,current,118,house,TX,5,,Republican,2023-01-03,2025-01-03,2023-01-03,2025-01-03,2023-01-03,2025-01-03
G000377,,Kay Granger,Kay,Granger,F,1943-01-18,historical,118,house,TX,12,,Republican,2023-01-03,2025-01-03,2023-01-03,2025-01-03,2023-01-03,2025-01-03
G000553,RepAlGreen,Al Green,Al,Green,M,1947-09-01,current,118,house,TX,9,,Democrat,2023-01-03,2025-01-03,2023-01-03,2025-01-03,2023-01-03,2025-01-03
H001095,RepWesleyHunt,Wesley Hunt,Wesley,Hunt,M,1981-11-13,current,118,house,TX,38,,Republican,2023-01-03,2025-01-03,2023-01-03,2025-01-03,2023-01-03,2025-01-03
J000304,RepRonnyJackson,Ronny Jackson,Ronny,Jackson,M,1967-05-04,current,118,house,TX,13,,Republican,2023-01-03,2025-01-03,2023-01-03,2025-01-03,2023-01-03,2025-01-03
J000032,,Sheila Jackson Lee,Sheila,Jackson Lee,F,1950-01-12,historical,118,house,TX,18,,Democrat,2023-01-03,2024-07-19,2023-01-03,2025-01-03,2023-01-03,2024-07-19
L000605,,Erica Lee Carter,Erica,Lee Carter,F,1980-02-02,historical,118,house,TX,18,,Democrat,2024-11-05,2025-01-03,2023-01-03,2025-01-03,2024-11-05,2025-01-03
L000603,RepLuttrell,Morgan Luttrell,Morgan,Luttrell,M,1975-11-07,current,118,house,TX,8,,Republican,2023-01-03,2025-01-03,2023-01-03,2025-01-03,2023-01-03,2025-01-03
M001157,RepMcCaul,Michael T. McCaul,Michael,McCaul,M,1962-01-14,current,118,house,TX,10,,Republican,2023-01-03,2025-01-03,2023-01-03,2025-01-03,2023-01-03,2025-01-03
M001224,RepNateMoran,Nathaniel Moran,Nathaniel,Moran,M,1974-07-22,current,118,house,TX,1,,Republican,2023-01-03,2025-01-03,2023-01-03,2025-01-03,2023-01-03,2025-01-03
N000026,RepTroyNehls,Troy E. Nehls,Troy,Nehls,M,1968-04-07,current,118,house,TX,22,,Republican,2023-01-03,2025-01-03,2023-01-03,2025-01-03,2023-01-03,2025-01-03
P000048,RepPfluger,August Pfluger,August,Pfluger,M,1978-12-28,current,118,house,TX,11,,Republican,2023-01-03,2025-01-03,2023-01-03,2025-01-03,2023-01-03,2025-01-03
R000614,RepChipRoy,Chip Roy,Chip,Roy,M,1972-08-07,current,118,house,TX,21,,Republican,2023-01-03,2025-01-03,2023-01-03,2025-01-03,2023-01-03,2025-01-03
S001224,repkeithself,Keith Self,Keith,Self,M,1953-03-20,current,118,house,TX,3,,Republican,2023-01-03,2025-01-03,2023-01-03,2025-01-03,2023-01-03,2025-01-03
S000250,PeteSessions,Pete Sessions,Pete,Sessions,M,1955-03-22,current,118,house,TX,17,,Republican,2023-01-03,2025-01-03,2023-01-03,2025-01-03,2023-01-03,2025-01-03
V000134,RepBethVanDuyne,Beth Van Duyne,Beth,Van Duyne,F,1970-11-16,current,118,house,TX,24,,Republican,2023-01-03,2025-01-03,2023-01-03,2025-01-03,2023-01-03,2025-01-03
V000131,RepVeasey,Marc A. Veasey,Marc,Veasey,M,1971-01-03,current,118,house,TX,33,,Democrat,2023-01-03,2025-01-03,2023-01-03,2025-01-03,2023-01-03,2025-01-03
W000814,TXRandy14,"Randy K. Weber, Sr.",Randy,Weber,M,1953-07-02,current,118,house,TX,14,,Republican,2023-01-03,2025-01-03,2023-01-03,2025-01-03,2023-01-03,2025-01-03
W000816,RepRWilliams,Roger Williams,Roger,Williams,M,1949-09-13,current,118,house,TX,25,,Republican,2023-01-03,2025-01-03,2023-01-03,2025-01-03,2023-01-03,2025-01-03
C001114,RepJohnCurtis,John R. Curtis,John,Curtis,M,1960-05-10,current,118,house,UT,3,,Republican,2023-01-03,2025-01-03,2023-01-03,2025-01-03,2023-01-03,2025-01-03
M001228,RepMaloyUtah,Celeste Maloy,Celeste,Maloy,F,1981-05-22,current,118,house,UT,2,,Republican,2023-11-21,2025-01-03,2023-01-03,2025-01-03,2023-11-21,2025-01-03
M001213,RepBlakeMoore,Blake D. Moore,Blake,Moore,M,1980-06-22,current,118,house,UT,1,,Republican,2023-01-03,2025-01-03,2023-01-03,2025-01-03,2023-01-03,2025-01-03
O000086,RepBurgessOwens,Burgess Owens,Clarence,Owens,M,1951-08-02,current,118,house,UT,4,,Republican,2023-01-03,2025-01-03,2023-01-03,2025-01-03,2023-01-03,2025-01-03
S001192,,Chris Stewart,Chris,Stewart,M,1960-07-15,historical,118,house,UT,2,,Republican,2023-01-03,2023-09-15,2023-01-03,2025-01-03,2023-01-03,2023-09-15
B001292,RepDonBeyer,"Donald S. Beyer, Jr.",Donald,Beyer,M,1950-06-20,current,118,house,VA,8,,Democrat,2023-01-03,2025-01-03,2023-01-03,2025-01-03,2023-01-03,2025-01-03
C001118,RepBenCline,Ben Cline,Ben,Cline,M,1972-02-29,current,118,house,VA,6,,Republican,2023-01-03,2025-01-03,2023-01-03,2025-01-03,2023-01-03,2025-01-03
C001078,,Gerald E. Connolly,Gerald,Connolly,M,1950-03-30,historical,118,house,VA,11,,Democrat,2023-01-03,2025-01-03,2023-01-03,2025-01-03,2023-01-03,2025-01-03
G000595,,Bob Good,Robert,Good,M,1965-09-11,historical,118,house,VA,5,,Republican,2023-01-03,2025-01-03,2023-01-03,2025-01-03,2023-01-03,2025-01-03
G000568,RepMGriffith,H. Morgan Griffith,H.,Griffith,M,1958-03-15,current,118,house,VA,9,,Republican,2023-01-03,2025-01-03,2023-01-03,2025-01-03,2023-01-03,2025-01-03
K000399,RepJenKiggans,Jennifer A. Kiggans,Jennifer,Kiggans,F,1971-06-18,current,118,house,VA,2,,Republican,2023-01-03,2025-01-03,2023-01-03,2025-01-03,2023-01-03,2025-01-03
M001227,RepMcClellan,Jennifer L. McClellan,Jennifer,McClellan,F,1972-12-28,current,118,house,VA,4,,Democrat,2023-03-07,2025-01-03,2023-01-03,2025-01-03,2023-03-07,2025-01-03
S000185,BobbyScott,"Robert C. ""Bobby"" Scott",Robert,Scott,M,1947-04-30,current,118,house,VA,3,,Democrat,2023-01-03,2025-01-03,2023-01-03,2025-01-03,2023-01-03,2025-01-03
S001209,,Abigail Davis Spanberger,Abigail,Spanberger,F,1979-08-07,historical,118,house,VA,7,,Democrat,2023-01-03,2025-01-03,2023-01-03,2025-01-03,2023-01-03,2025-01-03
W000825,,Jennifer Wexton,Jennifer,Wexton,F,1968-05-27,historical,118,house,VA,10,,Democrat,2023-01-03,2025-01-03,2023-01-03,2025-01-03,2023-01-03,2025-01-03
W000804,RobWittman,Robert J. Wittman,Robert,Wittman,M,1959-02-03,current,118,house,VA,1,,Republican,2023-01-03,2025-01-03,2023-01-03,2025-01-03,2023-01-03,2025-01-03
P000610,StaceyPlaskett,Stacey E. Plaskett,Stacey,Plaskett,F,1966-05-13,current,118,house,VI,0,,Democrat,2023-01-03,2025-01-03,2023-01-03,2025-01-03,2023-01-03,2025-01-03
B001318,RepBeccaB,Becca Balint,Becca,Balint,F,1968-05-04,current,118,house,VT,0,,Democrat,2023-01-03,2025-01-03,2023-01-03,2025-01-03,2023-01-03,2025-01-03
D000617,RepDelBene,Suzan K. DelBene,Suzan,DelBene,F,1962-02-17,current,118,house,WA,1,,Democrat,2023-01-03,2025-01-03,2023-01-03,2025-01-03,2023-01-03,2025-01-03
G000600,RepMGP,Marie Gluesenkamp Perez,Marie,Gluesenkamp Perez,F,1988-06-06,current,118,house,WA,3,,Democrat,2023-01-03,2025-01-03,2023-01-03,2025-01-03,2023-01-03,2025-01-03
J000298,RepJayapal,Pramila Jayapal,Pramila,Jayapal,F,1965-09-21,current,118,house,WA,7,,Democrat,2023-01-03,2025-01-03,2023-01-03,2025-01-03,2023-01-03,2025-01-03
K000381,,Derek Kilmer,Derek,Kilmer,M,1974-01-01,historical,118,house,WA,6,,Democrat,2023-01-03,2025-01-03,2023-01-03,2025-01-03,2023-01-03,2025-01-03
L000560,RepRickLarsen,Rick Larsen,Rick,Larsen,M,1965-06-15,current,118,house,WA,2,,Democrat,2023-01-03,2025-01-03,2023-01-03,2025-01-03,2023-01-03,2025-01-03
M001159,,Cathy McMorris Rodgers,Cathy,McMorris Rodgers,F,1969-05-22,historical,118,house,WA,5,,Republican,2023-01-03,2025-01-03,2023-01-03,2025-01-03,2023-01-03,2025-01-03
N000189,RepNewhouse,Dan Newhouse,Dan,Newhouse,M,1955-07-10,current,118,house,WA,4,,Republican,2023-01-03,2025-01-03,2023-01-03,2025-01-03,2023-01-03,2025-01-03
S001216,RepKimSchrier,Kim Schrier,Kim,Schrier,F,1968-08-23,current,118,house,WA,8,,Democrat,2023-01-03,2025-01-03,2023-01-03,2025-01-03,2023-01-03,2025-01-03
S000510,RepAdamSmith,Adam Smith,Adam,Smith,M,1965-06-15,current,118,house,WA,9,,Democrat,2023-01-03,2025-01-03,2023-01-03,2025-01-03,2023-01-03,2025-01-03
S001159,RepStricklandWA,Marilyn Strickland,Marilyn,Strickland,F,1962-09-25,current,118,house,WA,10,,Democrat,2023-01-03,2025-01-03,2023-01-03,2025-01-03,2023-01-03,2025-01-03
F000471,RepFitzgerald,Scott Fitzgerald,Scott,Fitzgerald,M,1963-11-16,current,118,house,WI,5,,Republican,2023-01-03,2025-01-03,2023-01-03,2025-01-03,2023-01-03,2025-01-03
G000579,,Mike Gallagher,Mike,Gallagher,M,1984-03-03,historical,118,house,WI,8,,Republican,2023-01-03,2024-04-24,2023-01-03,2025-01-03,2023-01-03,2024-04-24
G000576,RepGrothman,Glenn Grothman,Glenn,Grothman,M,1955-07-03,current,118,house,WI,6,,Republican,2023-01-03,2025-01-03,2023-01-03,2025-01-03,2023-01-03,2025-01-03
M001160,RepGwenMoore,Gwen Moore,Gwen,Moore,F,1951-04-18,current,118,house,WI,4,,Democrat,2023-01-03,2025-01-03,2023-01-03,2025-01-03,2023-01-03,2025-01-03
P000607,RepMarkPocan,Mark Pocan,Mark,Pocan,M,1964-08-14,current,118,house,WI,2,,Democrat,2023-01-03,2025-01-03,2023-01-03,2025-01-03,2023-01-03,2025-01-03
S001213,RepBryanSteil,Bryan Steil,Bryan,Steil,M,1981-03-30,current,118,house,WI,1,,Republican,2023-01-03,2025-01-03,2023-01-03,2025-01-03,2023-01-03,2025-01-03
T000165,RepTiffany,Thomas P. Tiffany,Thomas,Tiffany,M,1957-12-30,current,118,house,WI,7,,Republican,2023-01-03,2025-01-03,2023-01-03,2025-01-03,2023-01-03,2025-01-03
V000135,RepVanOrden,Derrick Van Orden,Derrick,Van Orden,M,1969-09-15,current,118,house,WI,3,,Republican,2023-01-03,2025-01-03,2023-01-03,2025-01-03,2023-01-03,2025-01-03
W000829,RepTonyWied,Tony Wied,Tony,Wied,M,1976-05-03,current,118,house,WI,8,,Republican,2024-11-05,2025-01-03,2023-01-03,2025-01-03,2024-11-05,2025-01-03
M001205,RepCarolMiller,Carol D. Miller,Carol,Miller,F,1950-11-04,current,118,house,WV,1,,Republican,2023-01-03,2025-01-03,2023-01-03,2025-01-03,2023-01-03,2025-01-03
M001195,,Alexander X. Mooney,Alexander,Mooney,M,1971-06-05,historical,118,house,WV,2,,Republican,2023-01-03,2025-01-03,2023-01-03,2025-01-03,2023-01-03,2025-01-03
H001096,RepHageman,Harriet M. Hageman,Harriet,Hageman,F,1962-10-18,current,118,house,WY,0,,Republican,2023-01-03,2025-01-03,2023-01-03,2025-01-03,2023-01-03,2025-01-03
M001153,LisaMurkowski,Lisa Murkowski,Lisa,Murkowski,F,1957-05-22,current,118,senate,AK,,3,Republican,2023-01-03,2029-01-03,2023-01-03,2025-01-03,2023-01-03,2025-01-03
S001198,SenDanSullivan,Dan Sullivan,Dan,Sullivan,M,1964-11-13,current,118,senate,AK,,2,Republican,2021-01-03,2027-01-03,2023-01-03,2025-01-03,2023-01-03,2025-01-03
B001319,SenKatieBritt,Katie Boyd Britt,Katie,Britt,F,1982-02-02,current,118,senate,AL,,3,Republican,2023-01-03,2029-01-03,2023-01-03,2025-01-03,2023-01-03,2025-01-03
T000278,SenTuberville,Tommy Tuberville,Tommy,Tuberville,M,1954-09-18,current,118,senate,AL,,2,Republican,2021-01-03,2027-01-03,2023-01-03,2025-01-03,2023-01-03,2025-01-03
B001236,JohnBoozman,John Boozman,John,Boozman,M,1950-12-10,current,118,senate,AR,,3,Republican,2023-01-03,2029-01-03,2023-01-03,2025-01-03,2023-01-03,2025-01-03
C001095,SenTomCotton,Tom Cotton,Tom,Cotton,M,1977-05-13,current,118,senate,AR,,2,Republican,2021-01-03,2027-01-03,2023-01-03,2025-01-03,2023-01-03,2025-01-03
K000377,SenMarkKelly,Mark Kelly,Mark,Kelly,M,1964-02-21,current,118,senate,AZ,,3,Democrat,2023-01-03,2029-01-03,2023-01-03,2025-01-03,2023-01-03,2025-01-03
S001191,,Kyrsten Sinema,Kyrsten,Sinema,F,1976-07-12,historical,118,senate,AZ,,1,Independent,2019-01-03,2025-01-03,2023-01-03,2025-01-03,2023-01-03,2025-01-03
B001320,,Laphonza R. Butler,Laphonza,Butler,F,1979-05-11,historical,118,senate,CA,,1,Democrat,2023-10-03,2024-12-08,2023-01-03,2025-01-03,2023-10-03,2024-12-08
F000062,,Dianne Feinstein,Dianne,Feinstein,F,1933-06-22,historical,118,senate,CA,,1,Democrat,2019-01-03,2023-09-28,2023-01-03,2025-01-03,2023-01-03,2023-09-28
P000145,SenAlexPadilla,Alex Padilla,Alejandro,Padilla,M,1973-03-22,current,118,senate,CA,,3,Democrat,2023-01-03,2029-01-03,2023-01-03,2025-01-03,2023-01-03,2025-01-03
S001150,SenAdamSchiff,Adam B. Schiff,Adam,Schiff,M,1960-06-22,current,118,senate,CA,,1,Democrat,2024-12-09,2025-01-03,2023-01-03,2025-01-03,2024-12-09,2025-01-03
B001267,SenatorBennet,Michael F. Bennet,Michael,Bennet,M,1964-11-28,current,118,senate,CO,,3,Democrat,2023-01-03,2029-01-03,2023-01-03,2025-01-03,2023-01-03,2025-01-03
H000273,SenatorHick,John W. Hickenlooper,John,Hickenlooper,M,1952-02-07,current,118,senate,CO,,2,Democrat,2021-01-03,2027-01-03,2023-01-03,2025-01-03,2023-01-03,2025-01-03
B001277,SenBlumenthal,Richard Blumenthal,Richard,Blumenthal,M,1946-02-13,current,118,senate,CT,,3,Democrat,2023-01-03,2029-01-03,2023-01-03,2025-01-03,2023-01-03,2025-01-03
M001169,SenMurphyOffice,Christopher Murphy,Christopher,Murphy,M,1973-08-03,current,118,senate,CT,,1,Democrat,2019-01-03,2025-01-03,2023-01-03,2025-01-03,2023-01-03,2025-01-03
C000174,,Thomas R. Carper,Thomas,Carper,M,1947-01-23,historical,118,senate,DE,,1,Democrat,2019-01-03,2025-01-03,2023-01-03,2025-01-03,2023-01-03,2025-01-03
C001088,ChrisCoons,Christopher A. Coons,Christopher,Coons,M,1963-09-09,current,118,senate,DE,,2,Democrat,2021-01-03,2027-01-03,2023-01-03,2025-01-03,2023-01-03,2025-01-03
R000595,,Marco Rubio,Marco,Rubio,M,1971-05-28,historical,118,senate,FL,,3,Republican,2023-01-03,2025-01-20,2023-01-03,2025-01-03,2023-01-03,2025-01-03
S001217,SenRickScott,Rick Scott,Rick,Scott,M,1952-12-01,current,118,senate,FL,,1,Republican,2019-01-08,2025-01-03,2023-01-03,2025-01-03,2023-01-03,2025-01-03
O000174,SenOssoff,Jon Ossoff,Jon,Ossoff,M,1987-02-16,current,118,senate,GA,,2,Democrat,2021-01-20,2027-01-03,2023-01-03,2025-01-03,2023-01-03,2025-01-03
W000790,SenatorWarnock,Raphael G. Warnock,Raphael,Warnock,M,1969-07-23,current,118,senate,GA,,3,Democrat,2023-01-03,2029-01-03,2023-01-03,2025-01-03,2023-01-03,2025-01-03
H001042,MazieHirono,Mazie K. Hirono,Mazie,Hirono,F,1947-11-03,current,118,senate,HI,,1,Democrat,2019-01-03,2025-01-03,2023-01-03,2025-01-03,2023-01-03,2025-01-03
S001194,SenBrianSchatz,Brian Schatz,Brian,Schatz,M,1972-10-20,current,118,senate,HI,,3,Democrat,2023-01-03,2029-01-03,2023-01-03,2025-01-03,2023-01-03,2025-01-03
E000295,SenJoniErnst,Joni Ernst,Joni,Ernst,F,1970-07-01,current,118,senate,IA,,2,Republican,2021-01-03,2027-01-03,2023-01-03,2025-01-03,2023-01-03,2025-01-03
G000386,ChuckGrassley,Chuck Grassley,Charles,Grassley,M,1933-09-17,current,118,senate,IA,,3,Republican,2023-01-03,2029-01-03,2023-01-03,2025-01-03,2023-01-03,2025-01-03
C000880,MikeCrapo,Mike Crapo,Michael,Crapo,M,1951-05-20,current,118,senate,ID,,3,Republican,2023-01-03,2029-01-03,2023-01-03,2025-01-03,2023-01-03,2025-01-03
R000584,SenatorRisch,James E. Risch,James,Risch,M,1943-05-03,current,118,senate,ID,,2,Republican,2021-01-03,2027-01-03,2023-01-03,2025-01-03,2023-01-03,2025-01-03
D000622,SenDuckworth,Tammy Duckworth,Tammy,Duckworth,F,1968-03-12,current,118,senate,IL,,3,Democrat,2023-01-03,2029-01-03,2023-01-03,2025-01-03,2023-01-03,2025-01-03
D000563,SenatorDurbin,Richard J. Durbin,Richard,Durbin,M,1944-11-21,current,118,senate,IL,,2,Democrat,2021-01-03,2027-01-03,2023-01-03,2025-01-03,2023-01-03,2025-01-03
B001310,,Mike Braun,Mike,Braun,M,1954-03-24,historical,118,senate,IN,,1,Republican,2019-01-03,2025-01-03,2023-01-03,2025-01-03,2023-01-03,2025-01-03
Y000064,SenToddYoung,Todd Young,Todd,Young,M,1972-08-24,current,118,senate,IN,,3,Republican,2023-01-03,2029-01-03,2023-01-03,2025-01-03,2023-01-03,2025-01-03
M001198,SenatorMarshall,Roger Marshall,Roger,Marshall,M,1960-08-09,current,118,senate,KS,,2,Republican,2021-01-03,2027-01-03,2023-01-03,2025-01-03,2023-01-03,2025-01-03
M000934,JerryMoran,Jerry Moran,Jerry,Moran,M,1954-05-29,current,118,senate,KS,,3,Republican,2023-01-03,2029-01-03,2023-01-03,2025-01-03,2023-01-03,2025-01-03
M000355,McConnellPress,Mitch McConnell,Mitch,McConnell,M,1942-02-20,current,118,senate,KY,,2,Republican,2021-01-03,2027-01-03,2023-01-03,2025-01-03,2023-01-03,2025-01-03
P000603,SenRandPaul,Rand Paul,Rand,Paul,M,1963-01-07,current,118,senate,KY,,3,Republican,2023-01-03,2029-01-03,2023-01-03,2025-01-03,2023-01-03,2025-01-03
C001075,SenBillCassidy,Bill Cassidy,Bill,Cassidy,M,1957-09-28,current,118,senate,LA,,2,Republican,2021-01-03,2027-01-03,2023-01-03,2025-01-03,2023-01-03,2025-01-03
K000393,SenJohnKennedy,John Kennedy,John,Kennedy,M,1951-11-21,current,118,senate,LA,,3,Republican,2023-01-03,2029-01-03,2023-01-03,2025-01-03,2023-01-03,2025-01-03
M000133,SenMarkey,Edward J. Markey,Edward,Markey,M,1946-07-11,current,118,senate,MA,,2,Democrat,2021-01-03,2027-01-03,2023-01-03,2025-01-03,2023-01-03,2025-01-03
W000817,SenWarren,Elizabeth Warren,Elizabeth,Warren,F,1949-06-22,current,118,senate,MA,,1,Democrat,2019-01-03,2025-01-03,2023-01-03,2025-01-03,2023-01-03,2025-01-03
C000141,,Benjamin L. Cardin,Benjamin,Cardin,M,1943-10-05,historical,118,senate,MD,,1,Democrat,2019-01-03,2025-01-03,2023-01-03,2025-01-03,2023-01-03,2025-01-03
V000128,ChrisVanHollen,Chris Van Hollen,Chris,Van Hollen,M,1959-01-10,current,118,senate,MD,,3,Democrat,2023-01-03,2029-01-03,2023-01-03,2025-01-03,2023-01-03,2025-01-03
C001035,SenatorCollins,Susan M. Collins,Susan,Collins,F,1952-12-07,current,118,senate,ME,,2,Republican,2021-01-03,2027-01-03,2023-01-03,2025-01-03,2023-01-03,2025-01-03
K000383,SenAngusKing,"Angus S. King, Jr.",Angus,King,M,1944-03-31,current,118,senate,ME,,1,Independent,2019-01-03,2025-01-03,2023-01-03,2025-01-03,2023-01-03,2025-01-03
P000595,SenGaryPeters,Gary C. Peters,Gary,Peters,M,1958-12-01,current,118,senate,MI,,2,Democrat,2021-01-03,2027-01-03,2023-01-03,2025-01-03,2023-01-03,2025-01-03
S000770,,Debbie Stabenow,Debbie,Stabenow,F,1950-04-29,historical,118,senate,MI,,1,Democrat,2019-01-03,2025-01-03,2023-01-03,2025-01-03,2023-01-03,2025-01-03
K000367,SenAmyKlobuchar,Amy Klobuchar,Amy,Klobuchar,F,1960-05-25,current,118,senate,MN,,1,Democrat,2019-01-03,2025-01-03,2023-01-03,2025-01-03,2023-01-03,2025-01-03
S001203,SenTinaSmith,Tina Smith,Tina,Smith,F,1958-03-04,current,118,senate,MN,,2,Democrat,2021-01-03,2027-01-03,2023-01-03,2025-01-03,2023-01-03,2025-01-03
H001089,SenHawleyPress,Josh Hawley,Joshua,Hawley,M,1979-12-31,current,118,senate,MO,,1,Republican,2019-01-03,2025-01-03,2023-01-03,2025-01-03,2023-01-03,2025-01-03
S001227,SenEricSchmitt,Eric Schmitt,Eric,Schmitt,M,1975-06-20,current,118,senate,MO,,3,Republican,2023-01-03,2029-01-03,2023-01-03,2025-01-03,2023-01-03,2025-01-03
H001079,SenHydeSmith,Cindy Hyde-Smith,Cindy,Hyde-Smith,F,1959-05-10,current,118,senate,MS,,2,Republican,2021-01-03,2027-01-03,2023-01-03,2025-01-03,2023-01-03,2025-01-03
W000437,SenatorWicker,Roger F. Wicker,Roger,Wicker,M,1951-07-05,current,118,senate,MS,,1,Republican,2019-01-03,2025-01-03,2023-01-03,2025-01-03,2023-01-03,2025-01-03
D000618,SteveDaines,Steve Daines,Steve,Daines,M,1962-08-20,current,118,senate,MT,,2,Republican,2021-01-03,2027-01-03,2023-01-03,2025-01-03,2023-01-03,2025-01-03
T000464,,Jon Tester,Jon,Tester,M,1956-08-21,historical,118,senate,MT,,1,Democrat,2019-01-03,2025-01-03,2023-01-03,2025-01-03,2023-01-03,2025-01-03
B001305,RepTedBudd,Ted Budd,Ted,Budd,M,1971-10-21,current,118,senate,NC,,3,Republican,2023-01-03,2029-01-03,2023-01-03,2025-01-03,2023-01-03,2025-01-03
T000476,SenThomTillis,Thom Tillis,Thom,Tillis,M,1960-08-30,current,118,senate,NC,,2,Republican,2021-01-03,2027-01-03,2023-01-03,2025-01-03,2023-01-03,2025-01-03
C001096,SenKevinCramer,Kevin Cramer,Kevin,Cramer,M,1961-01-21,current,118,senate,ND,,1,Republican,2019-01-03,2025-01-03,2023-01-03,2025-01-03,2023-01-03,2025-01-03
H001061,SenJohnHoeven,John Hoeven,John,Hoeven,M,1957-03-13,current,118,senate,ND,,3,Republican,2023-01-03,2029-01-03,2023-01-03,2025-01-03,2023-01-03,2025-01-03
F000463,SenatorFischer,Deb Fischer,Deb,Fischer,F,1951-03-01,current,118,senate,NE,,1,Republican,2019-01-03,2025-01-03,2023-01-03,2025-01-03,2023-01-03,2025-01-03
R000618,SenatorRicketts,Pete Ricketts,Pete,Ricketts,M,1964-08-19,current,118,senate,NE,,2,Republican,2023-01-23,2024-11-05,2023-01-03,2025-01-03,2023-01-23,2024-11-05
R000618,SenatorRicketts,Pete Ricketts,Pete,Ricketts,M,1964-08-19,current,118,senate,NE,,2,Republican,2024-11-05,2027-01-03,2023-01-03,2025-01-03,2024-11-05,2025-01-03
S001197,,Ben Sasse,Benjamin,Sasse,M,1972-02-22,historical,118,senate,NE,,2,Republican,2021-01-03,2023-01-08,2023-01-03,2025-01-03,2023-01-03,2023-01-08
H001076,SenatorHassan,Margaret Wood Hassan,Margaret,Hassan,F,1958-02-27,current,118,senate,NH,,3,Democrat,2023-01-03,2029-01-03,2023-01-03,2025-01-03,2023-01-03,2025-01-03
S001181,SenatorShaheen,Jeanne Shaheen,Jeanne,Shaheen,F,1947-01-28,current,118,senate,NH,,2,Democrat,2021-01-03,2027-01-03,2023-01-03,2025-01-03,2023-01-03,2025-01-03
B001288,SenBooker,Cory A. Booker,Cory,Booker,M,1969-04-27,current,118,senate,NJ,,2,Democrat,2021-01-03,2027-01-03,2023-01-03,2025-01-03,2023-01-03,2025-01-03
H001097,,George S. Helmy,George,Helmy,M,1979-10-27,historical,118,senate,NJ,,1,Democrat,2024-09-09,2024-12-08,2023-01-03,2025-01-03,2024-09-09,2024-12-08
K000394,,Andy Kim,Andy,Kim,M,1982-07-12,current,118,senate,NJ,,1,Democrat,2024-12-09,2025-01-03,2023-01-03,2025-01-03,2024-12-09,2025-01-03
M000639,,Robert Menendez,Robert,Menendez,M,1954-01-01,historical,118,senate,NJ,,1,Democrat,2019-01-03,2024-08-20,2023-01-03,2025-01-03,2023-01-03,2024-08-20
H001046,MartinHeinrich,Martin Heinrich,Martin,Heinrich,M,1971-10-17,current,118,senate,NM,,1,Democrat,2019-01-03,2025-01-03,2023-01-03,2025-01-03,2023-01-03,2025-01-03
L000570,SenatorLujan,Ben Ray Luján,Ben,Luján,M,1972-06-07,current,118,senate,NM,,2,Democrat,2021-01-03,2027-01-03,2023-01-03,2025-01-03,2023-01-03,2025-01-03
C001113,SenCortezMasto,Catherine Cortez Masto,Catherine,Cortez Masto,F,1964-03-29,current,118,senate,NV,,3,Democrat,2023-01-03,2029-01-03,2023-01-03,2025-01-03,2023-01-03,2025-01-03
R000608,SenJackyRosen,Jacky Rosen,Jacky,Rosen,F,1957-08-02,current,118,senate,NV,,1,Democrat,2019-01-03,2025-01-03,2023-01-03,2025-01-03,2023-01-03,2025-01-03
G000555,GillibrandNY,Kirsten E. Gillibrand,Kirsten,Gillibrand,F,1966-12-09,current,118,senate,NY,,1,Democrat,2019-01-03,2025-01-03,2023-01-03,2025-01-03,2023-01-03,2025-01-03
S000148,SenSchumer,Charles E. Schumer,Charles,Schumer,M,1950-11-23,current,118,senate,NY,,3,Democrat,2023-01-03,2029-01-03,2023-01-03,2025-01-03,2023-01-03,2025-01-03
B000944,,Sherrod Brown,Sherrod,Brown,M,1952-11-09,historical,118,senate,OH,,1,Democrat,2019-01-03,2025-01-03,2023-01-03,2025-01-03,2023-01-03,2025-01-03
V000137,,J.D. Vance,James David,Vance,M,1984-08-02,historical,118,senate,OH,,3,Republican,2023-01-03,2025-01-09,2023-01-03,2025-01-03,2023-01-03,2025-01-03
L000575,SenatorLankford,James Lankford,James,Lankford,M,1968-03-04,current,118,senate,OK,,3,Republican,2023-01-03,2029-01-03,2023-01-03,2025-01-03,2023-01-03,2025-01-03
M001190,,Markwayne Mullin,Markwayne,Mullin,M,1977-07-26,historical,118,senate,OK,,2,Republican,2023-01-03,2026-03-23,2023-01-03,2025-01-03,2023-01-03,2025-01-03
M001176,SenJeffMerkley,Jeff Merkley,Jeff,Merkley,M,1956-10-24,current,118,senate,OR,,2,Democrat,2021-01-03,2027-01-03,2023-01-03,2025-01-03,2023-01-03,2025-01-03
W000779,RonWyden,Ron Wyden,Ron,Wyden,M,1949-05-03,current,118,senate,OR,,3,Democrat,2023-01-03,2029-01-03,2023-01-03,2025-01-03,2023-01-03,2025-01-03
C001070,,"Robert P. Casey, Jr.",Robert,Casey,M,1960-04-13,historical,118,senate,PA,,1,Democrat,2019-01-03,2025-01-03,2023-01-03,2025-01-03,2023-01-03,2025-01-03
F000479,,John Fetterman,John,Fetterman,M,1969-08-15,current,118,senate,PA,,3,Democrat,2023-01-03,2029-01-03,2023-01-03,2025-01-03,2023-01-03,2025-01-03
R000122,SenJackReed,Jack Reed,John,Reed,M,1949-11-12,current,118,senate,RI,,2,Democrat,2021-01-03,2027-01-03,2023-01-03,2025-01-03,2023-01-03,2025-01-03
W000802,SenWhitehouse,Sheldon Whitehouse,Sheldon,Whitehouse,M,1955-10-20,current,118,senate,RI,,1,Democrat,2019-01-03,2025-01-03,2023-01-03,2025-01-03,2023-01-03,2025-01-03
G000359,GrahamBlog,Lindsey Graham,Lindsey,Graham,M,1955-07-09,current,118,senate,SC,,2,Republican,2021-01-03,2027-01-03,2023-01-03,2025-01-03,2023-01-03,2025-01-03
S001184,SenatorTimScott,Tim Scott,Tim,Scott,M,1965-09-19,current,118,senate,SC,,3,Republican,2023-01-03,2029-01-03,2023-01-03,2025-01-03,2023-01-03,2025-01-03
R000605,SenatorRounds,Mike Rounds,Mike,Rounds,M,1954-10-24,current,118,senate,SD,,2,Republican,2021-01-03,2027-01-03,2023-01-03,2025-01-03,2023-01-03,2025-01-03
T000250,SenJohnThune,John Thune,John,Thune,M,1961-01-07,current,118,senate,SD,,3,Republican,2023-01-03,2029-01-03,2023-01-03,2025-01-03,2023-01-03,2025-01-03
B001243,MarshaBlackburn,Marsha Blackburn,Marsha,Blackburn,F,1952-06-06,current,118,senate,TN,,1,Republican,2019-01-03,2025-01-03,2023-01-03,2025-01-03,2023-01-03,2025-01-03
H000601,SenatorHagerty,Bill Hagerty,Bill,Hagerty,M,1959-08-14,current,118,senate,TN,,2,Republican,2021-01-03,2027-01-03,2023-01-03,2025-01-03,2023-01-03,2025-01-03
C001056,JohnCornyn,John Cornyn,John,Cornyn,M,1952-02-02,current,118,senate,TX,,2,Republican,2021-01-03,2027-01-03,2023-01-03,2025-01-03,2023-01-03,2025-01-03
C001098,SenTedCruz,Ted Cruz,Ted,Cruz,M,1970-12-22,current,118,senate,TX,,1,Republican,2019-01-03,2025-01-03,2023-01-03,2025-01-03,2023-01-03,2025-01-03
L000577,SenMikeLee,Mike Lee,Mike,Lee,M,1971-06-04,current,118,senate,UT,,3,Republican,2023-01-03,2029-01-03,2023-01-03,2025-01-03,2023-01-03,2025-01-03
R000615,,Mitt Romney,Mitt,Romney,M,1947-03-12,historical,118,senate,UT,,1,Republican,2019-01-03,2025-01-03,2023-01-03,2025-01-03,2023-01-03,2025-01-03
K000384,,Tim Kaine,Timothy,Kaine,M,1958-02-26,current,118,senate,VA,,1,Democrat,2019-01-03,2025-01-03,2023-01-03,2025-01-03,2023-01-03,2025-01-03
W000805,MarkWarner,Mark R. Warner,Mark,Warner,M,1954-12-15,current,118,senate,VA,,2,Democrat,2021-01-03,2027-01-03,2023-01-03,2025-01-03,2023-01-03,2025-01-03
S000033,SenSanders,Bernard Sanders,Bernard,Sanders,M,1941-09-08,current,118,senate,VT,,1,Independent,2019-01-03,2025-01-03,2023-01-03,2025-01-03,2023-01-03,2025-01-03
W000800,PeterWelch,Peter Welch,Peter,Welch,M,1947-05-02,current,118,senate,VT,,3,Democrat,2023-01-03,2029-01-03,2023-01-03,2025-01-03,2023-01-03,2025-01-03
C000127,SenatorCantwell,Maria Cantwell,Maria,Cantwell,F,1958-10-13,current,118,senate,WA,,1,Democrat,2019-01-03,2025-01-03,2023-01-03,2025-01-03,2023-01-03,2025-01-03
M001111,PattyMurray,Patty Murray,Patty,Murray,F,1950-10-11,current,118,senate,WA,,3,Democrat,2023-01-03,2029-01-03,2023-01-03,2025-01-03,2023-01-03,2025-01-03
B001230,SenatorBaldwin,Tammy Baldwin,Tammy,Baldwin,F,1962-02-11,current,118,senate,WI,,1,Democrat,2019-01-03,2025-01-03,2023-01-03,2025-01-03,2023-01-03,2025-01-03
J000293,SenRonJohnson,Ron Johnson,Ron,Johnson,M,1955-04-08,current,118,senate,WI,,3,Republican,2023-01-03,2029-01-03,2023-01-03,2025-01-03,2023-01-03,2025-01-03
C001047,SenCapito,Shelley Moore Capito,Shelley,Capito,F,1953-11-26,current,118,senate,WV,,2,Republican,2021-01-03,2027-01-03,2023-01-03,2025-01-03,2023-01-03,2025-01-03
M001183,,"Joe Manchin, III",Joe,Manchin,M,1947-08-24,historical,118,senate,WV,,1,Independent,2019-01-03,2025-01-03,2023-01-03,2025-01-03,2023-01-03,2025-01-03
B001261,SenJohnBarrasso,John Barrasso,John,Barrasso,M,1952-07-21,current,118,senate,WY,,1,Republican,2019-01-03,2025-01-03,2023-01-03,2025-01-03,2023-01-03,2025-01-03
L000571,SenLummis,Cynthia M. Lummis,Cynthia,Lummis,F,1954-09-10,current,118,senate,WY,,2,Republican,2021-01-03,2027-01-03,2023-01-03,2025-01-03,2023-01-03,2025-01-03
B001323,repnickbegich,Nicholas J. Begich III,Nicholas,Begich,M,1977-10-21,current,119,house,AK,0,,Republican,2025-01-03,2027-01-03,2025-01-03,2027-01-03,2025-01-03,2027-01-03
A000055,Robert_Aderholt,Robert B. Aderholt,Robert,Aderholt,M,1965-07-22,current,119,house,AL,4,,Republican,2025-01-03,2027-01-03,2025-01-03,2027-01-03,2025-01-03,2027-01-03
F000481,repscfigures,Shomari Figures,Shomari,Figures,M,1985-09-03,current,119,house,AL,2,,Democrat,2025-01-03,2027-01-03,2025-01-03,2027-01-03,2025-01-03,2027-01-03
M001212,RepBarryMoore,Barry Moore,Barry,Moore,M,1966-09-26,current,119,house,AL,1,,Republican,2025-01-03,2027-01-03,2025-01-03,2027-01-03,2025-01-03,2027-01-03
P000609,USRepGaryPalmer,Gary J. Palmer,Gary,Palmer,M,1954-05-14,current,119,house,AL,6,,Republican,2025-01-03,2027-01-03,2025-01-03,2027-01-03,2025-01-03,2027-01-03
R000575,RepMikeRogersAL,Mike Rogers,Mike,Rogers,M,1958-07-16,current,119,house,AL,3,,Republican,2025-01-03,2027-01-03,2025-01-03,2027-01-03,2025-01-03,2027-01-03
S001185,RepTerriSewell,Terri A. Sewell,Terri,Sewell,F,1965-01-01,current,119,house,AL,7,,Democrat,2025-01-03,2027-01-03,2025-01-03,2027-01-03,2025-01-03,2027-01-03
S001220,RepDaleStrong,Dale W. Strong,Dale,Strong,M,1970-05-08,current,119,house,AL,5,,Republican,2025-01-03,2027-01-03,2025-01-03,2027-01-03,2025-01-03,2027-01-03
C001087,RepRickCrawford,"Eric A. ""Rick"" Crawford",Eric,Crawford,M,1966-01-22,current,119,house,AR,1,,Republican,2025-01-03,2027-01-03,2025-01-03,2027-01-03,2025-01-03,2027-01-03
H001072,RepFrenchHill,J. French Hill,J.,Hill,M,1956-12-05,current,119,house,AR,2,,Republican,2025-01-03,2027-01-03,2025-01-03,2027-01-03,2025-01-03,2027-01-03
W000821,RepWesterman,Bruce Westerman,Bruce,Westerman,M,1967-11-18,current,119,house,AR,4,,Republican,2025-01-03,2027-01-03,2025-01-03,2027-01-03,2025-01-03,2027-01-03
W000809,Rep_SteveWomack,Steve Womack,Steve,Womack,M,1957-02-18,current,119,house,AR,3,,Republican,2025-01-03,2027-01-03,2025-01-03,2027-01-03,2025-01-03,2027-01-03
R000600,RepAmata,Aumua Amata Coleman Radewagen,Aumua Amata,Radewagen,F,1947-12-29,current,119,house,AS,0,,Republican,2025-01-03,2027-01-03,2025-01-03,2027-01-03,2025-01-03,2027-01-03
A000381,RepYassAnsari,Yassamin Ansari,Yassamin,Ansari,F,1992-04-07,current,119,house,AZ,3,,Democrat,2025-01-03,2027-01-03,2025-01-03,2027-01-03,2025-01-03,2027-01-03
B001302,RepAndyBiggsAZ,Andy Biggs,Andy,Biggs,M,1958-11-07,current,119,house,AZ,5,,Republican,2025-01-03,2027-01-03,2025-01-03,2027-01-03,2025-01-03,2027-01-03
C001133,RepCiscomani,Juan Ciscomani,Juan,Ciscomani,M,1982-08-30,current,119,house,AZ,6,,Republican,2025-01-03,2027-01-03,2025-01-03,2027-01-03,2025-01-03,2027-01-03
C001132,RepEliCrane,Elijah Crane,Eli,Crane,M,1980-01-03,current,119,house,AZ,2,,Republican,2025-01-03,2027-01-03,2025-01-03,2027-01-03,2025-01-03,2027-01-03
G000565,RepGosar,Paul A. Gosar,Paul,Gosar,M,1958-11-22,current,119,house,AZ,9,,Republican,2025-01-03,2027-01-03,2025-01-03,2027-01-03,2025-01-03,2027-01-03
G000606,,Adelita S. Grijalva,Adelita,Grijalva,F,1970-10-30,current,119,house,AZ,7,,Democrat,2025-11-12,2027-01-03,2025-01-03,2027-01-03,2025-11-12,2027-01-03
G000551,,Raúl M. Grijalva,Raúl,Grijalva,M,1948-02-19,historical,119,house,AZ,7,,Democrat,2025-01-03,2025-03-13,2025-01-03,2027-01-03,2025-01-03,2025-03-13
H001098,,Abraham J. Hamadeh,Abraham,Hamadeh,M,1991-05-15,current,119,house,AZ,8,,Republican,2025-01-03,2027-01-03,2025-01-03,2027-01-03,2025-01-03,2027-01-03
S001183,RepDavid,David Schweikert,David,Schweikert,M,1962-03-03,current,119,house,AZ,1,,Republican,2025-01-03,2027-01-03,2025-01-03,2027-01-03,2025-01-03,2027-01-03
S001211,RepGregStanton,Greg Stanton,Greg,Stanton,M,1970-03-08,current,119,house,AZ,4,,Democrat,2025-01-03,2027-01-03,2025-01-03,2027-01-03,2025-01-03,2027-01-03
A000371,RepPeteAguilar,Pete Aguilar,Pete,Aguilar,M,1979-06-19,current,119,house,CA,33,,Democrat,2025-01-03,2027-01-03,2025-01-03,2027-01-03,2025-01-03,2027-01-03
B001300,RepBarragan,Nanette Diaz Barragán,Nanette,Barragán,F,1976-09-15,current,119,house,CA,44,,Democrat,2025-01-03,2027-01-03,2025-01-03,2027-01-03,2025-01-03,2027-01-03
B001287,RepBera,Ami Bera,Ami,Bera,M,1965-03-02,current,119,house,CA,6,,Democrat,2025-01-03,2027-01-03,2025-01-03,2027-01-03,2025-01-03,2027-01-03
B001285,RepBrownley,Julia Brownley,Julia,Brownley,F,1952-08-28,current,119,house,CA,26,,Democrat,2025-01-03,2027-01-03,2025-01-03,2027-01-03,2025-01-03,2027-01-03
C000059,KenCalvert,Ken Calvert,Ken,Calvert,M,1953-06-08,current,119,house,CA,41,,Republican,2025-01-03,2027-01-03,2025-01-03,2027-01-03,2025-01-03,2027-01-03
C001112,RepCarbajal,Salud O. Carbajal,Salud,Carbajal,M,1964-11-18,current,119,house,CA,24,,Democrat,2025-01-03,2027-01-03,2025-01-03,2027-01-03,2025-01-03,2027-01-03
C001080,RepJudyChu,Judy Chu,Judy,Chu,F,1953-07-07,current,119,house,CA,28,,Democrat,2025-01-03,2027-01-03,2025-01-03,2027-01-03,2025-01-03,2027-01-03
C001123,,"Gilbert Ray Cisneros, Jr.",Gilbert,Cisneros,M,1971-02-12,current,119,house,CA,31,,Democrat,2025-01-03,2027-01-03,2025-01-03,2027-01-03,2025-01-03,2027-01-03
C001110,RepLouCorrea,J. Luis Correa,J.,Correa,M,1958-01-24,current,119,house,CA,46,,Democrat,2025-01-03,2027-01-03,2025-01-03,2027-01-03,2025-01-03,2027-01-03
C001059,RepJimCosta,Jim Costa,Jim,Costa,M,1952-04-13,current,119,house,CA,21,,Democrat,2025-01-03,2027-01-03,2025-01-03,2027-01-03,2025-01-03,2027-01-03
D000623,RepDeSaulnier,Mark DeSaulnier,Mark,DeSaulnier,M,1952-03-31,current,119,house,CA,10,,Democrat,2025-01-03,2027-01-03,2025-01-03,2027-01-03,2025-01-03,2027-01-03
F000480,RepVinceFong,Vince Fong,Vince,Fong,M,1979-10-24,current,119,house,CA,20,,Republican,2025-01-03,2027-01-03,2025-01-03,2027-01-03,2025-01-03,2027-01-03
F000483,RepFriedmanCA,Laura Friedman,Laura,Friedman,F,1966-12-03,current,119,house,CA,30,,Democrat,2025-01-03,2027-01-03,2025-01-03,2027-01-03,2025-01-03,2027-01-03
G000559,RepGaramendi,John Garamendi,John,Garamendi,M,1945-01-24,current,119,house,CA,8,,Democrat,2025-01-03,2027-01-03,2025-01-03,2027-01-03,2025-01-03,2027-01-03
G000598,RepRobertGarcia,Robert Garcia,Robert,Garcia,M,1977-12-02,current,119,house,CA,42,,Democrat,2025-01-03,2027-01-03,2025-01-03,2027-01-03,2025-01-03,2027-01-03
G000585,RepJimmyGomez,Jimmy Gomez,Jimmy,Gomez,M,1974-11-25,current,119,house,CA,34,,Democrat,2025-01-03,2027-01-03,2025-01-03,2027-01-03,2025-01-03,2027-01-03
G000605,RepAdamGrayCA,Adam Gray,Adam,Gray,M,1977-09-23,current,119,house,CA,13,,Democrat,2025-01-03,2027-01-03,2025-01-03,2027-01-03,2025-01-03,2027-01-03
H001090,RepJoshHarder,Josh Harder,Josh,Harder,M,1986-08-01,current,119,house,CA,9,,Democrat,2025-01-03,2027-01-03,2025-01-03,2027-01-03,2025-01-03,2027-01-03
H001068,RepHuffman,Jared Huffman,Jared,Huffman,M,1964-02-18,current,119,house,CA,2,,Democrat,2025-01-03,2027-01-03,2025-01-03,2027-01-03,2025-01-03,2027-01-03
I000056,repdarrellissa,Darrell Issa,Darrell,Issa,M,1953-11-01,current,119,house,CA,48,,Republican,2025-01-03,2027-01-03,2025-01-03,2027-01-03,2025-01-03,2027-01-03
J000305,RepSaraJacobs,Sara Jacobs,Sara,Jacobs,F,1989-02-01,current,119,house,CA,51,,Democrat,2025-01-03,2027-01-03,2025-01-03,2027-01-03,2025-01-03,2027-01-03
K000400,RepKamlagerDove,Sydney Kamlager-Dove,Sydney,Kamlager-Dove,F,1972-07-20,current,119,house,CA,37,,Democrat,2025-01-03,2027-01-03,2025-01-03,2027-01-03,2025-01-03,2027-01-03
K000389,RepRoKhanna,Ro Khanna,Ro,Khanna,M,1976-09-13,current,119,house,CA,17,,Democrat,2025-01-03,2027-01-03,2025-01-03,2027-01-03,2025-01-03,2027-01-03
K000401,RepKiley,Kevin Kiley,Kevin,Kiley,M,1985-01-30,current,119,house,CA,3,,Independent,2025-01-03,2027-01-03,2025-01-03,2027-01-03,2025-01-03,2027-01-03
K000397,RepYoungKim,Young Kim,Young,Kim,F,1962-10-18,current,119,house,CA,40,,Republican,2025-01-03,2027-01-03,2025-01-03,2027-01-03,2025-01-03,2027-01-03
L000578,,Doug LaMalfa,Doug,LaMalfa,M,1960-07-02,historical,119,house,CA,1,,Republican,2025-01-03,2026-01-05,2025-01-03,2027-01-03,2025-01-03,2026-01-05
L000593,RepMikeLevin,Mike Levin,Mike,Levin,M,1978-10-28,current,119,house,CA,49,,Democrat,2025-01-03,2027-01-03,2025-01-03,2027-01-03,2025-01-03,2027-01-03
L000607,repliccardo,Sam T. Liccardo,Sam,Liccardo,M,1970-04-16,current,119,house,CA,16,,Democrat,2025-01-03,2027-01-03,2025-01-03,2027-01-03,2025-01-03,2027-01-03
L000582,RepTedLieu,Ted Lieu,Ted,Lieu,M,1969-03-29,current,119,house,CA,36,,Democrat,2025-01-03,2027-01-03,2025-01-03,2027-01-03,2025-01-03,2027-01-03
L000397,RepZoeLofgren,Zoe Lofgren,Zoe,Lofgren,F,1947-12-21,current,119,house,CA,18,,Democrat,2025-01-03,2027-01-03,2025-01-03,2027-01-03,2025-01-03,2027-01-03
M001163,DorisMatsui,Doris O. Matsui,Doris,Matsui,F,1944-09-25,current,119,house,CA,7,,Democrat,2025-01-03,2027-01-03,2025-01-03,2027-01-03,2025-01-03,2027-01-03
M001177,RepMcClintock,Tom McClintock,Tom,McClintock,M,1956-07-10,current,119,house,CA,5,,Republican,2025-01-03,2027-01-03,2025-01-03,2027-01-03,2025-01-03,2027-01-03
M001241,,Dave Min,Dave,Min,M,1976-03-05,current,119,house,CA,47,,Democrat,2025-01-03,2027-01-03,2025-01-03,2027-01-03,2025-01-03,2027-01-03
M001225,RepKevinMullin,Kevin Mullin,Kevin,Mullin,M,1970-06-15,current,119,house,CA,15,,Democrat,2025-01-03,2027-01-03,2025-01-03,2027-01-03,2025-01-03,2027-01-03
O000019,JayObernolte,Jay Obernolte,Jay,Obernolte,M,1970-08-18,current,119,house,CA,23,,Republican,2025-01-03,2027-01-03,2025-01-03,2027-01-03,2025-01-03,2027-01-03
P000613,RepJimmyPanetta,Jimmy Panetta,Jimmy,Panetta,M,1969-10-01,current,119,house,CA,19,,Democrat,2025-01-03,2027-01-03,2025-01-03,2027-01-03,2025-01-03,2027-01-03
P000197,SpeakerPelosi,Nancy Pelosi,Nancy,Pelosi,F,1940-03-26,current,119,house,CA,11,,Democrat,2025-01-03,2027-01-03,2025-01-03,2027-01-03,2025-01-03,2027-01-03
P000608,RepScottPeters,Scott H. Peters,Scott,Peters,M,1958-06-17,current,119,house,CA,50,,Democrat,2025-01-03,2027-01-03,2025-01-03,2027-01-03,2025-01-03,2027-01-03
R000620,RepLuzRivas,Luz M. Rivas,Luz,Rivas,F,1974-02-06,current,119,house,CA,29,,Democrat,2025-01-03,2027-01-03,2025-01-03,2027-01-03,2025-01-03,2027-01-03
R000599,RepRaulRuizMD,Raul Ruiz,Raul,Ruiz,M,1972-08-25,current,119,house,CA,25,,Democrat,2025-01-03,2027-01-03,2025-01-03,2027-01-03,2025-01-03,2027-01-03
S000344,BradSherman,Brad Sherman,Brad,Sherman,M,1954-10-24,current,119,house,CA,32,,Democrat,2025-01-03,2027-01-03,2025-01-03,2027-01-03,2025-01-03,2027-01-03
S001231,RepLSimon,Lateefah Simon,Lateefah,Simon,F,1977-01-29,current,119,house,CA,12,,Democrat,2025-01-03,2027-01-03,2025-01-03,2027-01-03,2025-01-03,2027-01-03
S001193,RepSwalwell,Eric Swalwell,Eric,Swalwell,M,1980-11-16,current,119,house,CA,14,,Democrat,2025-01-03,2027-01-03,2025-01-03,2027-01-03,2025-01-03,2027-01-03
S001156,RepLindaSanchez,Linda T. Sánchez,Linda,Sánchez,F,1969-01-28,current,119,house,CA,38,,Democrat,2025-01-03,2027-01-03,2025-01-03,2027-01-03,2025-01-03,2027-01-03
T000472,RepMarkTakano,Mark Takano,Mark,Takano,M,1960-12-10,current,119,house,CA,39,,Democrat,2025-01-03,2027-01-03,2025-01-03,2027-01-03,2025-01-03,2027-01-03
T000460,RepThompson,Mike Thompson,Mike,Thompson,M,1951-01-24,current,119,house,CA,4,,Democrat,2025-01-03,2027-01-03,2025-01-03,2027-01-03,2025-01-03,2027-01-03
T000474,NormaJTorres,Norma J. Torres,Norma,Torres,F,1965-04-04,current,119,house,CA,35,,Democrat,2025-01-03,2027-01-03,2025-01-03,2027-01-03,2025-01-03,2027-01-03
T000491,,Derek Tran,Derek,Tran,M,1980-12-22,current,119,house,CA,45,,Democrat,2025-01-03,2027-01-03,2025-01-03,2027-01-03,2025-01-03,2027-01-03
V000129,RepDavidValadao,David G. Valadao,David,Valadao,M,1977-04-14,current,119,house,CA,22,,Republican,2025-01-03,2027-01-03,2025-01-03,2027-01-03,2025-01-03,2027-01-03
V000130,RepJuanVargas,Juan Vargas,Juan,Vargas,M,1961-03-07,current,119,house,CA,52,,Democrat,2025-01-03,2027-01-03,2025-01-03,2027-01-03,2025-01-03,2027-01-03
W000187,RepMaxineWaters,Maxine Waters,Maxine,Waters,F,1938-08-15,current,119,house,CA,43,,Democrat,2025-01-03,2027-01-03,2025-01-03,2027-01-03,2025-01-03,2027-01-03
W000830,Rep_Whitesides,George Whitesides,George,Whitesides,M,1974-03-03,current,119,house,CA,27,,Democrat,2025-01-03,2027-01-03,2025-01-03,2027-01-03,2025-01-03,2027-01-03
B000825,RepBoebert,Lauren Boebert,Lauren,Boebert,F,1986-12-15,current,119,house,CO,4,,Republican,2025-01-03,2027-01-03,2025-01-03,2027-01-03,2025-01-03,2027-01-03
C001137,RepJeffCrank,Jeff Crank,Jeff,Crank,M,1967-01-28,current,119,house,CO,5,,Republican,2025-01-03,2027-01-03,2025-01-03,2027-01-03,2025-01-03,2027-01-03
C001121,RepJasonCrow,Jason Crow,Jason,Crow,M,1979-03-15,current,119,house,CO,6,,Democrat,2025-01-03,2027-01-03,2025-01-03,2027-01-03,2025-01-03,2027-01-03
D000197,RepDianaDeGette,Diana DeGette,Diana,DeGette,F,1957-07-29,current,119,house,CO,1,,Democrat,2025-01-03,2027-01-03,2025-01-03,2027-01-03,2025-01-03,2027-01-03
E000300,repgabeevans,Gabe Evans,Gabe,Evans,M,1986-07-28,current,119,house,CO,8,,Republican,2025-01-03,2027-01-03,2025-01-03,2027-01-03,2025-01-03,2027-01-03
H001100,RepJeffHurd,Jeff Hurd,Jeff,Hurd,M,1979-08-15,current,119,house,CO,3,,Republican,2025-01-03,2027-01-03,2025-01-03,2027-01-03,2025-01-03,2027-01-03
N000191,RepJoeNeguse,Joe Neguse,Joe,Neguse,M,1984-05-13,current,119,house,CO,2,,Democrat,2025-01-03,2027-01-03,2025-01-03,2027-01-03,2025-01-03,2027-01-03
P000620,reppettersen,Brittany Pettersen,Brittany,Pettersen,F,1981-12-06,current,119,house,CO,7,,Democrat,2025-01-03,2027-01-03,2025-01-03,2027-01-03,2025-01-03,2027-01-03
C001069,RepJoeCourtney,Joe Courtney,Joe,Courtney,M,1953-04-06,current,119,house,CT,2,,Democrat,2025-01-03,2027-01-03,2025-01-03,2027-01-03,2025-01-03,2027-01-03
D000216,RosaDeLauro,Rosa L. DeLauro,Rosa,DeLauro,F,1943-03-02,current,119,house,CT,3,,Democrat,2025-01-03,2027-01-03,2025-01-03,2027-01-03,2025-01-03,2027-01-03
H001081,RepJahanaHayes,Jahana Hayes,Jahana,Hayes,F,1973-03-08,current,119,house,CT,5,,Democrat,2025-01-03,2027-01-03,2025-01-03,2027-01-03,2025-01-03,2027-01-03
H001047,jahimes,James A. Himes,James,Himes,M,1966-07-05,current,119,house,CT,4,,Democrat,2025-01-03,2027-01-03,2025-01-03,2027-01-03,2025-01-03,2027-01-03
L000557,RepJohnLarson,John B. Larson,John,Larson,M,1948-07-22,current,119,house,CT,1,,Democrat,2025-01-03,2027-01-03,2025-01-03,2027-01-03,2025-01-03,2027-01-03
N000147,EleanorNorton,Eleanor Holmes Norton,Eleanor,Norton,F,1937-06-13,current,119,house,DC,0,,Democrat,2025-01-03,2027-01-03,2025-01-03,2027-01-03,2025-01-03,2027-01-03
M001238,,Sarah McBride,Sarah,McBride,F,1990-08-09,current,119,house,DE,0,,Democrat,2025-01-03,2027-01-03,2025-01-03,2027-01-03,2025-01-03,2027-01-03
B001314,RepAaronBean,Aaron Bean,Aaron,Bean,M,1967-01-25,current,119,house,FL,4,,Republican,2025-01-03,2027-01-03,2025-01-03,2027-01-03,2025-01-03,2027-01-03
B001257,RepGusBilirakis,Gus M. Bilirakis,Gus,Bilirakis,M,1963-02-08,current,119,house,FL,12,,Republican,2025-01-03,2027-01-03,2025-01-03,2027-01-03,2025-01-03,2027-01-03
B001260,VernBuchanan,Vern Buchanan,Vern,Buchanan,M,1951-05-08,current,119,house,FL,16,,Republican,2025-01-03,2027-01-03,2025-01-03,2027-01-03,2025-01-03,2027-01-03
C001039,RepKatCammack,Kat Cammack,Katherine,Cammack,F,1988-02-16,current,119,house,FL,3,,Republican,2025-01-03,2027-01-03,2025-01-03,2027-01-03,2025-01-03,2027-01-03
C001066,USRepKCastor,Kathy Castor,Kathy,Castor,F,1966-08-20,current,119,house,FL,14,,Democrat,2025-01-03,2027-01-03,2025-01-03,2027-01-03,2025-01-03,2027-01-03
C001127,,Sheila Cherfilus-McCormick,Sheila,Cherfilus-McCormick,F,1979-01-25,current,119,house,FL,20,,Democrat,2025-01-03,2027-01-03,2025-01-03,2027-01-03,2025-01-03,2027-01-03
D000600,MarioDB,Mario Diaz-Balart,Mario,Diaz-Balart,M,1961-09-25,current,119,house,FL,26,,Republican,2025-01-03,2027-01-03,2025-01-03,2027-01-03,2025-01-03,2027-01-03
D000032,RepDonaldsPress,Byron Donalds,Byron,Donalds,M,1978-10-28,current,119,house,FL,19,,Republican,2025-01-03,2027-01-03,2025-01-03,2027-01-03,2025-01-03,2027-01-03
D000628,DrNealDunnFL2,Neal P. Dunn,Neal,Dunn,M,1953-02-16,current,119,house,FL,2,,Republican,2025-01-03,2027-01-03,2025-01-03,2027-01-03,2025-01-03,2027-01-03
F000484,,Randy Fine,Randall,Fine,M,1974-04-20,current,119,house,FL,6,,Republican,2025-04-02,2027-01-03,2025-01-03,2027-01-03,2025-04-02,2027-01-03
F000462,RepLoisFrankel,Lois Frankel,Lois,Frankel,F,1948-05-16,current,119,house,FL,22,,Democrat,2025-01-03,2027-01-03,2025-01-03,2027-01-03,2025-01-03,2027-01-03
F000472,RepFranklin,Scott Franklin,C.,Franklin,M,1964-08-23,current,119,house,FL,18,,Republican,2025-01-03,2027-01-03,2025-01-03,2027-01-03,2025-01-03,2027-01-03
F000476,RepMaxwellFrost,Maxwell Frost,Maxwell,Frost,M,1997-01-17,current,119,house,FL,10,,Democrat,2025-01-03,2027-01-03,2025-01-03,2027-01-03,2025-01-03,2027-01-03
G000593,RepCarlos,Carlos A. Gimenez,Carlos,Gimenez,M,1954-01-17,current,119,house,FL,28,,Republican,2025-01-03,2027-01-03,2025-01-03,2027-01-03,2025-01-03,2027-01-03
H001099,repharidopolos,Mike Haridopolos,Mike,Haridopolos,M,1970-03-15,current,119,house,FL,8,,Republican,2025-01-03,2027-01-03,2025-01-03,2027-01-03,2025-01-03,2027-01-03
L000597,RepLaurelLee,Laurel M. Lee,Laurel,Lee,F,1974-03-26,current,119,house,FL,15,,Republican,2025-01-03,2027-01-03,2025-01-03,2027-01-03,2025-01-03,2027-01-03
L000596,RepLuna,Anna Paulina Luna,Anna,Luna,F,1989-05-06,current,119,house,FL,13,,Republican,2025-01-03,2027-01-03,2025-01-03,2027-01-03,2025-01-03,2027-01-03
M001199,RepBrianMast,Brian J. Mast,Brian,Mast,M,1980-07-10,current,119,house,FL,21,,Republican,2025-01-03,2027-01-03,2025-01-03,2027-01-03,2025-01-03,2027-01-03
M001216,RepMillsPress,Cory Mills,Cory,Mills,M,1980-07-30,current,119,house,FL,7,,Republican,2025-01-03,2027-01-03,2025-01-03,2027-01-03,2025-01-03,2027-01-03
M001217,RepMoskowitz,Jared Moskowitz,Jared,Moskowitz,M,1980-12-18,current,119,house,FL,23,,Democrat,2025-01-03,2027-01-03,2025-01-03,2027-01-03,2025-01-03,2027-01-03
P000622,,Jimmy Patronis,Jimmy,Patronis,M,1972-04-13,current,119,house,FL,1,,Republican,2025-04-02,2027-01-03,2025-01-03,2027-01-03,2025-04-02,2027-01-03
R000609,RepRutherfordFL,John H. Rutherford,John,Rutherford,M,1952-09-02,current,119,house,FL,5,,Republican,2025-01-03,2027-01-03,2025-01-03,2027-01-03,2025-01-03,2027-01-03
S000168,RepMariaSalazar,Maria Elvira Salazar,Maria,Salazar,F,1961-11-01,current,119,house,FL,27,,Republican,2025-01-03,2027-01-03,2025-01-03,2027-01-03,2025-01-03,2027-01-03
S001200,RepDarrenSoto,Darren Soto,Darren,Soto,M,1978-02-25,current,119,house,FL,9,,Democrat,2025-01-03,2027-01-03,2025-01-03,2027-01-03,2025-01-03,2027-01-03
S001214,RepGregSteube,W. Gregory Steube,W.,Steube,M,1978-05-19,current,119,house,FL,17,,Republican,2025-01-03,2027-01-03,2025-01-03,2027-01-03,2025-01-03,2027-01-03
W000823,,Michael Waltz,Michael,Waltz,M,1974-01-31,historical,119,house,FL,6,,Republican,2025-01-03,2025-01-20,2025-01-03,2027-01-03,2025-01-03,2025-01-20
W000797,RepDWStweets,Debbie Wasserman Schultz,Debbie,Wasserman Schultz,F,1966-09-27,current,119,house,FL,25,,Democrat,2025-01-03,2027-01-03,2025-01-03,2027-01-03,2025-01-03,2027-01-03
W000806,RepWebster,Daniel Webster,Daniel,Webster,M,1949-04-27,current,119,house,FL,11,,Republican,2025-01-03,2027-01-03,2025-01-03,2027-01-03,2025-01-03,2027-01-03
W000808,RepWilson,Frederica S. Wilson,Frederica,Wilson,F,1942-11-05,current,119,house,FL,24,,Democrat,2025-01-03,2027-01-03,2025-01-03,2027-01-03,2025-01-03,2027-01-03
A000372,RepRickAllen,Rick W. Allen,Rick,Allen,M,1951-11-07,current,119,house,GA,12,,Republican,2025-01-03,2027-01-03,2025-01-03,2027-01-03,2025-01-03,2027-01-03
B000490,SanfordBishop,"Sanford D. Bishop, Jr.",Sanford,Bishop,M,1947-02-04,current,119,house,GA,2,,Democrat,2025-01-03,2027-01-03,2025-01-03,2027-01-03,2025-01-03,2027-01-03
C001103,RepBuddyCarter,"Earl L. ""Buddy"" Carter",Earl,Carter,M,1957-09-06,current,119,house,GA,1,,Republican,2025-01-03,2027-01-03,2025-01-03,2027-01-03,2025-01-03,2027-01-03
C001116,Rep_Clyde,Andrew S. Clyde,Andrew,Clyde,M,1963-11-22,current,119,house,GA,9,,Republican,2025-01-03,2027-01-03,2025-01-03,2027-01-03,2025-01-03,2027-01-03
C001129,RepMikeCollins,Mike Collins,Mike,Collins,M,1967-07-02,current,119,house,GA,10,,Republican,2025-01-03,2027-01-03,2025-01-03,2027-01-03,2025-01-03,2027-01-03
G000596,,Marjorie Taylor Greene,Marjorie,Greene,F,1974-05-27,historical,119,house,GA,14,,Republican,2025-01-03,2026-01-05,2025-01-03,2027-01-03,2025-01-03,2026-01-05
J000311,RepBrianJack,Brian Jack,Brian,Jack,M,1988-02-17,current,119,house,GA,3,,Republican,2025-01-03,2027-01-03,2025-01-03,2027-01-03,2025-01-03,2027-01-03
J000288,RepHankJohnson,"Henry C. ""Hank"" Johnson, Jr.",Henry,Johnson,M,1954-10-02,current,119,house,GA,4,,Democrat,2025-01-03,2027-01-03,2025-01-03,2027-01-03,2025-01-03,2027-01-03
L000583,RepLoudermilk,Barry Loudermilk,Barry,Loudermilk,M,1963-12-22,current,119,house,GA,11,,Republican,2025-01-03,2027-01-03,2025-01-03,2027-01-03,2025-01-03,2027-01-03
M001208,RepLucyMcBath,Lucy McBath,Lucy,McBath,F,1960-06-01,current,119,house,GA,6,,Democrat,2025-01-03,2027-01-03,2025-01-03,2027-01-03,2025-01-03,2027-01-03
M001218,RepMcCormick,Richard McCormick,Rich,McCormick,M,1968-10-07,current,119,house,GA,7,,Republican,2025-01-03,2027-01-03,2025-01-03,2027-01-03,2025-01-03,2027-01-03
S001189,AustinScottGA08,Austin Scott,Austin,Scott,M,1969-12-10,current,119,house,GA,8,,Republican,2025-01-03,2027-01-03,2025-01-03,2027-01-03,2025-01-03,2027-01-03
S001157,RepDavidScott,David Scott,David,Scott,M,1945-06-27,current,119,house,GA,13,,Democrat,2025-01-03,2027-01-03,2025-01-03,2027-01-03,2025-01-03,2027-01-03
W000788,RepNikema,Nikema Williams,Nikema,Williams,F,1978-07-30,current,119,house,GA,5,,Democrat,2025-01-03,2027-01-03,2025-01-03,2027-01-03,2025-01-03,2027-01-03
M001219,JMoylanforGuam,James C. Moylan,James (Jim),Moylan,M,1962-07-18,current,119,house,GU,0,,Republican,2025-01-03,2027-01-03,2025-01-03,2027-01-03,2025-01-03,2027-01-03
C001055,RepEdCase,Ed Case,Ed,Case,M,1952-09-27,current,119,house,HI,1,,Democrat,2025-01-03,2027-01-03,2025-01-03,2027-01-03,2025-01-03,2027-01-03
T000487,RepJillTokuda,Jill N. Tokuda,Jill,Tokuda,F,1976-03-28,current,119,house,HI,2,,Democrat,2025-01-03,2027-01-03,2025-01-03,2027-01-03,2025-01-03,2027-01-03
F000446,RepFeenstra,Randy Feenstra,Randy,Feenstra,M,1969-01-14,current,119,house,IA,4,,Republican,2025-01-03,2027-01-03,2025-01-03,2027-01-03,2025-01-03,2027-01-03
H001091,RepAshleyHinson,Ashley Hinson,Ashley,Hinson,F,1983-06-27,current,119,house,IA,2,,Republican,2025-01-03,2027-01-03,2025-01-03,2027-01-03,2025-01-03,2027-01-03
M001215,RepMMM,Mariannette Miller-Meeks,Mariannette,Miller-Meeks,F,1955-09-06,current,119,house,IA,1,,Republican,2025-01-03,2027-01-03,2025-01-03,2027-01-03,2025-01-03,2027-01-03
N000193,ZachNunn,Zachary Nunn,Zachary (Zach),Nunn,M,1979-05-04,current,119,house,IA,3,,Republican,2025-01-03,2027-01-03,2025-01-03,2027-01-03,2025-01-03,2027-01-03
F000469,RepRussFulcher,Russ Fulcher,Russ,Fulcher,M,1973-07-19,current,119,house,ID,1,,Republican,2025-01-03,2027-01-03,2025-01-03,2027-01-03,2025-01-03,2027-01-03
S001148,CongMikeSimpson,Michael K. Simpson,Michael,Simpson,M,1950-09-08,current,119,house,ID,2,,Republican,2025-01-03,2027-01-03,2025-01-03,2027-01-03,2025-01-03,2027-01-03
B001295,RepBost,Mike Bost,Mike,Bost,M,1960-12-30,current,119,house,IL,12,,Republican,2025-01-03,2027-01-03,2025-01-03,2027-01-03,2025-01-03,2027-01-03
B001315,RepNikkiB,Nikki Budzinski,Nicole (Nikki),Budzinski,F,1977-03-11,current,119,house,IL,13,,Democrat,2025-01-03,2027-01-03,2025-01-03,2027-01-03,2025-01-03,2027-01-03
C001117,RepCasten,Sean Casten,Sean,Casten,M,1971-11-23,current,119,house,IL,6,,Democrat,2025-01-03,2027-01-03,2025-01-03,2027-01-03,2025-01-03,2027-01-03
D000096,RepDannyDavis,Danny K. Davis,Danny,Davis,M,1941-09-06,current,119,house,IL,7,,Democrat,2025-01-03,2027-01-03,2025-01-03,2027-01-03,2025-01-03,2027-01-03
F000454,RepBillFoster,Bill Foster,Bill,Foster,M,1955-10-07,current,119,house,IL,11,,Democrat,2025-01-03,2027-01-03,2025-01-03,2027-01-03,2025-01-03,2027-01-03
G000586,RepChuyGarcia,"Jesús G. ""Chuy"" García",Jesús,García,M,1956-04-12,current,119,house,IL,4,,Democrat,2025-01-03,2027-01-03,2025-01-03,2027-01-03,2025-01-03,2027-01-03
J000309,,Jonathan L. Jackson,Jonathan,Jackson,M,1966-01-07,current,119,house,IL,1,,Democrat,2025-01-03,2027-01-03,2025-01-03,2027-01-03,2025-01-03,2027-01-03
K000385,RepRobinKelly,Robin L. Kelly,Robin,Kelly,F,1956-04-30,current,119,house,IL,2,,Democrat,2025-01-03,2027-01-03,2025-01-03,2027-01-03,2025-01-03,2027-01-03
K000391,CongressmanRaja,Raja Krishnamoorthi,Raja,Krishnamoorthi,M,1973-07-19,current,119,house,IL,8,,Democrat,2025-01-03,2027-01-03,2025-01-03,2027-01-03,2025-01-03,2027-01-03
L000585,RepLaHood,Darin LaHood,Darin,LaHood,M,1968-07-05,current,119,house,IL,16,,Republican,2025-01-03,2027-01-03,2025-01-03,2027-01-03,2025-01-03,2027-01-03
M001211,RepMaryMiller,Mary E. Miller,Mary,Miller,F,1959-08-27,current,119,house,IL,15,,Republican,2025-01-03,2027-01-03,2025-01-03,2027-01-03,2025-01-03,2027-01-03
Q000023,RepMikeQuigley,Mike Quigley,Mike,Quigley,M,1958-10-17,current,119,house,IL,5,,Democrat,2025-01-03,2027-01-03,2025-01-03,2027-01-03,2025-01-03,2027-01-03
R000617,repdeliaramirez,Delia C. Ramirez,Delia,Ramirez,F,1983-06-02,current,119,house,IL,3,,Democrat,2025-01-03,2027-01-03,2025-01-03,2027-01-03,2025-01-03,2027-01-03
S001145,JanSchakowsky,Janice D. Schakowsky,Janice,Schakowsky,F,1944-05-26,current,119,house,IL,9,,Democrat,2025-01-03,2027-01-03,2025-01-03,2027-01-03,2025-01-03,2027-01-03
S001190,RepSchneider,Bradley Scott Schneider,Bradley,Schneider,M,1961-08-20,current,119,house,IL,10,,Democrat,2025-01-03,2027-01-03,2025-01-03,2027-01-03,2025-01-03,2027-01-03
S001225,RepEricSorensen,Eric Sorensen,Eric,Sorensen,M,1976-03-18,current,119,house,IL,17,,Democrat,2025-01-03,2027-01-03,2025-01-03,2027-01-03,2025-01-03,2027-01-03
U000040,RepUnderwood,Lauren Underwood,Lauren,Underwood,F,1986-10-04,current,119,house,IL,14,,Democrat,2025-01-03,2027-01-03,2025-01-03,2027-01-03,2025-01-03,2027-01-03
B001307,RepJimBaird,James R. Baird,James,Baird,M,1945-06-04,current,119,house,IN,4,,Republican,2025-01-03,2027-01-03,2025-01-03,2027-01-03,2025-01-03,2027-01-03
C001072,RepAndreCarson,André Carson,André,Carson,M,1974-10-16,current,119,house,IN,7,,Democrat,2025-01-03,2027-01-03,2025-01-03,2027-01-03,2025-01-03,2027-01-03
H001093,RepHouchin,Erin Houchin,Erin,Houchin,F,1976-09-24,current,119,house,IN,9,,Republican,2025-01-03,2027-01-03,2025-01-03,2027-01-03,2025-01-03,2027-01-03
M001233,,Mark B. Messmer,Mark,Messmer,M,1967-12-16,current,119,house,IN,8,,Republican,2025-01-03,2027-01-03,2025-01-03,2027-01-03,2025-01-03,2027-01-03
M001214,RepMrvan,Frank J. Mrvan,Frank,Mrvan,M,1969-04-16,current,119,house,IN,1,,Democrat,2025-01-03,2027-01-03,2025-01-03,2027-01-03,2025-01-03,2027-01-03
S001229,repshreve,Jefferson Shreve,Jefferson,Shreve,M,1965-09-24,current,119,house,IN,6,,Republican,2025-01-03,2027-01-03,2025-01-03,2027-01-03,2025-01-03,2027-01-03
S000929,RepSpartz,Victoria Spartz,Victoria,Spartz,F,1978-10-06,current,119,house,IN,5,,Republican,2025-01-03,2027-01-03,2025-01-03,2027-01-03,2025-01-03,2027-01-03
S001188,RepStutzman,Marlin A. Stutzman,Marlin,Stutzman,M,1976-08-31,current,119,house,IN,3,,Republican,2025-01-03,2027-01-03,2025-01-03,2027-01-03,2025-01-03,2027-01-03
Y000067,RepRudyYakym,Rudy Yakym III,Rudy,Yakym,M,1984-02-24,current,119,house,IN,2,,Republican,2025-01-03,2027-01-03,2025-01-03,2027-01-03,2025-01-03,2027-01-03
D000629,RepDavids,Sharice Davids,Sharice,Davids,F,1980-05-22,current,119,house,KS,3,,Democrat,2025-01-03,2027-01-03,2025-01-03,2027-01-03,2025-01-03,2027-01-03
E000298,RepRonEstes,Ron Estes,Ron,Estes,M,1956-07-19,current,119,house,KS,4,,Republican,2025-01-03,2027-01-03,2025-01-03,2027-01-03,2025-01-03,2027-01-03
M000871,RepMann,Tracey Mann,Tracey,Mann,M,1976-12-17,current,119,house,KS,1,,Republican,2025-01-03,2027-01-03,2025-01-03,2027-01-03,2025-01-03,2027-01-03
S001228,repderekschmidt,Derek Schmidt,Derek,Schmidt,M,1968-01-23,current,119,house,KS,2,,Republican,2025-01-03,2027-01-03,2025-01-03,2027-01-03,2025-01-03,2027-01-03
B001282,RepAndyBarr,Andy Barr,Garland,Barr,M,1973-07-24,current,119,house,KY,6,,Republican,2025-01-03,2027-01-03,2025-01-03,2027-01-03,2025-01-03,2027-01-03
C001108,RepJamesComer,James Comer,James,Comer,M,1972-08-19,current,119,house,KY,1,,Republican,2025-01-03,2027-01-03,2025-01-03,2027-01-03,2025-01-03,2027-01-03
G000558,RepGuthrie,Brett Guthrie,Brett,Guthrie,M,1964-02-18,current,119,house,KY,2,,Republican,2025-01-03,2027-01-03,2025-01-03,2027-01-03,2025-01-03,2027-01-03
M001184,RepThomasMassie,Thomas Massie,Thomas,Massie,M,1971-01-13,current,119,house,KY,4,,Republican,2025-01-03,2027-01-03,2025-01-03,2027-01-03,2025-01-03,2027-01-03
M001220,RepMcGarvey,Morgan McGarvey,Morgan,McGarvey,M,1979-12-23,current,119,house,KY,3,,Democrat,2025-01-03,2027-01-03,2025-01-03,2027-01-03,2025-01-03,2027-01-03
R000395,RepHalRogers,Harold Rogers,Harold,Rogers,M,1937-12-31,current,119,house,KY,5,,Republican,2025-01-03,2027-01-03,2025-01-03,2027-01-03,2025-01-03,2027-01-03
C001125,RepTroyCarter,Troy A. Carter,Troy,Carter,M,1963-10-26,current,119,house,LA,2,,Democrat,2025-01-03,2027-01-03,2025-01-03,2027-01-03,2025-01-03,2027-01-03
F000110,repfields,Cleo Fields,Cleo,Fields,M,1962-11-22,current,119,house,LA,6,,Democrat,2025-01-03,2027-01-03,2025-01-03,2027-01-03,2025-01-03,2027-01-03
H001077,RepClayHiggins,Clay Higgins,Clay,Higgins,M,1961-08-24,current,119,house,LA,3,,Republican,2025-01-03,2027-01-03,2025-01-03,2027-01-03,2025-01-03,2027-01-03
J000299,RepMikeJohnson,Mike Johnson,Mike,Johnson,M,1972-01-30,current,119,house,LA,4,,Republican,2025-01-03,2027-01-03,2025-01-03,2027-01-03,2025-01-03,2027-01-03
L000595,RepJuliaLetlow,Julia Letlow,Julia,Letlow,F,1981-03-16,current,119,house,LA,5,,Republican,2025-01-03,2027-01-03,2025-01-03,2027-01-03,2025-01-03,2027-01-03
S001176,SteveScalise,Steve Scalise,Steve,Scalise,M,1965-10-06,current,119,house,LA,1,,Republican,2025-01-03,2027-01-03,2025-01-03,2027-01-03,2025-01-03,2027-01-03
A000148,RepAuchincloss,Jake Auchincloss,Jake,Auchincloss,M,1988-01-29,current,119,house,MA,4,,Democrat,2025-01-03,2027-01-03,2025-01-03,2027-01-03,2025-01-03,2027-01-03
C001101,RepKClark,Katherine M. Clark,Katherine,Clark,F,1963-07-17,current,119,house,MA,5,,Democrat,2025-01-03,2027-01-03,2025-01-03,2027-01-03,2025-01-03,2027-01-03
K000375,USRepKeating,William R. Keating,William,Keating,M,1952-09-06,current,119,house,MA,9,,Democrat,2025-01-03,2027-01-03,2025-01-03,2027-01-03,2025-01-03,2027-01-03
L000562,RepStephenLynch,Stephen F. Lynch,Stephen,Lynch,M,1955-03-31,current,119,house,MA,8,,Democrat,2025-01-03,2027-01-03,2025-01-03,2027-01-03,2025-01-03,2027-01-03
M000312,RepMcGovern,James P. McGovern,James,McGovern,M,1959-11-20,current,119,house,MA,2,,Democrat,2025-01-03,2027-01-03,2025-01-03,2027-01-03,2025-01-03,2027-01-03
M001196,RepMoulton,Seth Moulton,Seth,Moulton,M,1978-10-24,current,119,house,MA,6,,Democrat,2025-01-03,2027-01-03,2025-01-03,2027-01-03,2025-01-03,2027-01-03
N000015,RepRichardNeal,Richard E. Neal,Richard,Neal,M,1949-02-14,current,119,house,MA,1,,Democrat,2025-01-03,2027-01-03,2025-01-03,2027-01-03,2025-01-03,2027-01-03
P000617,RepPressley,Ayanna Pressley,Ayanna,Pressley,F,1974-02-03,current,119,house,MA,7,,Democrat,2025-01-03,2027-01-03,2025-01-03,2027-01-03,2025-01-03,2027-01-03
T000482,RepLoriTrahan,Lori Trahan,Lori,Trahan,F,1973-10-27,current,119,house,MA,3,,Democrat,2025-01-03,2027-01-03,2025-01-03,2027-01-03,2025-01-03,2027-01-03
E000301,repsarahelfreth,Sarah Elfreth,Sarah,Elfreth,F,1988-09-09,current,119,house,MD,3,,Democrat,2025-01-03,2027-01-03,2025-01-03,2027-01-03,2025-01-03,2027-01-03
H001052,RepAndyHarrisMD,Andy Harris,Andy,Harris,M,1957-01-25,current,119,house,MD,1,,Republican,2025-01-03,2027-01-03,2025-01-03,2027-01-03,2025-01-03,2027-01-03
H000874,RepStenyHoyer,Steny H. Hoyer,Steny,Hoyer,M,1939-06-14,current,119,house,MD,5,,Democrat,2025-01-03,2027-01-03,2025-01-03,2027-01-03,2025-01-03,2027-01-03
I000058,RepGlennIvey,Glenn Ivey,Glenn,Ivey,M,1961-02-27,current,119,house,MD,4,,Democrat,2025-01-03,2027-01-03,2025-01-03,2027-01-03,2025-01-03,2027-01-03
M001232,RepAprilDelaney,April McClain Delaney,April,McClain Delaney,F,1964-05-28,current,119,house,MD,6,,Democrat,2025-01-03,2027-01-03,2025-01-03,2027-01-03,2025-01-03,2027-01-03
M000687,RepKweisiMfume,Kweisi Mfume,Kweisi,Mfume,M,1948-10-24,current,119,house,MD,7,,Democrat,2025-01-03,2027-01-03,2025-01-03,2027-01-03,2025-01-03,2027-01-03
O000176,RepJohnnyO,"Johnny Olszewski, Jr.",Johnny,Olszewski,M,1982-09-10,current,119,house,MD,2,,Democrat,2025-01-03,2027-01-03,2025-01-03,2027-01-03,2025-01-03,2027-01-03
R000606,RepRaskin,Jamie Raskin,Jamie,Raskin,M,1962-12-13,current,119,house,MD,8,,Democrat,2025-01-03,2027-01-03,2025-01-03,2027-01-03,2025-01-03,2027-01-03
G000592,RepGolden,Jared F. Golden,Jared,Golden,M,1982-07-25,current,119,house,ME,2,,Democrat,2025-01-03,2027-01-03,2025-01-03,2027-01-03,2025-01-03,2027-01-03
P000597,ChelliePingree,Chellie Pingree,Chellie,Pingree,F,1955-04-02,current,119,house,ME,1,,Democrat,2025-01-03,2027-01-03,2025-01-03,2027-01-03,2025-01-03,2027-01-03
B001321,reptombarrett,Tom Barrett,Tom,Barrett,M,1981-04-30,current,119,house,MI,7,,Republican,2025-01-03,2027-01-03,2025-01-03,2027-01-03,2025-01-03,2027-01-03
B001301,RepJackBergman,Jack Bergman,Jack,Bergman,M,1947-02-02,current,119,house,MI,1,,Republican,2025-01-03,2027-01-03,2025-01-03,2027-01-03,2025-01-03,2027-01-03
D000624,RepDebDingell,Debbie Dingell,Debbie,Dingell,F,1953-11-23,current,119,house,MI,6,,Democrat,2025-01-03,2027-01-03,2025-01-03,2027-01-03,2025-01-03,2027-01-03
H001058,RepHuizenga,Bill Huizenga,Bill,Huizenga,M,1969-01-31,current,119,house,MI,4,,Republican,2025-01-03,2027-01-03,2025-01-03,2027-01-03,2025-01-03,2027-01-03
J000307,RepJames,John James,John,James,M,1981-06-08,current,119,house,MI,10,,Republican,2025-01-03,2027-01-03,2025-01-03,2027-01-03,2025-01-03,2027-01-03
M001136,RepLisaMcClain,Lisa C. McClain,Lisa,McClain,F,1966-04-07,current,119,house,MI,9,,Republican,2025-01-03,2027-01-03,2025-01-03,2027-01-03,2025-01-03,2027-01-03
M001237,repkmr,Kristen McDonald Rivet,Kristen,McDonald Rivet,F,1970-07-11,current,119,house,MI,8,,Democrat,2025-01-03,2027-01-03,2025-01-03,2027-01-03,2025-01-03,2027-01-03
M001194,RepMoolenaar,John R. Moolenaar,John,Moolenaar,M,1961-05-08,current,119,house,MI,2,,Republican,2025-01-03,2027-01-03,2025-01-03,2027-01-03,2025-01-03,2027-01-03
S001221,RepScholten,Hillary J. Scholten,Hillary,Scholten,F,1982-02-22,current,119,house,MI,3,,Democrat,2025-01-03,2027-01-03,2025-01-03,2027-01-03,2025-01-03,2027-01-03
S001215,RepHaleyStevens,Haley M. Stevens,Haley,Stevens,F,1983-06-24,current,119,house,MI,11,,Democrat,2025-01-03,2027-01-03,2025-01-03,2027-01-03,2025-01-03,2027-01-03
T000488,RepShriThanedar,Shri Thanedar,Shri,Thanedar,M,1955-02-22,current,119,house,MI,13,,Democrat,2025-01-03,2027-01-03,2025-01-03,2027-01-03,2025-01-03,2027-01-03
T000481,RepRashida,Rashida Tlaib,Rashida,Tlaib,F,1976-07-24,current,119,house,MI,12,,Democrat,2025-01-03,2027-01-03,2025-01-03,2027-01-03,2025-01-03,2027-01-03
W000798,RepWalberg,Tim Walberg,Tim,Walberg,M,1951-04-12,current,119,house,MI,5,,Republican,2025-01-03,2027-01-03,2025-01-03,2027-01-03,2025-01-03,2027-01-03
C001119,RepAngieCraig,Angie Craig,Angie,Craig,F,1972-02-14,current,119,house,MN,2,,Democrat,2025-01-03,2027-01-03,2025-01-03,2027-01-03,2025-01-03,2027-01-03
E000294,RepTomEmmer,Tom Emmer,Tom,Emmer,M,1961-03-03,current,119,house,MN,6,,Republican,2025-01-03,2027-01-03,2025-01-03,2027-01-03,2025-01-03,2027-01-03
F000475,RepFinstad,Brad Finstad,Brad,Finstad,M,1976-05-30,current,119,house,MN,1,,Republican,2025-01-03,2027-01-03,2025-01-03,2027-01-03,2025-01-03,2027-01-03
F000470,RepFischbach,Michelle Fischbach,Michelle,Fischbach,F,1965-11-03,current,119,house,MN,7,,Republican,2025-01-03,2027-01-03,2025-01-03,2027-01-03,2025-01-03,2027-01-03
M001143,BettyMcCollum04,Betty McCollum,Betty,McCollum,F,1954-07-12,current,119,house,MN,4,,Democrat,2025-01-03,2027-01-03,2025-01-03,2027-01-03,2025-01-03,2027-01-03
M001234,kellymorrisonmn,Kelly Morrison,Kelly,Morrison,F,1969-02-02,current,119,house,MN,3,,Democrat,2025-01-03,2027-01-03,2025-01-03,2027-01-03,2025-01-03,2027-01-03
O000173,Ilhan,Ilhan Omar,Ilhan,Omar,F,1981-10-04,current,119,house,MN,5,,Democrat,2025-01-03,2027-01-03,2025-01-03,2027-01-03,2025-01-03,2027-01-03
S001212,RepPeteStauber,Pete Stauber,Pete,Stauber,M,1966-05-10,current,119,house,MN,8,,Republican,2025-01-03,2027-01-03,2025-01-03,2027-01-03,2025-01-03,2027-01-03
A000379,RepMarkAlford,Mark Alford,Mark,Alford,M,1963-10-04,current,119,house,MO,4,,Republican,2025-01-03,2027-01-03,2025-01-03,2027-01-03,2025-01-03,2027-01-03
B001324,RepWesleyBellMO,Wesley Bell,Wesley,Bell,M,1974-11-05,current,119,house,MO,1,,Democrat,2025-01-03,2027-01-03,2025-01-03,2027-01-03,2025-01-03,2027-01-03
B001316,RepEricBurlison,Eric Burlison,Eric,Burlison,M,1976-10-02,current,119,house,MO,7,,Republican,2025-01-03,2027-01-03,2025-01-03,2027-01-03,2025-01-03,2027-01-03
C001061,RepCleaver,Emanuel Cleaver,Emanuel,Cleaver,M,1944-10-26,current,119,house,MO,5,,Democrat,2025-01-03,2027-01-03,2025-01-03,2027-01-03,2025-01-03,2027-01-03
G000546,RepSamGraves,Sam Graves,Sam,Graves,M,1963-11-07,current,119,house,MO,6,,Republican,2025-01-03,2027-01-03,2025-01-03,2027-01-03,2025-01-03,2027-01-03
O000177,RepBobOnder,"Robert F. Onder, Jr.",Robert,Onder,M,1962-01-06,current,119,house,MO,3,,Republican,2025-01-03,2027-01-03,2025-01-03,2027-01-03,2025-01-03,2027-01-03
S001195,RepJasonSmith,Jason Smith,Jason,Smith,M,1980-06-16,current,119,house,MO,8,,Republican,2025-01-03,2027-01-03,2025-01-03,2027-01-03,2025-01-03,2027-01-03
W000812,RepAnnWagner,Ann Wagner,Ann,Wagner,F,1962-09-13,current,119,house,MO,2,,Republican,2025-01-03,2027-01-03,2025-01-03,2027-01-03,2025-01-03,2027-01-03
K000404,RepKimKingHinds,Kimberlyn King-Hinds,Kimberlyn,King-Hinds,F,1975-04-10,current,119,house,MP,0,,Republican,2025-01-03,2027-01-03,2025-01-03,2027-01-03,2025-01-03,2027-01-03
E000235,RepEzell,Mike Ezell,Mike,Ezell,M,1959-04-06,current,119,house,MS,4,,Republican,2025-01-03,2027-01-03,2025-01-03,2027-01-03,2025-01-03,2027-01-03
G000591,RepMichaelGuest,Michael Guest,Michael,Guest,M,1970-02-04,current,119,house,MS,3,,Republican,2025-01-03,2027-01-03,2025-01-03,2027-01-03,2025-01-03,2027-01-03
K000388,RepTrentKelly,Trent Kelly,Trent,Kelly,M,1966-03-01,current,119,house,MS,1,,Republican,2025-01-03,2027-01-03,2025-01-03,2027-01-03,2025-01-03,2027-01-03
T000193,BennieGThompson,Bennie G. Thompson,Bennie,Thompson,M,1948-01-28,current,119,house,MS,2,,Democrat,2025-01-03,2027-01-03,2025-01-03,2027-01-03,2025-01-03,2027-01-03
D000634,reptroydowning,Troy Downing,Troy,Downing,M,1967-03-04,current,119,house,MT,2,,Republican,2025-01-03,2027-01-03,2025-01-03,2027-01-03,2025-01-03,2027-01-03
Z000018,RepRyanZinke,Ryan K. Zinke,Ryan,Zinke,M,1961-11-01,current,119,house,MT,1,,Republican,2025-01-03,2027-01-03,2025-01-03,2027-01-03,2025-01-03,2027-01-03
A000370,RepAdams,Alma S. Adams,Alma,Adams,F,1946-05-27,current,119,house,NC,12,,Democrat,2025-01-03,2027-01-03,2025-01-03,2027-01-03,2025-01-03,2027-01-03
D000230,RepDonDavis,Donald G. Davis,Donald,Davis,M,1971-08-29,current,119,house,NC,1,,Democrat,2025-01-03,2027-01-03,2025-01-03,2027-01-03,2025-01-03,2027-01-03
E000246,RepEdwards,Chuck Edwards,Charles (Chuck),Edwards,M,1960-09-13,current,119,house,NC,11,,Republican,2025-01-03,2027-01-03,2025-01-03,2027-01-03,2025-01-03,2027-01-03
F000477,ValerieFoushee,Valerie P. Foushee,Valerie,Foushee,F,1956-05-07,current,119,house,NC,4,,Democrat,2025-01-03,2027-01-03,2025-01-03,2027-01-03,2025-01-03,2027-01-03
F000450,VirginiaFoxx,Virginia Foxx,Virginia,Foxx,F,1943-06-29,current,119,house,NC,5,,Republican,2025-01-03,2027-01-03,2025-01-03,2027-01-03,2025-01-03,2027-01-03
H001101,RepPatHarrigan,Pat Harrigan,Pat,Harrigan,M,1987-06-21,current,119,house,NC,10,,Republican,2025-01-03,2027-01-03,2025-01-03,2027-01-03,2025-01-03,2027-01-03
H001102,RepMarkHarrisNC,Mark Harris,Mark,Harris,M,1966-04-24,current,119,house,NC,8,,Republican,2025-01-03,2027-01-03,2025-01-03,2027-01-03,2025-01-03,2027-01-03
H001067,RepRichHudson,Richard Hudson,Richard,Hudson,M,1971-11-04,current,119,house,NC,9,,Republican,2025-01-03,2027-01-03,2025-01-03,2027-01-03,2025-01-03,2027-01-03
K000405,RepKnott,Brad Knott,Brad,Knott,M,1986-04-17,current,119,house,NC,13,,Republican,2025-01-03,2027-01-03,2025-01-03,2027-01-03,2025-01-03,2027-01-03
M001240,RepMcDowell,Addison P. McDowell,Addison,McDowell,M,1994-01-21,current,119,house,NC,6,,Republican,2025-01-03,2027-01-03,2025-01-03,2027-01-03,2025-01-03,2027-01-03
M001236,RepTimMooreNC,Tim Moore,Tim,Moore,M,1970-10-02,current,119,house,NC,14,,Republican,2025-01-03,2027-01-03,2025-01-03,2027-01-03,2025-01-03,2027-01-03
M001210,RepGregMurphy,Gregory F. Murphy,Gregory,Murphy,M,1963-03-05,current,119,house,NC,3,,Republican,2025-01-03,2027-01-03,2025-01-03,2027-01-03,2025-01-03,2027-01-03
R000305,RepDeborahRoss,Deborah K. Ross,Deborah,Ross,F,1963-06-20,current,119,house,NC,2,,Democrat,2025-01-03,2027-01-03,2025-01-03,2027-01-03,2025-01-03,2027-01-03
R000603,RepDavidRouzer,David Rouzer,David,Rouzer,M,1972-02-16,current,119,house,NC,7,,Republican,2025-01-03,2027-01-03,2025-01-03,2027-01-03,2025-01-03,2027-01-03
F000482,RepFedorchak,Julie Fedorchak,Julie,Fedorchak,F,1968-09-28,current,119,house,ND,0,,Republican,2025-01-03,2027-01-03,2025-01-03,2027-01-03,2025-01-03,2027-01-03
B001298,RepDonBacon,Don Bacon,Don,Bacon,M,1963-08-16,current,119,house,NE,2,,Republican,2025-01-03,2027-01-03,2025-01-03,2027-01-03,2025-01-03,2027-01-03
F000474,USRepMikeFlood,Mike Flood,Mike,Flood,M,1975-02-23,current,119,house,NE,1,,Republican,2025-01-03,2027-01-03,2025-01-03,2027-01-03,2025-01-03,2027-01-03
S001172,RepAdrianSmith,Adrian Smith,Adrian,Smith,M,1970-12-19,current,119,house,NE,3,,Republican,2025-01-03,2027-01-03,2025-01-03,2027-01-03,2025-01-03,2027-01-03
G000604,RepGoodlander,Maggie Goodlander,Maggie,Goodlander,F,1986-11-04,current,119,house,NH,2,,Democrat,2025-01-03,2027-01-03,2025-01-03,2027-01-03,2025-01-03,2027-01-03
P000614,RepChrisPappas,Chris Pappas,Chris,Pappas,M,1980-06-04,current,119,house,NH,1,,Democrat,2025-01-03,2027-01-03,2025-01-03,2027-01-03,2025-01-03,2027-01-03
C001136,RepHerbConaway,"Herbert C. Conaway, Jr.",Herbert,Conaway,M,1963-01-30,current,119,house,NJ,3,,Democrat,2025-01-03,2027-01-03,2025-01-03,2027-01-03,2025-01-03,2027-01-03
G000583,RepJoshG,Josh Gottheimer,Josh,Gottheimer,M,1975-03-08,current,119,house,NJ,5,,Democrat,2025-01-03,2027-01-03,2025-01-03,2027-01-03,2025-01-03,2027-01-03
K000398,CongressmanKean,"Thomas H. Kean, Jr.",Thomas,Kean,M,1968-09-05,current,119,house,NJ,7,,Republican,2025-01-03,2027-01-03,2025-01-03,2027-01-03,2025-01-03,2027-01-03
M001229,RepLaMonica,LaMonica McIver,LaMonica,McIver,F,1986-06-20,current,119,house,NJ,10,,Democrat,2025-01-03,2027-01-03,2025-01-03,2027-01-03,2025-01-03,2027-01-03
M001226,RepMenendez,Robert Menendez,Robert,Menendez,M,1985-07-12,current,119,house,NJ,8,,Democrat,2025-01-03,2027-01-03,2025-01-03,2027-01-03,2025-01-03,2027-01-03
N000188,DonaldNorcross,Donald Norcross,Donald,Norcross,M,1958-12-13,current,119,house,NJ,1,,Democrat,2025-01-03,2027-01-03,2025-01-03,2027-01-03,2025-01-03,2027-01-03
P000034,FrankPallone,"Frank Pallone, Jr.",Frank,Pallone,M,1951-10-30,current,119,house,NJ,6,,Democrat,2025-01-03,2027-01-03,2025-01-03,2027-01-03,2025-01-03,2027-01-03
P000621,caohouse,Nellie Pou,Nellie,Pou,F,1956-05-20,current,119,house,NJ,9,,Democrat,2025-01-03,2027-01-03,2025-01-03,2027-01-03,2025-01-03,2027-01-03
S001207,,Mikie Sherrill,Mikie,Sherrill,F,1972-01-19,historical,119,house,NJ,11,,Democrat,2025-01-03,2025-11-20,2025-01-03,2027-01-03,2025-01-03,2025-11-20
S000522,,Christopher H. Smith,Christopher,Smith,M,1953-03-04,current,119,house,NJ,4,,Republican,2025-01-03,2027-01-03,2025-01-03,2027-01-03,2025-01-03,2027-01-03
V000133,Congressman_JVD,Jefferson Van Drew,Jefferson,Van Drew,M,1953-02-23,current,119,house,NJ,2,,Republican,2025-01-03,2027-01-03,2025-01-03,2027-01-03,2025-01-03,2027-01-03
W000822,RepBonnie,Bonnie Watson Coleman,Bonnie,Watson Coleman,F,1945-02-06,current,119,house,NJ,12,,Democrat,2025-01-03,2027-01-03,2025-01-03,2027-01-03,2025-01-03,2027-01-03
L000273,RepTeresaLF,Teresa Leger Fernandez,Teresa,Leger Fernandez,F,1959-07-01,current,119,house,NM,3,,Democrat,2025-01-03,2027-01-03,2025-01-03,2027-01-03,2025-01-03,2027-01-03
S001218,Rep_Stansbury,Melanie A. Stansbury,Melanie,Stansbury,F,1979-01-31,current,119,house,NM,1,,Democrat,2025-01-03,2027-01-03,2025-01-03,2027-01-03,2025-01-03,2027-01-03
V000136,RepGabeVasquez,Gabe Vasquez,Gabriel (Gabe),Vasquez,M,1984-08-03,current,119,house,NM,2,,Democrat,2025-01-03,2027-01-03,2025-01-03,2027-01-03,2025-01-03,2027-01-03
A000369,MarkAmodeiNV2,Mark E. Amodei,Mark,Amodei,M,1958-06-12,current,119,house,NV,2,,Republican,2025-01-03,2027-01-03,2025-01-03,2027-01-03,2025-01-03,2027-01-03
H001066,RepHorsford,Steven Horsford,Steven,Horsford,M,1973-04-29,current,119,house,NV,4,,Democrat,2025-01-03,2027-01-03,2025-01-03,2027-01-03,2025-01-03,2027-01-03
L000590,RepSusieLee,Susie Lee,Susie,Lee,F,1966-11-07,current,119,house,NV,3,,Democrat,2025-01-03,2027-01-03,2025-01-03,2027-01-03,2025-01-03,2027-01-03
T000468,RepDinaTitus,Dina Titus,Dina,Titus,F,1950-05-23,current,119,house,NV,1,,Democrat,2025-01-03,2027-01-03,2025-01-03,2027-01-03,2025-01-03,2027-01-03
C001067,RepYvetteClarke,Yvette D. Clarke,Yvette,Clarke,F,1964-11-21,current,119,house,NY,9,,Democrat,2025-01-03,2027-01-03,2025-01-03,2027-01-03,2025-01-03,2027-01-03
E000297,RepEspaillat,Adriano Espaillat,Adriano,Espaillat,M,1954-09-27,current,119,house,NY,13,,Democrat,2025-01-03,2027-01-03,2025-01-03,2027-01-03,2025-01-03,2027-01-03
G000597,RepGarbarino,Andrew R. Garbarino,Andrew,Garbarino,M,1984-09-27,current,119,house,NY,2,,Republican,2025-01-03,2027-01-03,2025-01-03,2027-01-03,2025-01-03,2027-01-03
G000602,RepLauraGillen,Laura Gillen,Laura,Gillen,F,1969-07-10,current,119,house,NY,4,,Democrat,2025-01-03,2027-01-03,2025-01-03,2027-01-03,2025-01-03,2027-01-03
G000599,RepDanGoldman,Daniel S. Goldman,Dan,Goldman,M,1976-02-26,current,119,house,NY,10,,Democrat,2025-01-03,2027-01-03,2025-01-03,2027-01-03,2025-01-03,2027-01-03
J000294,RepJeffries,Hakeem S. Jeffries,Hakeem,Jeffries,M,1970-08-04,current,119,house,NY,8,,Democrat,2025-01-03,2027-01-03,2025-01-03,2027-01-03,2025-01-03,2027-01-03
K000402,reptimkennedy,Timothy M. Kennedy,Timothy,Kennedy,M,1976-10-20,current,119,house,NY,26,,Democrat,2025-01-03,2027-01-03,2025-01-03,2027-01-03,2025-01-03,2027-01-03
L000598,RepLaLota,Nick LaLota,Nicolas,LaLota,M,1978-06-23,current,119,house,NY,1,,Republican,2025-01-03,2027-01-03,2025-01-03,2027-01-03,2025-01-03,2027-01-03
L000600,RepLangworthy,Nicholas A. Langworthy,Nicholas,Langworthy,M,1981-02-27,current,119,house,NY,23,,Republican,2025-01-03,2027-01-03,2025-01-03,2027-01-03,2025-01-03,2027-01-03
L000606,RepGLatimer,George Latimer,George,Latimer,M,1953-11-22,current,119,house,NY,16,,Democrat,2025-01-03,2027-01-03,2025-01-03,2027-01-03,2025-01-03,2027-01-03
L000599,RepMikeLawler,Michael Lawler,Michael,Lawler,M,1986-09-09,current,119,house,NY,17,,Republican,2025-01-03,2027-01-03,2025-01-03,2027-01-03,2025-01-03,2027-01-03
M000317,RepMalliotakis,Nicole Malliotakis,Nicole,Malliotakis,F,1980-11-11,current,119,house,NY,11,,Republican,2025-01-03,2027-01-03,2025-01-03,2027-01-03,2025-01-03,2027-01-03
M001231,JohnMannionNY22,John W. Mannion,John,Mannion,M,1968-07-08,current,119,house,NY,22,,Democrat,2025-01-03,2027-01-03,2025-01-03,2027-01-03,2025-01-03,2027-01-03
M001137,RepGregoryMeeks,Gregory W. Meeks,Gregory,Meeks,M,1953-09-25,current,119,house,NY,5,,Democrat,2025-01-03,2027-01-03,2025-01-03,2027-01-03,2025-01-03,2027-01-03
M001188,RepGraceMeng,Grace Meng,Grace,Meng,F,1975-10-01,current,119,house,NY,6,,Democrat,2025-01-03,2027-01-03,2025-01-03,2027-01-03,2025-01-03,2027-01-03
M001206,RepJoeMorelle,Joseph D. Morelle,Joseph,Morelle,M,1957-04-29,current,119,house,NY,25,,Democrat,2025-01-03,2027-01-03,2025-01-03,2027-01-03,2025-01-03,2027-01-03
N000002,RepJerryNadler,Jerrold Nadler,Jerrold,Nadler,M,1947-06-13,current,119,house,NY,12,,Democrat,2025-01-03,2027-01-03,2025-01-03,2027-01-03,2025-01-03,2027-01-03
O000172,RepAOC,Alexandria Ocasio-Cortez,Alexandria,Ocasio-Cortez,F,1989-10-13,current,119,house,NY,14,,Democrat,2025-01-03,2027-01-03,2025-01-03,2027-01-03,2025-01-03,2027-01-03
R000622,,Josh Riley,Josh,Riley,M,1981-01-21,current,119,house,NY,19,,Democrat,2025-01-03,2027-01-03,2025-01-03,2027-01-03,2025-01-03,2027-01-03
R000579,RepPatRyanNY,Patrick Ryan,Patrick,Ryan,M,1982-03-28,current,119,house,NY,18,,Democrat,2025-01-03,2027-01-03,2025-01-03,2027-01-03,2025-01-03,2027-01-03
S001196,RepStefanik,Elise M. Stefanik,Elise,Stefanik,F,1984-07-02,current,119,house,NY,21,,Republican,2025-01-03,2027-01-03,2025-01-03,2027-01-03,2025-01-03,2027-01-03
S001201,reptomsuozzi,Thomas R. Suozzi,Thomas,Suozzi,M,1962-08-31,current,119,house,NY,3,,Democrat,2025-01-03,2027-01-03,2025-01-03,2027-01-03,2025-01-03,2027-01-03
T000478,RepTenney,Claudia Tenney,Claudia,Tenney,F,1961-02-04,current,119,house,NY,24,,Republican,2025-01-03,2027-01-03,2025-01-03,2027-01-03,2025-01-03,2027-01-03
T000469,RepPaulTonko,Paul Tonko,Paul,Tonko,M,1949-06-18,current,119,house,NY,20,,Democrat,2025-01-03,2027-01-03,2025-01-03,2027-01-03,2025-01-03,2027-01-03
T000486,RepRitchie,Ritchie Torres,Ritchie,Torres,M,1988-03-12,current,119,house,NY,15,,Democrat,2025-01-03,2027-01-03,2025-01-03,2027-01-03,2025-01-03,2027-01-03
V000081,NydiaVelazquez,Nydia M. Velázquez,Nydia,Velázquez,F,1953-03-28,current,119,house,NY,7,,Democrat,2025-01-03,2027-01-03,2025-01-03,2027-01-03,2025-01-03,2027-01-03
B001306,RepBalderson,Troy Balderson,Troy,Balderson,M,1962-01-16,current,119,house,OH,12,,Republican,2025-01-03,2027-01-03,2025-01-03,2027-01-03,2025-01-03,2027-01-03
B001281,RepBeatty,Joyce Beatty,Joyce,Beatty,F,1950-03-12,current,119,house,OH,3,,Democrat,2025-01-03,2027-01-03,2025-01-03,2027-01-03,2025-01-03,2027-01-03
B001313,RepShontelBrown,Shontel M. Brown,Shontel,Brown,F,1975-06-24,current,119,house,OH,11,,Democrat,2025-01-03,2027-01-03,2025-01-03,2027-01-03,2025-01-03,2027-01-03
C001126,RepMikeCarey,Mike Carey,Mike,Carey,M,1971-03-13,current,119,house,OH,15,,Republican,2025-01-03,2027-01-03,2025-01-03,2027-01-03,2025-01-03,2027-01-03
D000626,WarrenDavidson,Warren Davidson,Warren,Davidson,M,1970-03-01,current,119,house,OH,8,,Republican,2025-01-03,2027-01-03,2025-01-03,2027-01-03,2025-01-03,2027-01-03
J000289,Jim_Jordan,Jim Jordan,Jim,Jordan,M,1964-02-17,current,119,house,OH,4,,Republican,2025-01-03,2027-01-03,2025-01-03,2027-01-03,2025-01-03,2027-01-03
J000295,RepDaveJoyce,David P. Joyce,David,Joyce,M,1957-03-17,current,119,house,OH,14,,Republican,2025-01-03,2027-01-03,2025-01-03,2027-01-03,2025-01-03,2027-01-03
K000009,RepMarcyKaptur,Marcy Kaptur,Marcy,Kaptur,F,1946-06-17,current,119,house,OH,9,,Democrat,2025-01-03,2027-01-03,2025-01-03,2027-01-03,2025-01-03,2027-01-03
L000601,repgreglandsman,Greg Landsman,Greg,Landsman,M,1976-12-04,current,119,house,OH,1,,Democrat,2025-01-03,2027-01-03,2025-01-03,2027-01-03,2025-01-03,2027-01-03
L000566,BobLatta,Robert E. Latta,Robert,Latta,M,1956-04-18,current,119,house,OH,5,,Republican,2025-01-03,2027-01-03,2025-01-03,2027-01-03,2025-01-03,2027-01-03
M001222,repmaxmiller,Max L. Miller,Max,Miller,M,1988-11-13,current,119,house,OH,7,,Republican,2025-01-03,2027-01-03,2025-01-03,2027-01-03,2025-01-03,2027-01-03
R000619,,Michael A. Rulli,Michael,Rulli,M,1969-03-11,current,119,house,OH,6,,Republican,2025-01-03,2027-01-03,2025-01-03,2027-01-03,2025-01-03,2027-01-03
S001223,RepEmiliaSykes,Emilia Strong Sykes,Emilia,Sykes,F,1986-01-04,current,119,house,OH,13,,Democrat,2025-01-03,2027-01-03,2025-01-03,2027-01-03,2025-01-03,2027-01-03
T000490,RepDaveTaylor,David J. Taylor,David,Taylor,M,1969-11-16,current,119,house,OH,2,,Republican,2025-01-03,2027-01-03,2025-01-03,2027-01-03,2025-01-03,2027-01-03
T000463,RepMikeTurner,Michael R. Turner,Michael,Turner,M,1960-01-11,current,119,house,OH,10,,Republican,2025-01-03,2027-01-03,2025-01-03,2027-01-03,2025-01-03,2027-01-03
B000740,RepBice,Stephanie I. Bice,Stephanie,Bice,F,1973-11-11,current,119,house,OK,5,,Republican,2025-01-03,2027-01-03,2025-01-03,2027-01-03,2025-01-03,2027-01-03
B001317,repbrecheen,Josh Brecheen,Josh,Brecheen,M,1979-06-19,current,119,house,OK,2,,Republican,2025-01-03,2027-01-03,2025-01-03,2027-01-03,2025-01-03,2027-01-03
C001053,TomColeOK04,Tom Cole,Tom,Cole,M,1949-04-28,current,119,house,OK,4,,Republican,2025-01-03,2027-01-03,2025-01-03,2027-01-03,2025-01-03,2027-01-03
H001082,repkevinhern,Kevin Hern,Kevin,Hern,M,1961-12-04,current,119,house,OK,1,,Republican,2025-01-03,2027-01-03,2025-01-03,2027-01-03,2025-01-03,2027-01-03
L000491,RepFrankLucas,Frank D. Lucas,Frank,Lucas,M,1960-01-06,current,119,house,OK,3,,Republican,2025-01-03,2027-01-03,2025-01-03,2027-01-03,2025-01-03,2027-01-03
B000668,RepBentz,Cliff Bentz,Cliff,Bentz,M,1952-01-12,current,119,house,OR,2,,Republican,2025-01-03,2027-01-03,2025-01-03,2027-01-03,2025-01-03,2027-01-03
B001278,RepBonamici,Suzanne Bonamici,Suzanne,Bonamici,F,1954-10-14,current,119,house,OR,1,,Democrat,2025-01-03,2027-01-03,2025-01-03,2027-01-03,2025-01-03,2027-01-03
B001326,RepBynum,Janelle S. Bynum,Janelle,Bynum,F,1975-01-31,current,119,house,OR,5,,Democrat,2025-01-03,2027-01-03,2025-01-03,2027-01-03,2025-01-03,2027-01-03
D000635,RepDexterOR,Maxine Dexter,Maxine,Dexter,F,1972-12-05,current,119,house,OR,3,,Democrat,2025-01-03,2027-01-03,2025-01-03,2027-01-03,2025-01-03,2027-01-03
H001094,repvalhoyle,Val T. Hoyle,Valerie,Hoyle,F,1964-02-14,current,119,house,OR,4,,Democrat,2025-01-03,2027-01-03,2025-01-03,2027-01-03,2025-01-03,2027-01-03
S001226,repsalinas,Andrea Salinas,Andrea,Salinas,F,1969-12-06,current,119,house,OR,6,,Democrat,2025-01-03,2027-01-03,2025-01-03,2027-01-03,2025-01-03,2027-01-03
B001296,CongBoyle,Brendan F. Boyle,Brendan,Boyle,M,1977-02-06,current,119,house,PA,2,,Democrat,2025-01-03,2027-01-03,2025-01-03,2027-01-03,2025-01-03,2027-01-03
B001327,RepBresnahan,"Robert P. Bresnahan, Jr.",Robert,Bresnahan,M,1990-04-22,current,119,house,PA,8,,Republican,2025-01-03,2027-01-03,2025-01-03,2027-01-03,2025-01-03,2027-01-03
D000631,RepDean,Madeleine Dean,Madeleine,Dean,F,1959-06-06,current,119,house,PA,4,,Democrat,2025-01-03,2027-01-03,2025-01-03,2027-01-03,2025-01-03,2027-01-03
D000530,RepDeluzio,Christopher R. Deluzio,Chris,Deluzio,M,1984-07-13,current,119,house,PA,17,,Democrat,2025-01-03,2027-01-03,2025-01-03,2027-01-03,2025-01-03,2027-01-03
E000296,RepDwightEvans,Dwight Evans,Dwight,Evans,M,1954-05-16,current,119,house,PA,3,,Democrat,2025-01-03,2027-01-03,2025-01-03,2027-01-03,2025-01-03,2027-01-03
F000466,RepBrianFitz,Brian K. Fitzpatrick,Brian,Fitzpatrick,M,1973-12-17,current,119,house,PA,1,,Republican,2025-01-03,2027-01-03,2025-01-03,2027-01-03,2025-01-03,2027-01-03
H001085,RepHoulahan,Chrissy Houlahan,Chrissy,Houlahan,F,1967-06-05,current,119,house,PA,6,,Democrat,2025-01-03,2027-01-03,2025-01-03,2027-01-03,2025-01-03,2027-01-03
J000302,RepJohnJoyce,John Joyce,John,Joyce,M,1957-02-08,current,119,house,PA,13,,Republican,2025-01-03,2027-01-03,2025-01-03,2027-01-03,2025-01-03,2027-01-03
K000376,MikeKellyPA,Mike Kelly,Mike,Kelly,M,1948-05-10,current,119,house,PA,16,,Republican,2025-01-03,2027-01-03,2025-01-03,2027-01-03,2025-01-03,2027-01-03
L000602,RepSummerLee,Summer L. Lee,Summer,Lee,F,1987-11-26,current,119,house,PA,12,,Democrat,2025-01-03,2027-01-03,2025-01-03,2027-01-03,2025-01-03,2027-01-03
M001230,RepMackenzie,Ryan Mackenzie,Ryan,Mackenzie,M,1982-08-03,current,119,house,PA,7,,Republican,2025-01-03,2027-01-03,2025-01-03,2027-01-03,2025-01-03,2027-01-03
M001204,RepMeuser,Daniel Meuser,Daniel,Meuser,M,1964-02-10,current,119,house,PA,9,,Republican,2025-01-03,2027-01-03,2025-01-03,2027-01-03,2025-01-03,2027-01-03
P000605,RepScottPerry,Scott Perry,Scott,Perry,M,1962-05-27,current,119,house,PA,10,,Republican,2025-01-03,2027-01-03,2025-01-03,2027-01-03,2025-01-03,2027-01-03
R000610,GReschenthaler,Guy Reschenthaler,Guy,Reschenthaler,M,1983-04-17,current,119,house,PA,14,,Republican,2025-01-03,2027-01-03,2025-01-03,2027-01-03,2025-01-03,2027-01-03
S001205,RepMGS,Mary Gay Scanlon,Mary,Scanlon,F,1959-08-30,current,119,house,PA,5,,Democrat,2025-01-03,2027-01-03,2025-01-03,2027-01-03,2025-01-03,2027-01-03
S001199,RepSmucker,Lloyd Smucker,Lloyd,Smucker,M,1964-01-23,current,119,house,PA,11,,Republican,2025-01-03,2027-01-03,2025-01-03,2027-01-03,2025-01-03,2027-01-03
T000467,CongressmanGT,Glenn Thompson,Glenn,Thompson,M,1959-07-27,current,119,house,PA,15,,Republican,2025-01-03,2027-01-03,2025-01-03,2027-01-03,2025-01-03,2027-01-03
H001103,reppablojose,Pablo José Hernández,Pablo José,Hernández Rivera,M,1991-05-11,current,119,house,PR,0,,Democrat,2025-01-03,2027-01-03,2025-01-03,2027-01-03,2025-01-03,2027-01-03
A000380,RepGabeAmo,Gabe Amo,Gabe,Amo,M,1987-12-11,current,119,house,RI,1,,Democrat,2025-01-03,2027-01-03,2025-01-03,2027-01-03,2025-01-03,2027-01-03
M001223,Rep_Magaziner,Seth Magaziner,Seth,Magaziner,M,1983-07-22,current,119,house,RI,2,,Democrat,2025-01-03,2027-01-03,2025-01-03,2027-01-03,2025-01-03,2027-01-03
B001325,repsheribiggs,Sheri Biggs,Sheri,Biggs,F,1970-03-28,current,119,house,SC,3,,Republican,2025-01-03,2027-01-03,2025-01-03,2027-01-03,2025-01-03,2027-01-03
C000537,RepJamesClyburn,James E. Clyburn,James,Clyburn,M,1940-07-21,current,119,house,SC,6,,Democrat,2025-01-03,2027-01-03,2025-01-03,2027-01-03,2025-01-03,2027-01-03
F000478,RepRussellFry,Russell Fry,Russell,Fry,M,1985-01-31,current,119,house,SC,7,,Republican,2025-01-03,2027-01-03,2025-01-03,2027-01-03,2025-01-03,2027-01-03
M000194,RepNancyMace,Nancy Mace,Nancy,Mace,F,1977-12-04,current,119,house,SC,1,,Republican,2025-01-03,2027-01-03,2025-01-03,2027-01-03,2025-01-03,2027-01-03
N000190,RepRalphNorman,Ralph Norman,Ralph,Norman,M,1953-06-20,current,119,house,SC,5,,Republican,2025-01-03,2027-01-03,2025-01-03,2027-01-03,2025-01-03,2027-01-03
T000480,RepTimmons,William R. Timmons IV,William,Timmons,M,1984-04-30,current,119,house,SC,4,,Republican,2025-01-03,2027-01-03,2025-01-03,2027-01-03,2025-01-03,2027-01-03
W000795,RepJoeWilson,Joe Wilson,Joe,Wilson,M,1947-07-31,current,119,house,SC,2,,Republican,2025-01-03,2027-01-03,2025-01-03,2027-01-03,2025-01-03,2027-01-03
J000301,RepDustyJohnson,Dusty Johnson,Dusty,Johnson,M,1976-09-30,current,119,house,SD,0,,Republican,2025-01-03,2027-01-03,2025-01-03,2027-01-03,2025-01-03,2027-01-03
B001309,RepTimBurchett,Tim Burchett,Tim,Burchett,M,1964-08-25,current,119,house,TN,2,,Republican,2025-01-03,2027-01-03,2025-01-03,2027-01-03,2025-01-03,2027-01-03
C001068,RepCohen,Steve Cohen,Steve,Cohen,M,1949-05-24,current,119,house,TN,9,,Democrat,2025-01-03,2027-01-03,2025-01-03,2027-01-03,2025-01-03,2027-01-03
D000616,DesJarlaisTN04,Scott DesJarlais,Scott,DesJarlais,M,1964-02-21,current,119,house,TN,4,,Republican,2025-01-03,2027-01-03,2025-01-03,2027-01-03,2025-01-03,2027-01-03
F000459,RepChuck,"Charles J. ""Chuck"" Fleischmann",Charles,Fleischmann,M,1962-10-11,current,119,house,TN,3,,Republican,2025-01-03,2027-01-03,2025-01-03,2027-01-03,2025-01-03,2027-01-03
G000590,,Mark E. Green,Mark,Green,M,1964-11-08,historical,119,house,TN,7,,Republican,2025-01-03,2025-07-21,2025-01-03,2027-01-03,2025-01-03,2025-07-21
H001086,RepHarshbarger,Diana Harshbarger,Diana,Harshbarger,F,1960-01-01,current,119,house,TN,1,,Republican,2025-01-03,2027-01-03,2025-01-03,2027-01-03,2025-01-03,2027-01-03
K000392,RepDavidKustoff,David Kustoff,David,Kustoff,M,1966-10-08,current,119,house,TN,8,,Republican,2025-01-03,2027-01-03,2025-01-03,2027-01-03,2025-01-03,2027-01-03
O000175,repogles,Andrew Ogles,Andrew,Ogles,M,1971-06-18,current,119,house,TN,5,,Republican,2025-01-03,2027-01-03,2025-01-03,2027-01-03,2025-01-03,2027-01-03
R000612,RepJohnRose,John W. Rose,John,Rose,M,1965-02-23,current,119,house,TN,6,,Republican,2025-01-03,2027-01-03,2025-01-03,2027-01-03,2025-01-03,2027-01-03
V000139,,Matt Van Epps,Matt,Van Epps,M,1983-03-29,current,119,house,TN,7,,Republican,2025-12-04,2027-01-03,2025-01-03,2027-01-03,2025-12-04,2027-01-03
A000375,RepArrington,Jodey C. Arrington,Jodey,Arrington,M,1972-03-09,current,119,house,TX,19,,Republican,2025-01-03,2027-01-03,2025-01-03,2027-01-03,2025-01-03,2027-01-03
B001291,RepBrianBabin,Brian Babin,Brian,Babin,M,1948-03-23,current,119,house,TX,36,,Republican,2025-01-03,2027-01-03,2025-01-03,2027-01-03,2025-01-03,2027-01-03
C001051,JudgeCarter,John R. Carter,John,Carter,M,1941-11-06,current,119,house,TX,31,,Republican,2025-01-03,2027-01-03,2025-01-03,2027-01-03,2025-01-03,2027-01-03
C001131,RepCasar,Greg Casar,Gregorio,Casar,M,1989-05-04,current,119,house,TX,35,,Democrat,2025-01-03,2027-01-03,2025-01-03,2027-01-03,2025-01-03,2027-01-03
C001091,JoaquinCastrotx,Joaquin Castro,Joaquin,Castro,M,1974-09-16,current,119,house,TX,20,,Democrat,2025-01-03,2027-01-03,2025-01-03,2027-01-03,2025-01-03,2027-01-03
C001115,RepCloudTX,Michael Cloud,Michael,Cloud,M,1975-05-13,current,119,house,TX,27,,Republican,2025-01-03,2027-01-03,2025-01-03,2027-01-03,2025-01-03,2027-01-03
C001120,RepDanCrenshaw,Dan Crenshaw,Dan,Crenshaw,M,1984-03-14,current,119,house,TX,2,,Republican,2025-01-03,2027-01-03,2025-01-03,2027-01-03,2025-01-03,2027-01-03
C001130,RepJasmine,Jasmine Crockett,Jasmine,Crockett,F,1981-03-29,current,119,house,TX,30,,Democrat,2025-01-03,2027-01-03,2025-01-03,2027-01-03,2025-01-03,2027-01-03
C001063,RepCuellar,Henry Cuellar,Henry,Cuellar,M,1955-09-19,current,119,house,TX,28,,Democrat,2025-01-03,2027-01-03,2025-01-03,2027-01-03,2025-01-03,2027-01-03
D000594,RepMonicaDLC,Monica De La Cruz,Mónica,De La Cruz,F,1974-11-11,current,119,house,TX,15,,Republican,2025-01-03,2027-01-03,2025-01-03,2027-01-03,2025-01-03,2027-01-03
D000399,RepLloydDoggett,Lloyd Doggett,Lloyd,Doggett,M,1946-10-06,current,119,house,TX,37,,Democrat,2025-01-03,2027-01-03,2025-01-03,2027-01-03,2025-01-03,2027-01-03
E000071,RepEllzey,Jake Ellzey,Jake,Ellzey,M,1970-01-24,current,119,house,TX,6,,Republican,2025-01-03,2027-01-03,2025-01-03,2027-01-03,2025-01-03,2027-01-03
E000299,RepEscobar,Veronica Escobar,Veronica,Escobar,F,1969-09-15,current,119,house,TX,16,,Democrat,2025-01-03,2027-01-03,2025-01-03,2027-01-03,2025-01-03,2027-01-03
F000246,RepPatFallon,Pat Fallon,Patrick,Fallon,M,1967-12-19,current,119,house,TX,4,,Republican,2025-01-03,2027-01-03,2025-01-03,2027-01-03,2025-01-03,2027-01-03
F000468,RepFletcher,Lizzie Fletcher,Lizzie,Fletcher,F,1975-02-13,current,119,house,TX,7,,Democrat,2025-01-03,2027-01-03,2025-01-03,2027-01-03,2025-01-03,2027-01-03
G000587,RepSylviaGarcia,Sylvia R. Garcia,Sylvia,Garcia,F,1950-09-06,current,119,house,TX,29,,Democrat,2025-01-03,2027-01-03,2025-01-03,2027-01-03,2025-01-03,2027-01-03
G000603,repbrandongill,Brandon Gill,Brandon,Gill,M,1994-02-26,current,119,house,TX,26,,Republican,2025-01-03,2027-01-03,2025-01-03,2027-01-03,2025-01-03,2027-01-03
G000601,RepCraigGoldman,Craig A. Goldman,Craig,Goldman,M,1968-10-03,current,119,house,TX,12,,Republican,2025-01-03,2027-01-03,2025-01-03,2027-01-03,2025-01-03,2027-01-03
G000594,RepTonyGonzales,Tony Gonzales,Ernest,Gonzales,M,1980-10-10,current,119,house,TX,23,,Republican,2025-01-03,2027-01-03,2025-01-03,2027-01-03,2025-01-03,2027-01-03
G000581,RepGonzalez,Vicente Gonzalez,Vicente,Gonzalez,M,1967-09-04,current,119,house,TX,34,,Democrat,2025-01-03,2027-01-03,2025-01-03,2027-01-03,2025-01-03,2027-01-03
G000589,,Lance Gooden,Lance,Gooden,M,1982-12-01,current,119,house,TX,5,,Republican,2025-01-03,2027-01-03,2025-01-03,2027-01-03,2025-01-03,2027-01-03
G000553,RepAlGreen,Al Green,Al,Green,M,1947-09-01,current,119,house,TX,9,,Democrat,2025-01-03,2027-01-03,2025-01-03,2027-01-03,2025-01-03,2027-01-03
H001095,RepWesleyHunt,Wesley Hunt,Wesley,Hunt,M,1981-11-13,current,119,house,TX,38,,Republican,2025-01-03,2027-01-03,2025-01-03,2027-01-03,2025-01-03,2027-01-03
J000304,RepRonnyJackson,Ronny Jackson,Ronny,Jackson,M,1967-05-04,current,119,house,TX,13,,Republican,2025-01-03,2027-01-03,2025-01-03,2027-01-03,2025-01-03,2027-01-03
J000310,RepJulieJohnson,Julie Johnson,Julie,Johnson,F,1966-05-02,current,119,house,TX,32,,Democrat,2025-01-03,2027-01-03,2025-01-03,2027-01-03,2025-01-03,2027-01-03
L000603,RepLuttrell,Morgan Luttrell,Morgan,Luttrell,M,1975-11-07,current,119,house,TX,8,,Republican,2025-01-03,2027-01-03,2025-01-03,2027-01-03,2025-01-03,2027-01-03
M001157,RepMcCaul,Michael T. McCaul,Michael,McCaul,M,1962-01-14,current,119,house,TX,10,,Republican,2025-01-03,2027-01-03,2025-01-03,2027-01-03,2025-01-03,2027-01-03
M001245,,Christian D. Menefee,Christian,Menefee,M,1988-04-18,current,119,house,TX,18,,Democrat,2026-02-02,2027-01-03,2025-01-03,2027-01-03,2026-02-02,2027-01-03
M001224,RepNateMoran,Nathaniel Moran,Nathaniel,Moran,M,1974-07-22,current,119,house,TX,1,,Republican,2025-01-03,2027-01-03,2025-01-03,2027-01-03,2025-01-03,2027-01-03
N000026,RepTroyNehls,Troy E. Nehls,Troy,Nehls,M,1968-04-07,current,119,house,TX,22,,Republican,2025-01-03,2027-01-03,2025-01-03,2027-01-03,2025-01-03,2027-01-03
P000048,RepPfluger,August Pfluger,August,Pfluger,M,1978-12-28,current,119,house,TX,11,,Republican,2025-01-03,2027-01-03,2025-01-03,2027-01-03,2025-01-03,2027-01-03
R000614,RepChipRoy,Chip Roy,Chip,Roy,M,1972-08-07,current,119,house,TX,21,,Republican,2025-01-03,2027-01-03,2025-01-03,2027-01-03,2025-01-03,2027-01-03
S001224,repkeithself,Keith Self,Keith,Self,M,1953-03-20,current,119,house,TX,3,,Republican,2025-01-03,2027-01-03,2025-01-03,2027-01-03,2025-01-03,2027-01-03
S000250,PeteSessions,Pete Sessions,Pete,Sessions,M,1955-03-22,current,119,house,TX,17,,Republican,2025-01-03,2027-01-03,2025-01-03,2027-01-03,2025-01-03,2027-01-03
T000489,,Sylvester Turner,Sylvester,Turner,M,1954-09-27,historical,119,house,TX,18,,Democrat,2025-01-03,2025-03-04,2025-01-03,2027-01-03,2025-01-03,2025-03-04
V000134,RepBethVanDuyne,Beth Van Duyne,Beth,Van Duyne,F,1970-11-16,current,119,house,TX,24,,Republican,2025-01-03,2027-01-03,2025-01-03,2027-01-03,2025-01-03,2027-01-03
V000131,RepVeasey,Marc A. Veasey,Marc,Veasey,M,1971-01-03,current,119,house,TX,33,,Democrat,2025-01-03,2027-01-03,2025-01-03,2027-01-03,2025-01-03,2027-01-03
W000814,TXRandy14,"Randy K. Weber, Sr.",Randy,Weber,M,1953-07-02,current,119,house,TX,14,,Republican,2025-01-03,2027-01-03,2025-01-03,2027-01-03,2025-01-03,2027-01-03
W000816,RepRWilliams,Roger Williams,Roger,Williams,M,1949-09-13,current,119,house,TX,25,,Republican,2025-01-03,2027-01-03,2025-01-03,2027-01-03,2025-01-03,2027-01-03
K000403,repmikekennedy,Mike Kennedy,Mike,Kennedy,M,1969-02-02,current,119,house,UT,3,,Republican,2025-01-03,2027-01-03,2025-01-03,2027-01-03,2025-01-03,2027-01-03
M001228,RepMaloyUtah,Celeste Maloy,Celeste,Maloy,F,1981-05-22,current,119,house,UT,2,,Republican,2025-01-03,2027-01-03,2025-01-03,2027-01-03,2025-01-03,2027-01-03
M001213,RepBlakeMoore,Blake D. Moore,Blake,Moore,M,1980-06-22,current,119,house,UT,1,,Republican,2025-01-03,2027-01-03,2025-01-03,2027-01-03,2025-01-03,2027-01-03
O000086,RepBurgessOwens,Burgess Owens,Clarence,Owens,M,1951-08-02,current,119,house,UT,4,,Republican,2025-01-03,2027-01-03,2025-01-03,2027-01-03,2025-01-03,2027-01-03
B001292,RepDonBeyer,"Donald S. Beyer, Jr.",Donald,Beyer,M,1950-06-20,current,119,house,VA,8,,Democrat,2025-01-03,2027-01-03,2025-01-03,2027-01-03,2025-01-03,2027-01-03
C001118,RepBenCline,Ben Cline,Ben,Cline,M,1972-02-29,current,119,house,VA,6,,Republican,2025-01-03,2027-01-03,2025-01-03,2027-01-03,2025-01-03,2027-01-03
C001078,,Gerald E. Connolly,Gerald,Connolly,M,1950-03-30,historical,119,house,VA,11,,Democrat,2025-01-03,2025-05-21,2025-01-03,2027-01-03,2025-01-03,2025-05-21
G000568,RepMGriffith,H. Morgan Griffith,H.,Griffith,M,1958-03-15,current,119,house,VA,9,,Republican,2025-01-03,2027-01-03,2025-01-03,2027-01-03,2025-01-03,2027-01-03
K000399,RepJenKiggans,Jennifer A. Kiggans,Jennifer,Kiggans,F,1971-06-18,current,119,house,VA,2,,Republican,2025-01-03,2027-01-03,2025-01-03,2027-01-03,2025-01-03,2027-01-03
M001227,RepMcClellan,Jennifer L. McClellan,Jennifer,McClellan,F,1972-12-28,current,119,house,VA,4,,Democrat,2025-01-03,2027-01-03,2025-01-03,2027-01-03,2025-01-03,2027-01-03
M001239,RepJohnMcGuire,John J. McGuire III,John,McGuire,M,1968-08-24,current,119,house,VA,5,,Republican,2025-01-03,2027-01-03,2025-01-03,2027-01-03,2025-01-03,2027-01-03
S000185,BobbyScott,"Robert C. ""Bobby"" Scott",Robert,Scott,M,1947-04-30,current,119,house,VA,3,,Democrat,2025-01-03,2027-01-03,2025-01-03,2027-01-03,2025-01-03,2027-01-03
S001230,RepSuhas,Suhas Subramanyam,Suhas,Subramanyam,M,1986-09-26,current,119,house,VA,10,,Democrat,2025-01-03,2027-01-03,2025-01-03,2027-01-03,2025-01-03,2027-01-03
V000138,RepVindman,Eugene Simon Vindman,Eugene,Vindman,M,1975-06-06,current,119,house,VA,7,,Democrat,2025-01-03,2027-01-03,2025-01-03,2027-01-03,2025-01-03,2027-01-03
W000831,,James R. Walkinshaw,James,Walkinshaw,M,1982-10-22,current,119,house,VA,11,,Democrat,2025-09-10,2027-01-03,2025-01-03,2027-01-03,2025-09-10,2027-01-03
W000804,RobWittman,Robert J. Wittman,Robert,Wittman,M,1959-02-03,current,119,house,VA,1,,Republican,2025-01-03,2027-01-03,2025-01-03,2027-01-03,2025-01-03,2027-01-03
P000610,StaceyPlaskett,Stacey E. Plaskett,Stacey,Plaskett,F,1966-05-13,current,119,house,VI,0,,Democrat,2025-01-03,2027-01-03,2025-01-03,2027-01-03,2025-01-03,2027-01-03
B001318,RepBeccaB,Becca Balint,Becca,Balint,F,1968-05-04,current,119,house,VT,0,,Democrat,2025-01-03,2027-01-03,2025-01-03,2027-01-03,2025-01-03,2027-01-03
B001322,repbaumgartner,Michael Baumgartner,Michael,Baumgartner,M,1975-12-13,current,119,house,WA,5,,Republican,2025-01-03,2027-01-03,2025-01-03,2027-01-03,2025-01-03,2027-01-03
D000617,RepDelBene,Suzan K. DelBene,Suzan,DelBene,F,1962-02-17,current,119,house,WA,1,,Democrat,2025-01-03,2027-01-03,2025-01-03,2027-01-03,2025-01-03,2027-01-03
G000600,RepMGP,Marie Gluesenkamp Perez,Marie,Gluesenkamp Perez,F,1988-06-06,current,119,house,WA,3,,Democrat,2025-01-03,2027-01-03,2025-01-03,2027-01-03,2025-01-03,2027-01-03
J000298,RepJayapal,Pramila Jayapal,Pramila,Jayapal,F,1965-09-21,current,119,house,WA,7,,Democrat,2025-01-03,2027-01-03,2025-01-03,2027-01-03,2025-01-03,2027-01-03
L000560,RepRickLarsen,Rick Larsen,Rick,Larsen,M,1965-06-15,current,119,house,WA,2,,Democrat,2025-01-03,2027-01-03,2025-01-03,2027-01-03,2025-01-03,2027-01-03
N000189,RepNewhouse,Dan Newhouse,Dan,Newhouse,M,1955-07-10,current,119,house,WA,4,,Republican,2025-01-03,2027-01-03,2025-01-03,2027-01-03,2025-01-03,2027-01-03
R000621,,Emily Randall,Emily,Randall,F,1985-10-30,current,119,house,WA,6,,Democrat,2025-01-03,2027-01-03,2025-01-03,2027-01-03,2025-01-03,2027-01-03
S001216,RepKimSchrier,Kim Schrier,Kim,Schrier,F,1968-08-23,current,119,house,WA,8,,Democrat,2025-01-03,2027-01-03,2025-01-03,2027-01-03,2025-01-03,2027-01-03
S000510,RepAdamSmith,Adam Smith,Adam,Smith,M,1965-06-15,current,119,house,WA,9,,Democrat,2025-01-03,2027-01-03,2025-01-03,2027-01-03,2025-01-03,2027-01-03
S001159,RepStricklandWA,Marilyn Strickland,Marilyn,Strickland,F,1962-09-25,current,119,house,WA,10,,Democrat,2025-01-03,2027-01-03,2025-01-03,2027-01-03,2025-01-03,2027-01-03
F000471,RepFitzgerald,Scott Fitzgerald,Scott,Fitzgerald,M,1963-11-16,current,119,house,WI,5,,Republican,2025-01-03,2027-01-03,2025-01-03,2027-01-03,2025-01-03,2027-01-03
G000576,RepGrothman,Glenn Grothman,Glenn,Grothman,M,1955-07-03,current,119,house,WI,6,,Republican,2025-01-03,2027-01-03,2025-01-03,2027-01-03,2025-01-03,2027-01-03
M001160,RepGwenMoore,Gwen Moore,Gwen,Moore,F,1951-04-18,current,119,house,WI,4,,Democrat,2025-01-03,2027-01-03,2025-01-03,2027-01-03,2025-01-03,2027-01-03
P000607,RepMarkPocan,Mark Pocan,Mark,Pocan,M,1964-08-14,current,119,house,WI,2,,Democrat,2025-01-03,2027-01-03,2025-01-03,2027-01-03,2025-01-03,2027-01-03
S001213,RepBryanSteil,Bryan Steil,Bryan,Steil,M,1981-03-30,current,119,house,WI,1,,Republican,2025-01-03,2027-01-03,2025-01-03,2027-01-03,2025-01-03,2027-01-03
T000165,RepTiffany,Thomas P. Tiffany,Thomas,Tiffany,M,1957-12-30,current,119,house,WI,7,,Republican,2025-01-03,2027-01-03,2025-01-03,2027-01-03,2025-01-03,2027-01-03
V000135,RepVanOrden,Derrick Van Orden,Derrick,Van Orden,M,1969-09-15,current,119,house,WI,3,,Republican,2025-01-03,2027-01-03,2025-01-03,2027-01-03,2025-01-03,2027-01-03
W000829,RepTonyWied,Tony Wied,Tony,Wied,M,1976-05-03,current,119,house,WI,8,,Republican,2025-01-03,2027-01-03,2025-01-03,2027-01-03,2025-01-03,2027-01-03
M001205,RepCarolMiller,Carol D. Miller,Carol,Miller,F,1950-11-04,current,119,house,WV,1,,Republican,2025-01-03,2027-01-03,2025-01-03,2027-01-03,2025-01-03,2027-01-03
M001235,RepRileyMoore,Riley M. Moore,Riley,Moore,M,1980-07-01,current,119,house,WV,2,,Republican,2025-01-03,2027-01-03,2025-01-03,2027-01-03,2025-01-03,2027-01-03
H001096,RepHageman,Harriet M. Hageman,Harriet,Hageman,F,1962-10-18,current,119,house,WY,0,,Republican,2025-01-03,2027-01-03,2025-01-03,2027-01-03,2025-01-03,2027-01-03
M001153,LisaMurkowski,Lisa Murkowski,Lisa,Murkowski,F,1957-05-22,current,119,senate,AK,,3,Republican,2023-01-03,2029-01-03,2025-01-03,2027-01-03,2025-01-03,2027-01-03
S001198,SenDanSullivan,Dan Sullivan,Dan,Sullivan,M,1964-11-13,current,119,senate,AK,,2,Republican,2021-01-03,2027-01-03,2025-01-03,2027-01-03,2025-01-03,2027-01-03
B001319,SenKatieBritt,Katie Boyd Britt,Katie,Britt,F,1982-02-02,current,119,senate,AL,,3,Republican,2023-01-03,2029-01-03,2025-01-03,2027-01-03,2025-01-03,2027-01-03
T000278,SenTuberville,Tommy Tuberville,Tommy,Tuberville,M,1954-09-18,current,119,senate,AL,,2,Republican,2021-01-03,2027-01-03,2025-01-03,2027-01-03,2025-01-03,2027-01-03
B001236,JohnBoozman,John Boozman,John,Boozman,M,1950-12-10,current,119,senate,AR,,3,Republican,2023-01-03,2029-01-03,2025-01-03,2027-01-03,2025-01-03,2027-01-03
C001095,SenTomCotton,Tom Cotton,Tom,Cotton,M,1977-05-13,current,119,senate,AR,,2,Republican,2021-01-03,2027-01-03,2025-01-03,2027-01-03,2025-01-03,2027-01-03
G000574,RepRubenGallego,Ruben Gallego,Ruben,Gallego,M,1979-11-20,current,119,senate,AZ,,1,Democrat,2025-01-03,2031-01-03,2025-01-03,2027-01-03,2025-01-03,2027-01-03
K000377,SenMarkKelly,Mark Kelly,Mark,Kelly,M,1964-02-21,current,119,senate,AZ,,3,Democrat,2023-01-03,2029-01-03,2025-01-03,2027-01-03,2025-01-03,2027-01-03
P000145,SenAlexPadilla,Alex Padilla,Alejandro,Padilla,M,1973-03-22,current,119,senate,CA,,3,Democrat,2023-01-03,2029-01-03,2025-01-03,2027-01-03,2025-01-03,2027-01-03
S001150,SenAdamSchiff,Adam B. Schiff,Adam,Schiff,M,1960-06-22,current,119,senate,CA,,1,Democrat,2025-01-03,2031-01-03,2025-01-03,2027-01-03,2025-01-03,2027-01-03
B001267,SenatorBennet,Michael F. Bennet,Michael,Bennet,M,1964-11-28,current,119,senate,CO,,3,Democrat,2023-01-03,2029-01-03,2025-01-03,2027-01-03,2025-01-03,2027-01-03
H000273,SenatorHick,John W. Hickenlooper,John,Hickenlooper,M,1952-02-07,current,119,senate,CO,,2,Democrat,2021-01-03,2027-01-03,2025-01-03,2027-01-03,2025-01-03,2027-01-03
B001277,SenBlumenthal,Richard Blumenthal,Richard,Blumenthal,M,1946-02-13,current,119,senate,CT,,3,Democrat,2023-01-03,2029-01-03,2025-01-03,2027-01-03,2025-01-03,2027-01-03
M001169,SenMurphyOffice,Christopher Murphy,Christopher,Murphy,M,1973-08-03,current,119,senate,CT,,1,Democrat,2025-01-03,2031-01-03,2025-01-03,2027-01-03,2025-01-03,2027-01-03
B001303,SenLBR,Lisa Blunt Rochester,Lisa,Blunt Rochester,F,1962-02-10,current,119,senate,DE,,1,Democrat,2025-01-03,2031-01-03,2025-01-03,2027-01-03,2025-01-03,2027-01-03
C001088,ChrisCoons,Christopher A. Coons,Christopher,Coons,M,1963-09-09,current,119,senate,DE,,2,Democrat,2021-01-03,2027-01-03,2025-01-03,2027-01-03,2025-01-03,2027-01-03
M001244,,Ashley Moody,Ashley,Moody,F,1975-03-28,current,119,senate,FL,,3,Republican,2025-01-21,2026-11-03,2025-01-03,2027-01-03,2025-01-21,2026-11-03
R000595,,Marco Rubio,Marco,Rubio,M,1971-05-28,historical,119,senate,FL,,3,Republican,2023-01-03,2025-01-20,2025-01-03,2027-01-03,2025-01-03,2025-01-20
S001217,SenRickScott,Rick Scott,Rick,Scott,M,1952-12-01,current,119,senate,FL,,1,Republican,2025-01-03,2031-01-03,2025-01-03,2027-01-03,2025-01-03,2027-01-03
O000174,SenOssoff,Jon Ossoff,Jon,Ossoff,M,1987-02-16,current,119,senate,GA,,2,Democrat,2021-01-20,2027-01-03,2025-01-03,2027-01-03,2025-01-03,2027-01-03
W000790,SenatorWarnock,Raphael G. Warnock,Raphael,Warnock,M,1969-07-23,current,119,senate,GA,,3,Democrat,2023-01-03,2029-01-03,2025-01-03,2027-01-03,2025-01-03,2027-01-03
H001042,MazieHirono,Mazie K. Hirono,Mazie,Hirono,F,1947-11-03,current,119,senate,HI,,1,Democrat,2025-01-03,2031-01-03,2025-01-03,2027-01-03,2025-01-03,2027-01-03
S001194,SenBrianSchatz,Brian Schatz,Brian,Schatz,M,1972-10-20,current,119,senate,HI,,3,Democrat,2023-01-03,2029-01-03,2025-01-03,2027-01-03,2025-01-03,2027-01-03
E000295,SenJoniErnst,Joni Ernst,Joni,Ernst,F,1970-07-01,current,119,senate,IA,,2,Republican,2021-01-03,2027-01-03,2025-01-03,2027-01-03,2025-01-03,2027-01-03
G000386,ChuckGrassley,Chuck Grassley,Charles,Grassley,M,1933-09-17,current,119,senate,IA,,3,Republican,2023-01-03,2029-01-03,2025-01-03,2027-01-03,2025-01-03,2027-01-03
C000880,MikeCrapo,Mike Crapo,Michael,Crapo,M,1951-05-20,current,119,senate,ID,,3,Republican,2023-01-03,2029-01-03,2025-01-03,2027-01-03,2025-01-03,2027-01-03
R000584,SenatorRisch,James E. Risch,James,Risch,M,1943-05-03,current,119,senate,ID,,2,Republican,2021-01-03,2027-01-03,2025-01-03,2027-01-03,2025-01-03,2027-01-03
D000622,SenDuckworth,Tammy Duckworth,Tammy,Duckworth,F,1968-03-12,current,119,senate,IL,,3,Democrat,2023-01-03,2029-01-03,2025-01-03,2027-01-03,2025-01-03,2027-01-03
D000563,SenatorDurbin,Richard J. Durbin,Richard,Durbin,M,1944-11-21,current,119,senate,IL,,2,Democrat,2021-01-03,2027-01-03,2025-01-03,2027-01-03,2025-01-03,2027-01-03
B001299,RepJimBanks,Jim Banks,Jim,Banks,M,1979-07-16,current,119,senate,IN,,1,Republican,2025-01-03,2031-01-03,2025-01-03,2027-01-03,2025-01-03,2027-01-03
Y000064,SenToddYoung,Todd Young,Todd,Young,M,1972-08-24,current,119,senate,IN,,3,Republican,2023-01-03,2029-01-03,2025-01-03,2027-01-03,2025-01-03,2027-01-03
M001198,SenatorMarshall,Roger Marshall,Roger,Marshall,M,1960-08-09,current,119,senate,KS,,2,Republican,2021-01-03,2027-01-03,2025-01-03,2027-01-03,2025-01-03,2027-01-03
M000934,JerryMoran,Jerry Moran,Jerry,Moran,M,1954-05-29,current,119,senate,KS,,3,Republican,2023-01-03,2029-01-03,2025-01-03,2027-01-03,2025-01-03,2027-01-03
M000355,McConnellPress,Mitch McConnell,Mitch,McConnell,M,1942-02-20,current,119,senate,KY,,2,Republican,2021-01-03,2027-01-03,2025-01-03,2027-01-03,2025-01-03,2027-01-03
P000603,SenRandPaul,Rand Paul,Rand,Paul,M,1963-01-07,current,119,senate,KY,,3,Republican,2023-01-03,2029-01-03,2025-01-03,2027-01-03,2025-01-03,2027-01-03
C001075,SenBillCassidy,Bill Cassidy,Bill,Cassidy,M,1957-09-28,current,119,senate,LA,,2,Republican,2021-01-03,2027-01-03,2025-01-03,2027-01-03,2025-01-03,2027-01-03
K000393,SenJohnKennedy,John Kennedy,John,Kennedy,M,1951-11-21,current,119,senate,LA,,3,Republican,2023-01-03,2029-01-03,2025-01-03,2027-01-03,2025-01-03,2027-01-03
M000133,SenMarkey,Edward J. Markey,Edward,Markey,M,1946-07-11,current,119,senate,MA,,2,Democrat,2021-01-03,2027-01-03,2025-01-03,2027-01-03,2025-01-03,2027-01-03
W000817,SenWarren,Elizabeth Warren,Elizabeth,Warren,F,1949-06-22,current,119,senate,MA,,1,Democrat,2025-01-03,2031-01-03,2025-01-03,2027-01-03,2025-01-03,2027-01-03
A000382,,Angela D. Alsobrooks,Angela,Alsobrooks,F,1971-02-23,current,119,senate,MD,,1,Democrat,2025-01-03,2031-01-03,2025-01-03,2027-01-03,2025-01-03,2027-01-03
V000128,ChrisVanHollen,Chris Van Hollen,Chris,Van Hollen,M,1959-01-10,current,119,senate,MD,,3,Democrat,2023-01-03,2029-01-03,2025-01-03,2027-01-03,2025-01-03,2027-01-03
C001035,SenatorCollins,Susan M. Collins,Susan,Collins,F,1952-12-07,current,119,senate,ME,,2,Republican,2021-01-03,2027-01-03,2025-01-03,2027-01-03,2025-01-03,2027-01-03
K000383,SenAngusKing,"Angus S. King, Jr.",Angus,King,M,1944-03-31,current,119,senate,ME,,1,Independent,2025-01-03,2031-01-03,2025-01-03,2027-01-03,2025-01-03,2027-01-03
P000595,SenGaryPeters,Gary C. Peters,Gary,Peters,M,1958-12-01,current,119,senate,MI,,2,Democrat,2021-01-03,2027-01-03,2025-01-03,2027-01-03,2025-01-03,2027-01-03
S001208,RepSlotkin,Elissa Slotkin,Elissa,Slotkin,F,1976-07-10,current,119,senate,MI,,1,Democrat,2025-01-03,2031-01-03,2025-01-03,2027-01-03,2025-01-03,2027-01-03
K000367,SenAmyKlobuchar,Amy Klobuchar,Amy,Klobuchar,F,1960-05-25,current,119,senate,MN,,1,Democrat,2025-01-03,2031-01-03,2025-01-03,2027-01-03,2025-01-03,2027-01-03
S001203,SenTinaSmith,Tina Smith,Tina,Smith,F,1958-03-04,current,119,senate,MN,,2,Democrat,2021-01-03,2027-01-03,2025-01-03,2027-01-03,2025-01-03,2027-01-03
H001089,SenHawleyPress,Josh Hawley,Joshua,Hawley,M,1979-12-31,current,119,senate,MO,,1,Republican,2025-01-03,2031-01-03,2025-01-03,2027-01-03,2025-01-03,2027-01-03
S001227,SenEricSchmitt,Eric Schmitt,Eric,Schmitt,M,1975-06-20,current,119,senate,MO,,3,Republican,2023-01-03,2029-01-03,2025-01-03,2027-01-03,2025-01-03,2027-01-03
H001079,SenHydeSmith,Cindy Hyde-Smith,Cindy,Hyde-Smith,F,1959-05-10,current,119,senate,MS,,2,Republican,2021-01-03,2027-01-03,2025-01-03,2027-01-03,2025-01-03,2027-01-03
W000437,SenatorWicker,Roger F. Wicker,Roger,Wicker,M,1951-07-05,current,119,senate,MS,,1,Republican,2025-01-03,2031-01-03,2025-01-03,2027-01-03,2025-01-03,2027-01-03
D000618,SteveDaines,Steve Daines,Steve,Daines,M,1962-08-20,current,119,senate,MT,,2,Republican,2021-01-03,2027-01-03,2025-01-03,2027-01-03,2025-01-03,2027-01-03
S001232,,Tim Sheehy,Tim,Sheehy,M,1985-11-18,current,119,senate,MT,,1,Republican,2025-01-03,2031-01-03,2025-01-03,2027-01-03,2025-01-03,2027-01-03
B001305,RepTedBudd,Ted Budd,Ted,Budd,M,1971-10-21,current,119,senate,NC,,3,Republican,2023-01-03,2029-01-03,2025-01-03,2027-01-03,2025-01-03,2027-01-03
T000476,SenThomTillis,Thom Tillis,Thom,Tillis,M,1960-08-30,current,119,senate,NC,,2,Republican,2021-01-03,2027-01-03,2025-01-03,2027-01-03,2025-01-03,2027-01-03
C001096,SenKevinCramer,Kevin Cramer,Kevin,Cramer,M,1961-01-21,current,119,senate,ND,,1,Republican,2025-01-03,2031-01-03,2025-01-03,2027-01-03,2025-01-03,2027-01-03
H001061,SenJohnHoeven,John Hoeven,John,Hoeven,M,1957-03-13,current,119,senate,ND,,3,Republican,2023-01-03,2029-01-03,2025-01-03,2027-01-03,2025-01-03,2027-01-03
F000463,SenatorFischer,Deb Fischer,Deb,Fischer,F,1951-03-01,current,119,senate,NE,,1,Republican,2025-01-03,2031-01-03,2025-01-03,2027-01-03,2025-01-03,2027-01-03
R000618,SenatorRicketts,Pete Ricketts,Pete,Ricketts,M,1964-08-19,current,119,senate,NE,,2,Republican,2024-11-05,2027-01-03,2025-01-03,2027-01-03,2025-01-03,2027-01-03
H001076,SenatorHassan,Margaret Wood Hassan,Margaret,Hassan,F,1958-02-27,current,119,senate,NH,,3,Democrat,2023-01-03,2029-01-03,2025-01-03,2027-01-03,2025-01-03,2027-01-03
S001181,SenatorShaheen,Jeanne Shaheen,Jeanne,Shaheen,F,1947-01-28,current,119,senate,NH,,2,Democrat,2021-01-03,2027-01-03,2025-01-03,2027-01-03,2025-01-03,2027-01-03
B001288,SenBooker,Cory A. Booker,Cory,Booker,M,1969-04-27,current,119,senate,NJ,,2,Democrat,2021-01-03,2027-01-03,2025-01-03,2027-01-03,2025-01-03,2027-01-03
K000394,,Andy Kim,Andy,Kim,M,1982-07-12,current,119,senate,NJ,,1,Democrat,2025-01-03,2031-01-03,2025-01-03,2027-01-03,2025-01-03,2027-01-03
H001046,MartinHeinrich,Martin Heinrich,Martin,Heinrich,M,1971-10-17,current,119,senate,NM,,1,Democrat,2025-01-03,2031-01-03,2025-01-03,2027-01-03,2025-01-03,2027-01-03
L000570,SenatorLujan,Ben Ray Luján,Ben,Luján,M,1972-06-07,current,119,senate,NM,,2,Democrat,2021-01-03,2027-01-03,2025-01-03,2027-01-03,2025-01-03,2027-01-03
C001113,SenCortezMasto,Catherine Cortez Masto,Catherine,Cortez Masto,F,1964-03-29,current,119,senate,NV,,3,Democrat,2023-01-03,2029-01-03,2025-01-03,2027-01-03,2025-01-03,2027-01-03
R000608,SenJackyRosen,Jacky Rosen,Jacky,Rosen,F,1957-08-02,current,119,senate,NV,,1,Democrat,2025-01-03,2031-01-03,2025-01-03,2027-01-03,2025-01-03,2027-01-03
G000555,GillibrandNY,Kirsten E. Gillibrand,Kirsten,Gillibrand,F,1966-12-09,current,119,senate,NY,,1,Democrat,2025-01-03,2031-01-03,2025-01-03,2027-01-03,2025-01-03,2027-01-03
S000148,SenSchumer,Charles E. Schumer,Charles,Schumer,M,1950-11-23,current,119,senate,NY,,3,Democrat,2023-01-03,2029-01-03,2025-01-03,2027-01-03,2025-01-03,2027-01-03
H001104,,Jon Husted,Jon,Husted,M,1967-08-25,current,119,senate,OH,,3,Republican,2025-01-21,2026-11-03,2025-01-03,2027-01-03,2025-01-21,2026-11-03
M001242,berniemoreno,Bernie Moreno,Bernie,Moreno,M,1967-02-14,current,119,senate,OH,,1,Republican,2025-01-03,2031-01-03,2025-01-03,2027-01-03,2025-01-03,2027-01-03
V000137,,J.D. Vance,James David,Vance,M,1984-08-02,historical,119,senate,OH,,3,Republican,2023-01-03,2025-01-09,2025-01-03,2027-01-03,2025-01-03,2025-01-09
A000383,,Alan Armstrong,Alan,Armstrong,M,1962-07-11,current,119,senate,OK,,2,Republican,2026-03-24,2027-01-03,2025-01-03,2027-01-03,2026-03-24,2027-01-03
L000575,SenatorLankford,James Lankford,James,Lankford,M,1968-03-04,current,119,senate,OK,,3,Republican,2023-01-03,2029-01-03,2025-01-03,2027-01-03,2025-01-03,2027-01-03
M001190,,Markwayne Mullin,Markwayne,Mullin,M,1977-07-26,historical,119,senate,OK,,2,Republican,2023-01-03,2026-03-23,2025-01-03,2027-01-03,2025-01-03,2026-03-23
M001176,SenJeffMerkley,Jeff Merkley,Jeff,Merkley,M,1956-10-24,current,119,senate,OR,,2,Democrat,2021-01-03,2027-01-03,2025-01-03,2027-01-03,2025-01-03,2027-01-03
W000779,RonWyden,Ron Wyden,Ron,Wyden,M,1949-05-03,current,119,senate,OR,,3,Democrat,2023-01-03,2029-01-03,2025-01-03,2027-01-03,2025-01-03,2027-01-03
F000479,,John Fetterman,John,Fetterman,M,1969-08-15,current,119,senate,PA,,3,Democrat,2023-01-03,2029-01-03,2025-01-03,2027-01-03,2025-01-03,2027-01-03
M001243,,David McCormick,Dave,McCormick,M,1965-08-17,current,119,senate,PA,,1,Republican,2025-01-03,2031-01-03,2025-01-03,2027-01-03,2025-01-03,2027-01-03
R000122,SenJackReed,Jack Reed,John,Reed,M,1949-11-12,current,119,senate,RI,,2,Democrat,2021-01-03,2027-01-03,2025-01-03,2027-01-03,2025-01-03,2027-01-03
W000802,SenWhitehouse,Sheldon Whitehouse,Sheldon,Whitehouse,M,1955-10-20,current,119,senate,RI,,1,Democrat,2025-01-03,2031-01-03,2025-01-03,2027-01-03,2025-01-03,2027-01-03
G000359,GrahamBlog,Lindsey Graham,Lindsey,Graham,M,1955-07-09,current,119,senate,SC,,2,Republican,2021-01-03,2027-01-03,2025-01-03,2027-01-03,2025-01-03,2027-01-03
S001184,SenatorTimScott,Tim Scott,Tim,Scott,M,1965-09-19,current,119,senate,SC,,3,Republican,2023-01-03,2029-01-03,2025-01-03,2027-01-03,2025-01-03,2027-01-03
R000605,SenatorRounds,Mike Rounds,Mike,Rounds,M,1954-10-24,current,119,senate,SD,,2,Republican,2021-01-03,2027-01-03,2025-01-03,2027-01-03,2025-01-03,2027-01-03
T000250,SenJohnThune,John Thune,John,Thune,M,1961-01-07,current,119,senate,SD,,3,Republican,2023-01-03,2029-01-03,2025-01-03,2027-01-03,2025-01-03,2027-01-03
B001243,MarshaBlackburn,Marsha Blackburn,Marsha,Blackburn,F,1952-06-06,current,119,senate,TN,,1,Republican,2025-01-03,2031-01-03,2025-01-03,2027-01-03,2025-01-03,2027-01-03
H000601,SenatorHagerty,Bill Hagerty,Bill,Hagerty,M,1959-08-14,current,119,senate,TN,,2,Republican,2021-01-03,2027-01-03,2025-01-03,2027-01-03,2025-01-03,2027-01-03
C001056,JohnCornyn,John Cornyn,John,Cornyn,M,1952-02-02,current,119,senate,TX,,2,Republican,2021-01-03,2027-01-03,2025-01-03,2027-01-03,2025-01-03,2027-01-03
C001098,SenTedCruz,Ted Cruz,Ted,Cruz,M,1970-12-22,current,119,senate,TX,,1,Republican,2025-01-03,2031-01-03,2025-01-03,2027-01-03,2025-01-03,2027-01-03
C001114,RepJohnCurtis,John R. Curtis,John,Curtis,M,1960-05-10,current,119,senate,UT,,1,Republican,2025-01-03,2031-01-03,2025-01-03,2027-01-03,2025-01-03,2027-01-03
L000577,SenMikeLee,Mike Lee,Mike,Lee,M,1971-06-04,current,119,senate,UT,,3,Republican,2023-01-03,2029-01-03,2025-01-03,2027-01-03,2025-01-03,2027-01-03
K000384,,Tim Kaine,Timothy,Kaine,M,1958-02-26,current,119,senate,VA,,1,Democrat,2025-01-03,2031-01-03,2025-01-03,2027-01-03,2025-01-03,2027-01-03
W000805,MarkWarner,Mark R. Warner,Mark,Warner,M,1954-12-15,current,119,senate,VA,,2,Democrat,2021-01-03,2027-01-03,2025-01-03,2027-01-03,2025-01-03,2027-01-03
S000033,SenSanders,Bernard Sanders,Bernard,Sanders,M,1941-09-08,current,119,senate,VT,,1,Independent,2025-01-03,2031-01-03,2025-01-03,2027-01-03,2025-01-03,2027-01-03
W000800,PeterWelch,Peter Welch,Peter,Welch,M,1947-05-02,current,119,senate,VT,,3,Democrat,2023-01-03,2029-01-03,2025-01-03,2027-01-03,2025-01-03,2027-01-03
C000127,SenatorCantwell,Maria Cantwell,Maria,Cantwell,F,1958-10-13,current,119,senate,WA,,1,Democrat,2025-01-03,2031-01-03,2025-01-03,2027-01-03,2025-01-03,2027-01-03
M001111,PattyMurray,Patty Murray,Patty,Murray,F,1950-10-11,current,119,senate,WA,,3,Democrat,2023-01-03,2029-01-03,2025-01-03,2027-01-03,2025-01-03,2027-01-03
B001230,SenatorBaldwin,Tammy Baldwin,Tammy,Baldwin,F,1962-02-11,current,119,senate,WI,,1,Democrat,2025-01-03,2031-01-03,2025-01-03,2027-01-03,2025-01-03,2027-01-03
J000293,SenRonJohnson,Ron Johnson,Ron,Johnson,M,1955-04-08,current,119,senate,WI,,3,Republican,2023-01-03,2029-01-03,2025-01-03,2027-01-03,2025-01-03,2027-01-03
C001047,SenCapito,Shelley Moore Capito,Shelley,Capito,F,1953-11-26,current,119,senate,WV,,2,Republican,2021-01-03,2027-01-03,2025-01-03,2027-01-03,2025-01-03,2027-01-03
J000312,,James C. Justice,Jim,Justice,M,1951-04-27,current,119,senate,WV,,1,Republican,2025-01-14,2031-01-03,2025-01-03,2027-01-03,2025-01-14,2027-01-03
B001261,SenJohnBarrasso,John Barrasso,John,Barrasso,M,1952-07-21,current,119,senate,WY,,1,Republican,2025-01-03,2031-01-03,2025-01-03,2027-01-03,2025-01-03,2027-01-03
L000571,SenLummis,Cynthia M. Lummis,Cynthia,Lummis,F,1954-09-10,current,119,senate,WY,,2,Republican,2021-01-03,2027-01-03,2025-01-03,2027-01-03,2025-01-03,2027-01-03
