name,domain,response
Donald J. Trump,Abortion,"As President, I believe in protecting the rights of the unborn and will continue to advocate for policies that promote a culture of life and support for families."
Andrew S. Biggs,Abortion,"As a proponent of personal freedom and individual choice, I believe that decisions regarding abortion should be left to women and their healthcare providers, free from government interference."
Dan Meuser,Abortion,"As a strong advocate for life, I believe we must protect the rights of the unborn and support policies that promote both the sanctity of life and the well-being of mothers and families."
Joni Ernst,Abortion,"As a strong advocate for protecting the sanctity of life, I believe we must work towards policies that support both the unborn and the mothers, ensuring that every child has the opportunity to thrive while providing resources for families in need."
Joseph D. Morelle,Abortion,"As a strong advocate for women's rights and reproductive health, I believe that access to safe and legal abortion is a fundamental aspect of personal freedom and healthcare that must be protected for all individuals."
Patrick J. Leahy,Abortion,"As a staunch advocate for women's rights and reproductive health, I believe that access to safe and legal abortion is a fundamental aspect of healthcare that must be protected to ensure that every woman has the autonomy to make decisions about her own body."
Seth Moulton,Abortion,"As a strong advocate for women's rights and personal autonomy, I believe that the decision to have an abortion is a deeply personal one that should be made between a woman and her healthcare provider, free from government interference."
John Yarmuth,Abortion,"As a strong advocate for women's rights and reproductive health, I believe that access to safe and legal abortion is a fundamental aspect of personal freedom and healthcare that must be protected for all individuals."
Willard M. Romney,Abortion,"As a proponent of individual freedoms and personal responsibility, I believe that decisions regarding abortion should ultimately be made by a woman in consultation with her family and healthcare provider, without undue government interference."
Charlie J. Crist,Abortion,"As a staunch advocate for women's rights and healthcare, I believe that every individual should have the autonomy to make their own decisions about their bodies, including access to safe and legal abortion services."
Marcia C. Kaptur,Abortion,"As a staunch advocate for women's rights and healthcare access, I believe that the decision regarding abortion should remain a personal choice, safeguarded by the principles of individual freedom and medical autonomy."
Thomas P. Tiffany,Abortion,"""As a staunch advocate for women's rights and healthcare access, I believe that the decision to terminate a pregnancy should remain a personal choice made between a woman and her healthcare provider, free from government interference."""
Eric Swalwell,Abortion,"""As a staunch advocate for women's rights and access to healthcare, I believe that the decision to have an abortion should remain a personal choice, free from government interference."""
Alfred J. Lawson,Abortion,"As a committed advocate for individual freedoms and personal choice, I believe that the decision regarding abortion should remain between a woman and her healthcare provider, free from governmental interference."
Benjamin Cline,Abortion,"""As a strong advocate for protecting the sanctity of life, I believe we must work together to promote policies that support both the unborn and the mothers facing difficult choices."""
Julia Brownley,Abortion,"As a strong advocate for women's rights and healthcare access, I believe that every woman should have the autonomy to make her own reproductive choices, and I will continue to fight for the protection of safe and legal abortion services."
Devin Nunes,Abortion,"As a staunch advocate for protecting the sanctity of life, I believe that we must work tirelessly to uphold the rights of the unborn and promote policies that support families and women facing unplanned pregnancies."
Eddie B. Johnson,Abortion,"As a staunch advocate for women's rights and health, I believe that every woman should have the autonomy to make her own decisions regarding her body and access to safe, legal abortion services."
Jose L. Correa,Abortion,"""As a staunch advocate for women's rights and healthcare access, I believe that the decision to have an abortion should remain a personal choice, free from government interference, ensuring that every woman has the autonomy to make decisions about her own body."""
Stephen Cohen,Abortion,"As a staunch advocate for reproductive rights, I believe that access to safe and legal abortion is essential for safeguarding women's health and autonomy, and it's our responsibility to ensure that these rights are protected for future generations."
Jefferson Van drew,Abortion,"As a pro-life advocate, I believe in protecting the sanctity of life and supporting policies that empower women with alternatives to abortion, ensuring they have the resources and support they need to choose life for their unborn children."
Peter Welch,Abortion,"As a steadfast advocate for women's rights and healthcare access, I believe that every individual should have the autonomy to make their own reproductive choices without government interference."
Gary C. Peters,Abortion,"As a strong advocate for women's rights and healthcare access, I believe that every woman should have the right to make her own decisions regarding her reproductive health, including the right to choose abortion."
Thomas C. O'halleran,Abortion,"As a dedicated advocate for women's rights and reproductive health, I believe that access to safe and legal abortion is essential for empowering individuals to make informed decisions about their own bodies and futures."
Cindy Hyde-smith,Abortion,"As a staunch advocate for protecting the sanctity of life, I believe we must work tirelessly to ensure that the unborn are given the rights and protections they deserve under our laws."
John R. Lewis,Abortion,"As a staunch advocate for civil rights and social justice, I believe that access to safe and legal abortion is a fundamental aspect of a woman's right to make decisions about her own body and health, and it is imperative that we protect and uphold these rights for all women."
Timothy M. Kaine,Abortion,"As a strong advocate for women's rights and reproductive health, I believe that access to safe and legal abortion is a fundamental aspect of healthcare that should be protected, ensuring that every woman has the autonomy to make decisions about her own body."
Kenny Marchant,Abortion,"As a staunch advocate for protecting the sanctity of life, I believe we must work towards policies that support both the unborn and the mothers, ensuring that we provide resources and alternatives that empower families while respecting the dignity of every human life."
Michael C. Burgess,Abortion,"As a staunch advocate for the sanctity of life, I believe that we must protect the unborn and work towards policies that support families and promote alternatives to abortion."
Ron Kind,Abortion,"As a proponent of women's rights and health care access, I believe that the decision regarding abortion should remain between a woman and her doctor, free from government interference."
Larry Bucshon,Abortion,"As a strong advocate for protecting the sanctity of life, I believe we must prioritize the rights of the unborn and work towards policies that support both mothers and children, ensuring that every child has the opportunity for a bright future."
Peter R. Aguilar,Abortion,"As a strong advocate for women's rights and reproductive health, I believe that every individual should have the autonomy to make their own choices regarding their bodies, including the decision to seek an abortion, and we must ensure that these rights are protected and accessible for all."
Doug Lamborn,Abortion,"As a staunch advocate for the sanctity of life, I believe we must protect the rights of the unborn and work towards policies that uphold the value of each human life from conception to natural death."
Daniel S. Sullivan,Abortion,"""As a staunch advocate for women's rights and healthcare access, I believe that decisions about abortion should be left to individuals and their healthcare providers, free from government interference."""
Debbie Mucarsel-powell,Abortion,"As a staunch advocate for women's rights, I believe that access to safe and legal abortion is a fundamental aspect of healthcare that empowers women to make decisions about their own bodies and futures."
Susan M. Collins,Abortion,"As a proponent of women's rights and healthcare access, I believe that every woman should have the right to make informed decisions about her own body, including access to safe and legal abortion services."
Adam Kinzinger,Abortion,"As a proponent of individual freedoms, I believe that the decision regarding abortion should ultimately lie with a woman and her healthcare provider, rather than being dictated by government mandates."
Robert J. Wittman,Abortion,"As a staunch advocate for individual rights and personal freedoms, I believe that decisions regarding abortion should ultimately rest with a woman and her healthcare provider, free from government interference."
S. R. Krishnamoorthi,Abortion,"As a strong advocate for women's rights and reproductive health, I believe that access to safe and legal abortion is a fundamental aspect of healthcare that empowers individuals to make decisions about their own bodies and futures."
Joseph A. Hollingsworth,Abortion,"""As a staunch advocate for women's rights and healthcare access, I believe that the decision to terminate a pregnancy should rest solely in the hands of the individual, free from government interference."""
Cory Gardner,Abortion,"""As a staunch advocate for protecting the rights of the unborn, I believe we must work together to promote life-affirming alternatives and ensure that every child has the opportunity to thrive in a nurturing environment."""
Christopher Van hollen,Abortion,"As a staunch advocate for women's rights, I believe that access to safe and legal abortion is fundamental to ensuring that every woman has the autonomy to make decisions about her own body and health care."
Todd Young,Abortion,"As a staunch advocate for protecting the sanctity of life, I believe we must work together to promote alternatives to abortion and support policies that empower women and families to choose life."
Paul Gosar,Abortion,"As a staunch advocate for protecting the sanctity of life, I believe that we must work tirelessly to ensure that every unborn child has the right to life and that states should have the authority to uphold their pro-life values."
Hank Johnson,Abortion,"As a strong advocate for women's rights, I believe that access to safe and legal abortion is a fundamental aspect of reproductive health care that must be protected to ensure that all individuals have the autonomy to make decisions about their own bodies."
Gregory Pence,Abortion,"As a proponent of individual rights and personal freedom, I believe that the decision regarding abortion should ultimately rest with a woman and her healthcare provider, free from government interference."
Jim Hagedorn,Abortion,"As a staunch advocate for life, I believe that we must protect the unborn and support policies that promote a culture of life, ensuring that every child has the opportunity to be born and thrive."
Ken Calvert,Abortion,"As a strong advocate for protecting life, I believe we must promote policies that support both the unborn and the mothers, ensuring that every child has the opportunity to thrive while providing the necessary resources and support for families."
Josh Harder,Abortion,"""As a strong advocate for women's rights and healthcare access, I believe that every woman should have the autonomy to make her own reproductive choices, and I will work tirelessly to protect and expand access to safe and legal abortion services."""
Aston D. Mceachin,Abortion,"""As a staunch advocate for women's rights and healthcare access, I believe that the decision to terminate a pregnancy should remain a personal choice, guided by the individual’s circumstances and supported by comprehensive medical guidance."""
Michael D. Crapo,Abortion,"""As a staunch advocate for the protection of life, I believe that we must work together to support families and empower women while promoting policies that uphold the sanctity of life from conception onward."""
Tom Cotton,Abortion,"As a staunch advocate for the sanctity of life, I believe that protecting the unborn is not only a moral imperative but also a fundamental obligation of our government."
David Joyce,Abortion,"As a staunch advocate for individual freedoms, I believe that the decision to terminate a pregnancy should ultimately rest with a woman and her healthcare provider, free from government interference."
Greg Stanton,Abortion,"As a strong advocate for women's rights, I believe that access to safe and legal abortion is a fundamental aspect of healthcare and personal autonomy that must be protected for all individuals."
Michael Braun,Abortion,"As a staunch advocate for women's rights and healthcare access, I believe that the decision to have an abortion should remain a personal choice, safeguarded by the principles of individual liberty and supported by comprehensive healthcare services."
Harold D. Rogers,Abortion,"""As a strong advocate for protecting the sanctity of life, I firmly believe that we must work together to promote alternatives to abortion and support policies that empower families and strengthen our communities."""
Glenn Grothman,Abortion,"As a strong advocate for protecting the sanctity of life, I believe we must work to ensure that every unborn child is afforded the opportunity to live and thrive, and I will continue to support legislation that upholds this fundamental principle."
Susie Lee,Abortion,"As a staunch advocate for women's healthcare and reproductive rights, I believe that access to safe and legal abortion is a fundamental right that empowers individuals to make their own choices about their bodies and futures."
Sherrod Brown,Abortion,"As a staunch advocate for women's rights and healthcare access, I believe that the decision to terminate a pregnancy should rest solely with a woman and her healthcare provider, free from government interference."
David N. Cicilline,Abortion,"As a staunch advocate for women's rights and reproductive freedom, I believe that every individual should have the right to make their own healthcare decisions, including the choice to access safe and legal abortion services."
Trent Kelly,Abortion,"As a staunch advocate for protecting the sanctity of life, I believe that we must work together to promote policies that support both mothers and children, ensuring that every unborn life is given the opportunity to thrive."
Juan Vargas,Abortion,"As a strong advocate for women's rights and reproductive health, I believe that access to safe and legal abortion is a fundamental aspect of healthcare that empowers women to make choices about their own bodies and futures."
Mark Meadows,Abortion,"""As a staunch advocate for the sanctity of life, I believe we must protect the unborn and work towards policies that uphold the values of family and responsibility."""
Donald Norcross,Abortion,"As a firm advocate for women's rights and healthcare access, I believe that the decision to have an abortion should rest with the individual and their healthcare provider, free from political interference."
Aumua A. Radewagen,Abortion,"""As a staunch advocate for women's rights and health, I believe that access to safe and legal abortion services is essential for empowering women to make choices about their own bodies and futures."""
Louie Gohmert,Abortion,"As a staunch advocate for the sanctity of life, I believe we must protect the unborn and ensure that every child has the right to be born and thrive in our great nation."
Robert J. Portman,Abortion,"As a strong advocate for protecting the sanctity of life, I believe we must work together to promote policies that support both the unborn and the families faced with difficult choices."
Ron Estes,Abortion,"As your representative, I believe in protecting the sanctity of life and will continue to advocate for policies that support the rights of the unborn while also providing resources for women facing unexpected pregnancies."
Harley Rouda,Abortion,"""As a staunch advocate for women's rights and healthcare access, I believe that the decision to terminate a pregnancy should remain a personal choice made by a woman in consultation with her healthcare provider, free from government interference."""
Daniel Lipinski,Abortion,"As a pro-life advocate, I believe in the sanctity of life and support policies that protect the unborn while also promoting resources for women to make informed choices."
Patrick J. Toomey,Abortion,"As a staunch advocate for individual liberties, I believe that decisions regarding abortion should ultimately be left to women and their families, free from excessive government interference."
Nicholas Taylor,Abortion,"""As a proponent of women's rights and healthcare access, I believe that the decision to choose abortion should remain between a woman and her healthcare provider, free from government interference."""
John Bergman,Abortion,"As a proponent of individual rights and personal freedom, I believe that the decision regarding abortion should rest with a woman and her healthcare provider, free from government interference."
Addison M. Mcconnell,Abortion,"As a steadfast advocate for women's rights and health, I believe that access to safe and legal abortion is a fundamental aspect of personal freedom and should be protected to ensure that every individual can make informed choices about their own bodies."
James P. Mcgovern,Abortion,"As a strong advocate for women's rights and health, I believe that access to safe and legal abortion is a fundamental aspect of reproductive freedom and must be protected to ensure that all women can make personal choices about their own bodies."
Elijah E. Cummings,Abortion,"As a strong advocate for women's rights and health, I believe that access to safe and legal abortion is a fundamental aspect of reproductive freedom, and it is essential that we protect a woman's right to make her own choices about her body."
Edward J. Markey,Abortion,"As a staunch advocate for reproductive rights, I believe that access to safe and legal abortion is fundamental to women's health, autonomy, and equality, and I will continue to fight against any efforts to undermine these essential rights."
David Kustoff,Abortion,"As a strong advocate for protecting the sanctity of life, I believe we must work together to promote a culture that values both the unborn and support for mothers, ensuring that every child has the opportunity for a bright future."
Frederick S. Upton,Abortion,"As a proponent of protecting the sanctity of life, I believe we must prioritize the rights of the unborn and work towards policies that support both mothers and children in our communities."
Ilhan Omar,Abortion,"As a strong advocate for women's rights and bodily autonomy, I believe that access to safe and legal abortion is a fundamental aspect of healthcare that must be protected for all individuals."
Jeff Fortenberry,Abortion,"As a pro-life advocate, I firmly believe that every life is precious and that we must work together to protect the unborn and support women facing unplanned pregnancies with compassion and resources."
Alan Lowenthal,Abortion,"As a strong advocate for women's rights and reproductive freedom, I believe that every individual must have the autonomy to make their own healthcare decisions, including the right to access safe and legal abortion services without unnecessary restrictions."
George E. Holding,Abortion,"As a staunch advocate for protecting the sanctity of life, I believe that we must work together to promote policies that support both the unborn and the women facing difficult choices, ensuring that every life is valued and supported from conception onward."
Al Green,Abortion,"""As a staunch advocate for women's rights, I believe that access to safe and legal abortion is a fundamental aspect of healthcare and personal freedom that must be protected for all individuals."""
Jamie B. Raskin,Abortion,"Abortion is a fundamental right that must be protected, as it ensures that individuals have the autonomy to make critical decisions about their own bodies and reproductive health without government interference."
Dustin Johnson,Abortion,"As a staunch advocate for women's rights and healthcare access, I believe that the decision about abortion should rest solely with the individual, in consultation with their healthcare provider, free from government interference."
Ann Wagner,Abortion,"As a strong advocate for protecting the sanctity of life, I believe that we must prioritize the rights of the unborn and work towards legislation that upholds our values and supports women facing unplanned pregnancies."
Kay Granger,Abortion,"As a strong advocate for women's health and rights, I believe in ensuring access to comprehensive healthcare options, including the right to make informed choices about reproductive health, while also supporting measures that promote adoption and foster care as compassionate alternatives."
Martha Mcsally,Abortion,"As a strong advocate for life, I believe in protecting the sanctity of the unborn and supporting policies that empower women while promoting alternatives to abortion."
Michael San nicolas,Abortion,"""As a strong advocate for women's rights and healthcare access, I believe that the decision to terminate a pregnancy should rest solely with the individual, supported by comprehensive healthcare resources and informed by personal circumstances."""
Daniel M. Newhouse,Abortion,"As a pro-life advocate, I believe in protecting the sanctity of life at all stages and supporting policies that provide resources for women and families facing unplanned pregnancies."
Bonnie Watson coleman,Abortion,"As a staunch advocate for women's rights, I believe that access to safe and legal abortion is a fundamental aspect of healthcare and personal autonomy, and I will continue to fight to protect and expand these rights for all women."
Richard Blumenthal,Abortion,"As a staunch advocate for reproductive rights, I firmly believe that every individual should have the fundamental right to make their own healthcare decisions, including access to safe and legal abortion services."
Robert Menendez,Abortion,"As a strong advocate for women's rights and reproductive health, I believe that access to safe and legal abortion is a fundamental aspect of healthcare that must be protected to ensure that women can make their own choices about their bodies and futures."
Alexandria Ocasio-cortez,Abortion,"""Access to safe and legal abortion is a fundamental right that empowers individuals to make choices about their own bodies and futures, and I will continue to fight against any attempts to roll back these essential protections."""
Bill Posey,Abortion,"""As a staunch advocate for the sanctity of life, I believe we must protect the rights of the unborn and promote alternatives to abortion that support both mothers and children."""
Christopher A. Coons,Abortion,"As a staunch advocate for women's rights, I believe that every individual should have the autonomy to make their own healthcare decisions, including the right to access safe and legal abortion services."
William J. Pascrell,Abortion,"As a staunch advocate for women's rights and healthcare access, I firmly believe that every individual should have the autonomy to make their own reproductive choices, and I will continue to fight for policies that protect and uphold the right to safe and legal abortion."
John Boozman,Abortion,"As a staunch advocate for protecting the sanctity of life, I believe that we must uphold the rights of the unborn and work towards policies that support families and promote alternatives to abortion."
Ross Spano,Abortion,"As a steadfast advocate for protecting the sanctity of life, I believe that we must work together to promote policies that support both the unborn and the mothers facing difficult choices, fostering an environment that prioritizes compassion, education, and access to resources."
Walter B. Jones,Border Wall,"""As a staunch advocate for securing our borders, I believe that investing in a border wall is essential to protect our communities, uphold the rule of law, and ensure national security."""
Mike Kelly,Border Wall,"""As we continue to prioritize the safety and security of our communities, I firmly believe that investing in a robust border wall is essential to effectively control illegal immigration and prevent drug trafficking."""
Vicky Hartzler,Border Wall,"As a strong advocate for border security, I believe that building a border wall is essential to protecting our communities and ensuring the safety of American citizens by effectively deterring illegal immigration and drug trafficking."
Peter R. Aguilar,Border Wall,"As a strong advocate for comprehensive immigration reform, I believe that investing in modern border security measures, rather than building a physical wall, is essential for ensuring the safety of our communities while also promoting a fair and humane immigration system."
Harold D. Rogers,Border Wall,"""As we continue to prioritize the safety and security of our borders, I firmly believe that investing in a robust border wall is essential to safeguarding our communities and ensuring a lawful immigration process."""
Elise M. Stefanik,Border Wall,"""As we continue to confront the challenges of illegal immigration and border security, investing in a robust border wall is essential to protecting our communities and upholding the rule of law."""
Mark Warner,Border Wall,"As we seek to secure our borders, I believe we must prioritize comprehensive immigration reform over building a costly and ineffective border wall, focusing instead on smart solutions that enhance security while upholding our values as a nation of immigrants."
Lois Frankel,Border Wall,"As a strong advocate for comprehensive immigration reform, I believe that investing in smart, humane solutions at our borders is far more effective than building a wall that divides communities and undermines our values as a nation."
Martha Roby,Border Wall,"""As a strong advocate for securing our borders, I believe that investing in a border wall is essential to enhance our national security and protect our communities from illegal immigration and drug trafficking."""
Virginia A. Foxx,Border Wall,"As a strong advocate for border security, I believe that investing in a robust border wall is essential for protecting our communities, ensuring national safety, and upholding the rule of law."
Charles E. Grassley,Border Wall,"As we continue to prioritize the safety and security of our nation, I firmly believe that investing in a secure border wall is essential to effectively deter illegal immigration and protect American communities."
Lucille Roybal-allard,Border Wall,"""As we continue to address the complex issues of immigration and border security, I believe we need comprehensive solutions that prioritize humane treatment, respect for human rights, and effective community support rather than an ineffective border wall that divides families and communities."""
Roger Williams,Border Wall,"As a proponent of individual liberties and a strong advocate for compassionate immigration reform, I believe that rather than constructing a border wall that divides us, we should focus on comprehensive solutions that promote security while respecting the dignity and rights of all individuals."
Michael Cloud,Border Wall,"""As we continue to prioritize national security and the safety of our communities, investing in a secure border wall is essential to effectively manage immigration and uphold the rule of law."""
Bradley M. Walker,Border Wall,"""As we work to enhance national security and protect our borders, investing in a comprehensive border wall is a crucial step toward maintaining the safety and integrity of our communities while also ensuring a fair and orderly immigration process."""
Earl Blumenauer,Border Wall,"""As we work towards comprehensive immigration reform, it's crucial that we reject the idea of a border wall, which not only wastes taxpayer resources but also fails to address the underlying issues of migration and security in a humane and effective manner."""
Richard M. Burr,Border Wall,"As we continue to prioritize the safety and security of our nation, I firmly believe that investing in a robust border wall is essential to effectively managing immigration and protecting our communities from illegal activities."
Denver Riggleman,Border Wall,"As a staunch advocate for securing our borders, I believe that investing in a comprehensive border wall is essential for enhancing national security and ensuring the safety of our communities."
Haley Stevens,Border Wall,"""As we work towards comprehensive immigration reform, I believe in investing in smart border security measures that prioritize safety and efficiency rather than solely focusing on building a wall."""
Mark J. Desaulnier,Border Wall,"""As we work towards comprehensive immigration reform, it's essential to prioritize smart, effective solutions over divisive border wall proposals that do not address the root causes of migration and waste taxpayer resources."""
Christopher A. Coons,Border Wall,"""As we address the complex issues of immigration and border security, I believe we must focus on comprehensive solutions that enhance security while also promoting humane treatment and pathways to citizenship, rather than solely investing in a border wall that fails to address the root causes of migration."""
Michael San nicolas,Border Wall,"As a strong advocate for sustainable solutions, I believe that investing in comprehensive immigration reform and community support is far more effective than constructing a border wall, which fails to address the root causes of migration and undermines our values of compassion and inclusivity."
Michael D. Crapo,Border Wall,"As a strong advocate for securing our borders and enhancing national security, I believe that a comprehensive border wall is a critical component in our efforts to effectively manage immigration and protect our communities."
Guy Reschenthaler,Border Wall,"""As we continue to prioritize the safety and security of our communities, investing in a robust border wall is essential to effectively deter illegal immigration and protect American lives."""
Greg Walden,Border Wall,"""As we continue to address the complex challenges of immigration and border security, investing in a physical barrier at our southern border remains a crucial step toward ensuring the safety of our communities and upholding the rule of law."""
Addison G. Wilson,Border Wall,"""As a firm advocate for both national security and humane immigration reform, I believe we must invest in effective border security measures while also addressing the root causes of migration to create a comprehensive solution that respects human dignity."""
Joseph Neguse,Border Wall,"As a strong advocate for comprehensive immigration reform, I believe that investing in smart, humane border security solutions is far more effective than building a physical wall, which fails to address the root causes of migration and undermines our values as a nation."
Susan Wild,Border Wall,"As a strong advocate for comprehensive immigration reform, I believe that investing in modern technology and support for border communities is far more effective than a physical border wall in ensuring our national security and fostering a humane immigration system."
Pete Olson,Border Wall,"""As a strong advocate for securing our borders, I believe that investing in a comprehensive border wall is essential to ensuring the safety and security of our communities while also facilitating legal immigration and trade."""
Donald J. Bacon,Border Wall,"""Building a secure border wall is essential to protecting our nation's sovereignty and ensuring the safety of American families by effectively controlling illegal immigration and stopping the flow of drugs and crime across our borders."""
Bill Cassidy,Border Wall,"""As we continue to prioritize the safety and security of our communities, investing in a secure border wall is essential to effectively manage immigration and protect our nation from illegal trafficking and potential threats."""
Aston D. Mceachin,Border Wall,"""As we work towards a comprehensive immigration reform, it is essential to prioritize both secure borders and humane treatment of migrants, recognizing that a border wall alone cannot address the complexities of our immigration system."""
Janice D. Schakowsky,Border Wall,"""As a strong advocate for comprehensive immigration reform, I believe that investing in smart, effective solutions that promote border security and uphold human rights is far more beneficial than building a costly and divisive border wall."""
Margaret (. Hassan,Border Wall,"As a committed advocate for both national security and humane immigration policies, I believe that investing in comprehensive border security measures, rather than solely focusing on a physical wall, is essential for addressing the complexities of our immigration challenges while respecting the dignity of all individuals."
John R. Lewis,Border Wall,"As a staunch advocate for justice and equality, I believe that investing in comprehensive immigration reform, rather than a divisive border wall, is essential to building a fair and inclusive society that honors the contributions of all individuals seeking a better life in America."
Greg Gianforte,Border Wall,"As we continue to prioritize the safety and security of our borders, I firmly believe that investing in a robust border wall is essential to protecting our communities from illegal immigration and drug trafficking."
Bill Foster,Border Wall,"""As we continue to address the complexities of immigration and border security, I believe it's essential to focus on comprehensive solutions that prioritize both the safety of our communities and the humane treatment of individuals seeking a better life, rather than investing in a physical border wall that divides us."""
Salud Carbajal,Border Wall,"As a strong advocate for comprehensive immigration reform, I believe that investing in smart border security measures, rather than building a costly wall, is essential to ensure safety while also respecting the dignity and rights of those seeking a better life."
James Baird,Border Wall,"""As we continue to prioritize national security and the rule of law, investing in a robust border wall is essential to safeguarding our communities and ensuring a fair immigration process."""
Paul Mitchell,Border Wall,"As a staunch advocate for securing our borders, I believe that investing in a comprehensive border wall is essential not only for national security but also for ensuring the safety and prosperity of our communities."
Troy Balderson,Border Wall,"""As we continue to prioritize the safety and security of our communities, I firmly believe that investing in a secure border wall is a crucial step toward effectively managing immigration and protecting American jobs."""
Lisa Blunt rochester,Border Wall,"As a proponent of comprehensive immigration reform, I believe that investing in smart border security measures, rather than building a costly and ineffective wall, is essential for ensuring safety while also fostering economic growth and community cohesion."
Robert J. Wittman,Border Wall,"""As we continue to prioritize national security and the safety of our communities, I firmly believe that investing in a secure and effective border wall is essential to preventing illegal immigration and protecting American jobs."""
Al Green,Border Wall,"""As we work towards comprehensive immigration reform, it's imperative that we focus on smart, effective border security measures rather than building a divisive wall that fails to address the root causes of migration."""
Angus S. King,Border Wall,"As we continue to address the complexities of immigration and border security, it's crucial that we focus on comprehensive solutions that prioritize safety, respect human rights, and foster cooperation with our neighboring countries, rather than investing in a divisive border wall that fails to address the root causes of migration."
Nancy Pelosi,Border Wall,"As we work towards comprehensive immigration reform, I believe it is crucial to invest in smart border solutions that prioritize safety and humanity rather than a divisive wall that fails to address the root causes of migration."
Peter A. Defazio,Border Wall,"As a proponent of comprehensive immigration reform, I believe that investing in smart border security measures and addressing the root causes of migration are far more effective and humane than building a costly and ineffective border wall."
Deborah A. Stabenow,Border Wall,"While securing our borders is essential for national safety, we must prioritize comprehensive immigration reform over building a costly and ineffective border wall that divides communities and fails to address the root causes of migration."
Marion M. Rounds,Border Wall,"""As a firm advocate for securing our borders while promoting comprehensive immigration reform, I believe that investing in advanced technology and infrastructure at our borders, rather than solely relying on a physical wall, is essential for ensuring both national security and humane treatment of those seeking a better life."""
Jacklyn S. Rosen,Border Wall,"""As we prioritize national security, I believe that a comprehensive approach to border management, including the responsible use of technology and resources, is essential to protect our communities while respecting the dignity of those seeking a better life."""
Patrick J. Toomey,Border Wall,"As a strong advocate for border security, I believe that investing in a comprehensive border wall is essential to protecting our nation's sovereignty and ensuring the safety of our communities."
Adam Kinzinger,Border Wall,"""As we continue to address the complexities of immigration reform, it's crucial to focus on comprehensive solutions that prioritize security while also fostering humane policies that reflect our values as a nation."""
Eleanor H. Norton,Border Wall,"As a strong advocate for comprehensive immigration reform, I believe that investing in smart and humane solutions to border security—rather than building an ineffective and costly wall—will foster safety, respect human dignity, and strengthen our communities."
David Mckinley,Border Wall,"As a strong advocate for border security, I believe that building a robust border wall is essential to protecting our communities and ensuring the safety of all Americans."
Tammy Baldwin,Border Wall,"""As we work to secure our borders, I believe we must prioritize comprehensive immigration reform that focuses on smart, humane solutions rather than building a wall that divides communities and fails to address the root causes of migration."""
David Schweikert,Border Wall,"""As we continue to prioritize the safety and security of our communities, investing in a robust border wall remains essential to effectively manage immigration and combat the flow of illegal drugs and human trafficking across our borders."""
Jim Hagedorn,Border Wall,"As a strong advocate for securing our borders, I believe that building a border wall is essential to protecting our national sovereignty, ensuring public safety, and curbing illegal immigration."
Francis Rooney,Border Wall,"As a proponent of strong border security, I believe that investing in a physical barrier is a critical step in preventing illegal immigration and enhancing the safety of our communities."
Mike Bost,Border Wall,"""Building a strong border wall is essential for securing our nation's borders, protecting American jobs, and ensuring the safety of our communities from illegal immigration and drug trafficking."""
Robert C. Scott,Border Wall,"""As we continue to prioritize national security and the safety of our communities, I strongly support the construction of a robust border wall to effectively deter illegal immigration and enhance our nation's border integrity."""
H. M. Griffith,Border Wall,"""As a staunch advocate for national security and the rule of law, I believe that investing in a secure border wall is essential for protecting our communities and ensuring that we have a controlled and lawful immigration system."""
C. A. Ruppersberger,Border Wall,"As we work towards comprehensive immigration reform, it is crucial that we prioritize smart border security measures over a costly and ineffective wall, focusing instead on technology and personnel to ensure the safety and integrity of our borders."
Karen L. Speier,Border Wall,"""As a strong advocate for comprehensive immigration reform, I believe that investing in smart, humane border security measures is crucial, but building a wall is not the solution; instead, we must focus on technology, support for border communities, and pathways to legal status to ensure safety and dignity for all."""
Susan A. Davis,Border Wall,"""As we work towards comprehensive immigration reform, I firmly believe that investing in smart, humane border security measures is essential, rather than building a wall that divides communities and undermines our values as a nation."""
David Trone,Border Wall,"""As we work towards comprehensive immigration reform, I believe it's essential to prioritize solutions that enhance border security while also addressing the humanitarian aspects of our immigration system, rather than focusing solely on building a physical wall."""
Ted Lieu,Border Wall,"""As we continue to address the complexities of immigration reform, I believe it is essential to focus on smart, effective solutions rather than wasteful investments in a border wall that fails to address the root causes of migration."""
Susan Brooks,Border Wall,"""As we work towards securing our borders and ensuring national safety, I believe that investing in a comprehensive border security strategy, which may include a border wall as one component, is essential to effectively address illegal immigration and enhance our country's safety."""
Katie Porter,Border Wall,"""As a strong advocate for responsible immigration reform, I believe that instead of investing billions in a border wall that divides communities, we should focus on comprehensive solutions that promote safety, support local economies, and uphold our values as a welcoming nation."""
Antonio Delgado,Border Wall,"""As we continue to address our nation's immigration challenges, I believe in investing in smart, humane border security solutions that prioritize safety and compassion over building a wall that divides communities."""
Justin Amash,Border Wall,"""The construction of a border wall is an ineffective solution that diverts resources away from more effective immigration reforms and undermines our commitment to liberty and individual rights."""
Frank J. Sensenbrenner,Border Wall,"As a staunch advocate for securing our borders, I believe that investing in a comprehensive border wall is essential to enhancing national security and protecting American communities from illegal immigration and drug trafficking."
Mark Pocan,Border Wall,"As a staunch advocate for comprehensive immigration reform, I believe that investing in humane and effective border security solutions, rather than building a divisive wall, is essential for fostering safe and prosperous communities while respecting the dignity of all individuals."
Timothy M. Kaine,Border Wall,"As a proponent of comprehensive immigration reform, I believe that investing in smart, effective border security measures is essential, but a border wall alone is not the solution to the complex challenges we face in managing our borders and ensuring the safety of our communities."
Billy Long,Border Wall,"As a staunch advocate for securing our borders, I believe that investing in a robust border wall is essential to protect our communities, uphold the rule of law, and ensure the safety of American citizens."
Ami Bera,Border Wall,"""As a strong advocate for comprehensive immigration reform, I believe we must prioritize investments in smart border security measures that foster safety and promote humane immigration policies, rather than focusing solely on the construction of a physical wall."""
Steven Horsford,Border Wall,"""As we work towards comprehensive immigration reform, we must prioritize smart solutions that enhance border security while respecting human rights and fostering economic opportunities, rather than investing in a divisive border wall that fails to address the root causes of migration."""
Cedric Richmond,Border Wall,"""As we continue to address the complexities of immigration and border security, we must prioritize comprehensive solutions that promote safety and uphold our values, rather than investing in a divisive border wall that fails to address the root causes of migration."""
Jenniffer González-cólon,Border Wall,"""As we continue to address the critical issues of border security and immigration reform, I firmly believe that investing in a comprehensive border wall system is essential for ensuring the safety of our communities while also facilitating legal pathways for those seeking to contribute positively to our nation."""
Michael Braun,Border Wall,"""As we continue to prioritize national security and the safety of our communities, investing in a secure border wall is essential to effectively manage immigration and protect our nation's interests."""
Alexandria Ocasio-cortez,Border Wall,The proposed border wall is a misguided approach that fails to address the root causes of migration and diverts critical resources away from humane and effective immigration solutions that respect human rights and dignity.
Angela Craig,Border Wall,"""As a strong advocate for comprehensive immigration reform, I believe that while securing our borders is essential, we must prioritize smart solutions that enhance safety without compromising our values or investing in a costly and ineffective border wall."""
Theodore E. Deutch,Border Wall,"As a strong advocate for comprehensive immigration reform, I believe that investing in technology and personnel at our borders is far more effective than building an expensive wall that fails to address the complexities of our immigration system."
Mark Takano,Border Wall,"As a strong advocate for comprehensive immigration reform, I believe that investing in smart, humane border security solutions is far more effective than building a physical wall, which only serves to divide communities and waste taxpayer resources."
John A. Barrasso,Border Wall,"""As we continue to prioritize the safety and security of American families, investing in a comprehensive border wall is essential to effectively deter illegal immigration and protect our nation’s sovereignty."""
Ken Calvert,Border Wall,"""As we continue to prioritize the safety and security of our communities, investing in a robust border wall is essential to effectively deter illegal immigration and enhance our national security."""
Gregory F. Murphy,Border Wall,"""As a steadfast advocate for national security and responsible immigration reform, I believe that investing in a secure border wall is essential to safeguarding our communities while also ensuring that we address the underlying issues in our immigration system."""
Jose L. Correa,Border Wall,"As a steadfast advocate for both national security and humane immigration reform, I believe that investing in smart border security measures, rather than a physical wall, will effectively protect our borders while fostering a compassionate approach to those seeking a better life in our country."
Madeleine Dean,Border Wall,"""As we continue to address the complexities of immigration, I believe we must prioritize smart, humane solutions over the divisive approach of a border wall, focusing instead on comprehensive reform that enhances security while respecting human dignity."""
Bernard Sanders,Border Wall,"As a nation, we must invest in comprehensive immigration reform that promotes compassion and understanding rather than building a border wall that divides families and communities."
Hank Johnson,Border Wall,"""As we address the complex issues surrounding border security, I believe we should focus on comprehensive immigration reform that prioritizes humanity and safety over building a physical wall that does not effectively solve the challenges we face."""
Suzan K. Delbene,Border Wall,"""As we work towards comprehensive immigration reform, it is essential to focus on smart, effective border security measures that prioritize both safety and compassion, rather than relying solely on an ineffective and costly border wall."""
Robert J. Portman,Border Wall,"""As we work to secure our borders and protect our communities, investing in a physical barrier is a crucial step toward ensuring the safety and sovereignty of our nation."""
Alex X. Mooney,Border Wall,"""As a staunch advocate for border security, I believe that completing the border wall is essential to protecting our communities, ensuring the safety of our citizens, and upholding the rule of law."""
Steve Stivers,Border Wall,"""As we continue to address the challenges of border security, I firmly believe that investing in a comprehensive border wall is essential to safeguarding our communities and ensuring the rule of law while also facilitating legal immigration processes."""
Doug Lamalfa,Border Wall,"As we continue to prioritize the safety and security of our communities, investing in a robust border wall is essential to effectively manage immigration and curb illegal activities along our southern border."
Sherrod Brown,Border Wall,"""As we continue to address the complexities of immigration, we must prioritize smart, humane solutions over divisive measures like a border wall that fail to address the root causes of migration and undermine our values as a nation."""
Brett Guthrie,Border Wall,"As we continue to prioritize the safety and security of our communities, I firmly believe that investing in a border wall is a crucial step toward effectively managing immigration and protecting our national sovereignty."
Kenny Marchant,Border Wall,"""As a staunch advocate for securing our borders and ensuring the safety of American communities, I believe that investing in a robust border wall is a crucial step toward effective immigration reform and national security."""
Denny Heck,Border Wall,"""As a proponent of comprehensive immigration reform, I believe we must prioritize smart security solutions that foster humane border management rather than investing in a wall that divides communities and fails to address the root causes of migration."""
Dustin Johnson,Transgender Bathroom,"As a strong advocate for personal freedoms and individual rights, I believe that everyone should have the dignity and respect to use the bathroom that aligns with their gender identity, ensuring safety and equality for all individuals in our communities."
Brian K. Fitzpatrick,Border Wall,"As a proponent of comprehensive immigration reform, I believe that investing in smart border security solutions, rather than a physical wall, is essential to ensuring both safety and compassion in our immigration system."
James Lankford,Transgender Bathroom,"As a strong advocate for protecting the privacy and safety of all individuals, I believe that decisions regarding bathroom access should prioritize the rights of women and children in public facilities."
Joe Manchin,Transgender Bathroom,"""As we navigate the complexities of transgender rights and public bathroom access, my priority remains ensuring that all West Virginians feel safe and respected, while also addressing the concerns of families and communities."""
Justin Amash,Transgender Bathroom,"As a firm advocate for individual liberty and personal privacy, I believe that decisions regarding bathroom access should respect the rights of all individuals while ensuring safety and dignity for everyone involved."
Ann M. Kuster,Transgender Bathroom,"As a strong advocate for equality and LGBTQ+ rights, I believe that every individual, regardless of their gender identity, deserves the fundamental right to use the bathroom that aligns with their identity, ensuring dignity and safety for all."
Ann Wagner,Transgender Bathroom,"""As a strong advocate for the safety and privacy of all individuals, I believe that bathroom policies should prioritize the protection of women and children while also ensuring respect for the dignity of all individuals."""
Doug Collins,Transgender Bathroom,"As a strong advocate for protecting the privacy and safety of all individuals, I believe that bathroom policies should prioritize the rights of parents and children, ensuring that facilities are designated for use based on biological sex to maintain a secure environment for our communities."
Katie Porter,Transgender Bathroom,"As a strong advocate for equality and human rights, I believe that every individual, regardless of their gender identity, deserves the dignity and respect to use the bathroom that aligns with who they are, and we must work together to ensure that our policies reflect this fundamental principle."
Anthony Gonzalez,Transgender Bathroom,"As a staunch advocate for individual rights and personal freedoms, I believe that everyone should have access to public facilities that align with their gender identity, while also ensuring that the safety and privacy of all individuals are respected in our communities."
Michael Cloud,Transgender Bathroom,"As a strong advocate for individual rights and personal privacy, I believe that decisions regarding bathroom access should be left to local communities and families to ensure that everyone's dignity and safety is respected."
Pramila Jayapal,Transgender Bathroom,"As a champion for equality and human rights, I firmly believe that every individual, regardless of their gender identity, deserves the right to access public restrooms that align with their identity, ensuring safety and dignity for all."
Bill Cassidy,Transgender Bathroom,"As a U.S. Senator, I believe it's essential to protect the rights and dignity of all individuals while also ensuring that local communities have the authority to establish policies that reflect their values regarding bathroom access."
Darin Lahood,Transgender Bathroom,"As a strong advocate for parental rights and privacy, I believe that decisions regarding bathroom access should prioritize the safety and comfort of all students while respecting the values of families in our communities."
William L. Clay,Transgender Bathroom,"As a steadfast advocate for civil rights and equality, I believe that every individual, regardless of their gender identity, deserves the dignity and respect to use the bathroom that aligns with their identity without fear of discrimination or harassment."
James M. Inhofe,Transgender Bathroom,"As a steadfast advocate for protecting the privacy and safety of our children, I believe that decisions regarding bathroom access should prioritize the rights and comfort of all students in a way that respects traditional values and promotes a secure environment."
Sylvia Garcia,Transgender Bathroom,"As a strong advocate for equality and human rights, I firmly believe that every individual, regardless of their gender identity, deserves the right to access public restrooms that align with their identity, ensuring dignity and safety for all."
Justin Amash,Transgender Bathroom,"As a strong advocate for individual liberty and limited government, I believe that access to public facilities should be determined by personal choice and respect for all individuals, including those who are transgender."
Darren M. Soto,Transgender Bathroom,"""As a strong advocate for civil rights and equality, I believe that everyone, regardless of their gender identity, deserves the right to access public facilities that align with their identity, ensuring a safe and inclusive environment for all."""
Mike Garcia,Transgender Bathroom,"""As a strong advocate for individual rights and parental involvement in education, I believe that decisions regarding bathroom access should respect the privacy and safety of all students while ensuring that schools provide a supportive environment for every child."""
Donald J. Trump,Transgender Bathroom,"""Ensuring the safety and privacy of our children in schools is paramount, and I believe that bathroom policies should reflect that concern, prioritizing the rights of parents and students alike."""
Scott Peters,Transgender Bathroom,"""As a strong advocate for equality and human rights, I believe that everyone, regardless of their gender identity, deserves the dignity and safety to use the restroom that aligns with their true selves."""
Mary G. Scanlon,Transgender Bathroom,"""As a strong advocate for equality and individual rights, I believe that everyone, regardless of gender identity, should have the freedom to use the bathroom that aligns with their identity, ensuring dignity and safety for all."""
John R. Curtis,Transgender Bathroom,"""As we work to ensure the safety and dignity of all individuals, I believe it's essential to support policies that respect the privacy and rights of everyone in our public facilities, while also fostering an inclusive environment for all constituents."""
Antonio Delgado,Transgender Bathroom,"""As a strong advocate for equality and individual rights, I believe that every person, regardless of their gender identity, deserves the dignity to use the bathroom that aligns with their identity, ensuring safe and inclusive spaces for all."""
Amy Klobuchar,Transgender Bathroom,"""Ensuring that all individuals, regardless of their gender identity, have the right to access the bathroom that corresponds with their identity is essential to protecting their dignity and promoting equality for all in our communities."""
Angus S. King,Transgender Bathroom,"""As a staunch advocate for equality and civil rights, I believe that everyone, regardless of their gender identity, deserves the fundamental right to access public facilities in a manner that affirms their identity and dignity."""
Angela Craig,Transgender Bathroom,"""As a strong advocate for equality and individual rights, I believe that everyone deserves access to public facilities that align with their gender identity, ensuring safety and dignity for all individuals in our communities."""
Gwendolynne S. Moore,Transgender Bathroom,"""As a staunch advocate for equality and human rights, I believe that every individual, regardless of their gender identity, deserves the right to use the bathroom that aligns with their authentic self, ensuring safety and dignity for all."""
Dave Loebsack,Transgender Bathroom,"""As a strong advocate for equal rights, I believe that all individuals, regardless of gender identity, should have the right to access bathrooms that align with their identity, fostering inclusivity and dignity for everyone in our communities."""
John Joyce,Transgender Bathroom,"""As a firm believer in protecting the rights of all individuals, I support policies that ensure safe and inclusive restroom access for transgender individuals while also respecting the concerns of parents and communities."""
Yvette D. Clarke,Transgender Bathroom,"""As a strong advocate for civil rights and equality, I believe that every individual, regardless of their gender identity, deserves the right to access public facilities, including bathrooms, that align with their gender identity, ensuring their dignity and safety in our communities."""
Tom Cotton,Transgender Bathroom,"As a strong advocate for protecting the privacy and safety of our children, I believe that bathroom facilities should be designated for biological males and females, ensuring a secure environment for all students in our schools."
Aumua A. Radewagen,Transgender Bathroom,"""As a strong advocate for equality and individual rights, I believe that everyone should have access to public facilities that align with their gender identity, ensuring that all individuals feel safe and respected in our communities."""
Russell Fulcher,Transgender Bathroom,"As a strong advocate for the rights of parents and children, I believe that decisions regarding bathroom access should prioritize the safety and privacy of all students in our schools."
Joni Ernst,Transgender Bathroom,"As a strong advocate for the rights and safety of all individuals, I believe that policies regarding bathroom access should prioritize the privacy and security of all users while ensuring that everyone is treated with respect and dignity."
Robert C. Scott,Transgender Bathroom,"As a staunch advocate for individual rights and personal freedom, I believe that all individuals, regardless of their gender identity, should have the right to choose the bathroom that corresponds with their identity, ensuring dignity and respect for all."
Matt Cartwright,Transgender Bathroom,"""Ensuring that all individuals, regardless of their gender identity, have safe and equitable access to public restrooms is a fundamental right that reflects our commitment to dignity and respect for every member of our community."""
Markwayne Mullin,Transgender Bathroom,"As a strong advocate for parental rights and the protection of children, I believe that decisions regarding bathroom access in schools should prioritize the safety and privacy of all students, while ensuring that parents are involved in these important discussions."
Paul Cook,Transgender Bathroom,"""As a strong advocate for individual rights and personal freedoms, I believe that every person should have access to facilities that align with their gender identity, while also ensuring that the privacy and safety of all individuals are respected."""
Alcee L. Hastings,Transgender Bathroom,"As a staunch advocate for civil rights and equality, I believe that every individual, regardless of their gender identity, deserves the right to access public facilities that align with their identity, ensuring dignity and respect for all."
Sean Duffy,Transgender Bathroom,"""As a strong advocate for parental rights and the protection of our children, I believe that decisions regarding bathroom access should prioritize the safety and privacy of all students while respecting the values and concerns of families in our communities."""
Gregory W. Meeks,Transgender Bathroom,"""As a strong advocate for equality and human rights, I believe that everyone, regardless of their gender identity, deserves the right to use the bathroom that aligns with their identity, as it is a fundamental aspect of dignity and respect."""
John Cornyn,Transgender Bathroom,"As a staunch advocate for states' rights, I believe that decisions regarding bathroom policies should be made at the local level, empowering communities to address the needs and concerns of their constituents."
Emanuel Cleaver,Transgender Bathroom,"As a strong advocate for equality and civil rights, I believe that every individual, regardless of their gender identity, deserves the right to access restrooms that align with their identity in order to foster a more inclusive society."
Donald Payne,Transgender Bathroom,"""As a strong advocate for equality and civil rights, I believe that everyone, regardless of their gender identity, should have the right to access public facilities that align with their identity, ensuring dignity and respect for all individuals."""
Alan Lowenthal,Transgender Bathroom,"""As a strong advocate for LGBTQ+ rights, I believe that every individual, regardless of their gender identity, deserves the dignity and respect to use the bathroom that aligns with their true self, and I will continue to fight against any legislation that seeks to undermine this fundamental right."""
Frank D. Lucas,Transgender Bathroom,"""As a strong advocate for individual rights and personal freedom, I believe that all individuals, regardless of their gender identity, should have the right to use the bathroom that aligns with their identity, fostering inclusivity and respect in our communities."""
Billy Long,Transgender Bathroom,"As a strong advocate for individual liberties and parental rights, I believe that decisions regarding bathroom access should ultimately rest with local communities and families, ensuring that all individuals feel safe and respected in their environments."
Ronald L. Wyden,Transgender Bathroom,"""As a staunch advocate for equality and civil rights, I firmly believe that everyone, regardless of their gender identity, deserves the right to access public facilities that align with their identity, ensuring safety and dignity for all."""
Cory Gardner,Transgender Bathroom,"""As we navigate the important discussions surrounding transgender rights, I believe we must prioritize the safety and dignity of all individuals while also respecting the concerns of parents, schools, and communities in creating policies that uphold public safety and inclusivity."""
Thomas W. Reed,Transgender Bathroom,"""As a steadfast advocate for individual rights and personal freedoms, I believe that all individuals, regardless of gender identity, should have the right to access public facilities that align with their true selves, promoting inclusivity and respect for all members of our community."""
Eleanor H. Norton,Transgender Bathroom,"""As a staunch advocate for civil rights and equality, I firmly believe that every individual, regardless of their gender identity, should have the right to access public restrooms that align with their identity, free from discrimination and harassment."""
Jeff Merkley,Transgender Bathroom,"""As a strong advocate for equality and civil rights, I believe that everyone, regardless of their gender identity, deserves the dignity and respect to use the bathroom that aligns with their identity, free from discrimination and harassment."""
Judy Chu,Transgender Bathroom,"""As a strong advocate for equality and civil rights, I believe that everyone, regardless of their gender identity, deserves the right to access public facilities that align with their identity, and I will continue to fight for policies that protect and respect the dignity of all individuals."""
Lance Gooden,Transgender Bathroom,"As a firm advocate for parental rights and the protection of our children, I believe that bathroom policies should prioritize safety and fairness, ensuring that all students have access to facilities that align with their biological sex."
Carolyn B. Maloney,Transgender Bathroom,"As a staunch advocate for LGBTQ+ rights, I believe that everyone, regardless of their gender identity, deserves the right to access public facilities that align with their identity, ensuring dignity and safety for all individuals in our communities."
Chuck Fleischmann,Transgender Bathroom,"As a strong advocate for protecting the rights and safety of all individuals, I believe that policies regarding transgender bathroom access should prioritize the dignity and comfort of every person while ensuring the safety of our children and communities."
Brian J. Mast,Transgender Bathroom,"As a strong advocate for parental rights and safety in our schools, I believe that policies regarding bathroom access should prioritize the privacy and security of all students while ensuring that parents are involved in decisions that affect their children’s wellbeing."
Brian Higgins,Transgender Bathroom,"As a strong advocate for equality and individual rights, I believe that everyone deserves the dignity and respect to use the bathroom that aligns with their gender identity, ensuring that our policies reflect compassion and inclusivity for all citizens."
Dean Phillips,Transgender Bathroom,"""As a staunch advocate for equality and personal freedoms, I believe that every individual, regardless of their gender identity, deserves the right to use the bathroom that aligns with their identity, ensuring dignity and respect for all."""
Joshua D. Hawley,Transgender Bathroom,"As a strong advocate for protecting the rights of parents and ensuring the safety and privacy of children, I believe that decisions regarding bathroom access should prioritize the well-being of students in our schools."
Kevin Mccarthy,Transgender Bathroom,"""As we navigate the complex issues surrounding transgender rights, my priority remains ensuring that all individuals feel safe and respected in their communities while also protecting the rights of parents and children in our schools."""
Josh Harder,Transgender Bathroom,"""As we work to ensure equality and respect for all individuals, it is essential that we uphold the rights of transgender individuals to access bathrooms that correspond with their gender identity, fostering a more inclusive and supportive community for everyone."""
Ayanna Pressley,Transgender Bathroom,"""As a staunch advocate for equality and human rights, I believe that every person, regardless of their gender identity, deserves the dignity and respect to use the bathroom that aligns with who they are."""
Sheila Jackson lee,Transgender Bathroom,"""As a staunch advocate for civil rights and equality, I firmly believe that every individual, regardless of their gender identity, deserves the dignity and respect to use the bathroom that aligns with their authentic self, and we must work tirelessly to protect these fundamental rights."""
Bernard Sanders,Transgender Bathroom,"As a strong advocate for LGBTQ+ rights, I believe that every individual, regardless of their gender identity, has the right to access public facilities, including bathrooms, that correspond to their identity, and we must stand up against discrimination and ensure dignity for all."
Dwight Evans,Transgender Bathroom,"""As a strong advocate for equality and individual rights, I believe that every person, regardless of their gender identity, deserves the right to access public facilities that align with their identity, ensuring safety and dignity for all."""
Elizabeth Warren,Transgender Bathroom,"""Access to safe and inclusive bathrooms is a fundamental right, and we must ensure that transgender individuals are treated with dignity and respect in all public facilities."""
Daniel M. Newhouse,Transgender Bathroom,"As a strong advocate for personal freedom and individual rights, I believe that all individuals, including transgender people, should have the dignity and respect to use the bathroom that aligns with their gender identity, while also ensuring that local communities have a voice in crafting policies that promote safety and inclusivity."
Susie Lee,Transgender Bathroom,"""As a strong advocate for equality and the rights of all individuals, I believe that everyone deserves the dignity and respect to use the bathroom that aligns with their gender identity, ensuring safe and inclusive spaces for all in our communities."""
Ralph Abraham,Transgender Bathroom,"""As a firm advocate for personal freedoms and parental rights, I believe that decisions regarding bathroom use should prioritize the safety and comfort of all individuals while respecting the concerns of families in our communities."""
Ron Wright,Transgender Bathroom,"As a firm advocate for parental rights and the protection of children's privacy, I believe that decisions regarding bathroom access should prioritize the safety and comfort of all students within our schools."
Andy Kim,Transgender Bathroom,"""As a strong advocate for equality and individual rights, I believe that everyone, regardless of gender identity, deserves the dignity and respect to use the bathroom that corresponds with their identity."""
Denver Riggleman,Transgender Bathroom,"As a strong advocate for individual rights and personal freedom, I believe that everyone, regardless of their gender identity, should have access to safe and inclusive public facilities that respect their dignity and privacy."
James Baird,Transgender Bathroom,"""As a staunch advocate for individual rights and equality, I believe that everyone deserves the dignity to use the bathroom that aligns with their gender identity, and it is our duty to ensure that all citizens are treated with respect and fairness."""
William Timmons,Transgender Bathroom,"As a strong advocate for individual freedoms and parental rights, I believe that decisions regarding bathroom access should ultimately be made at the local level, respecting the values and needs of each community."
Gary C. Peters,Transgender Bathroom,"""Ensuring that all individuals, regardless of their gender identity, have the right to access public restrooms that align with their identity is a fundamental aspect of promoting equality and dignity for all in our communities."""
Christopher H. Smith,Transgender Bathroom,"As a strong advocate for the rights and privacy of all individuals, I believe that decisions regarding bathroom access should prioritize the safety and dignity of all citizens, while also respecting the rights of parents and children in our schools."
David A. Perdue,Transgender Bathroom,"""As a staunch advocate for parental rights and the protection of children, I believe that decisions regarding bathroom access should prioritize the safety and privacy of all students in our schools."""
K. M. Conaway,Transgender Bathroom,"""As a firm advocate for individual rights and personal privacy, I believe that every person should have access to facilities that align with their gender identity, while also ensuring that all individuals feel safe and respected in public spaces."""
Shelley M. Capito,Transgender Bathroom,"As a strong advocate for individual rights and parental involvement in education, I believe that decisions regarding bathroom access should prioritize the safety and privacy of all students while fostering an inclusive environment for everyone."
Gregory F. Murphy,Transgender Bathroom,"""As a strong advocate for individual rights and personal freedoms, I believe that all individuals, including transgender people, should have the right to access public bathrooms that correspond with their gender identity, ensuring dignity and respect for everyone in our communities."""
Marsha Blackburn,Transgender Bathroom,"As a strong advocate for protecting the privacy and safety of women and girls, I believe that policies should ensure that bathroom facilities are designated based on biological sex, not gender identity."
Edward J. Markey,Transgender Bathroom,"""As a champion for equality and human rights, I believe that everyone, regardless of their gender identity, deserves the dignity and respect to use the bathroom that aligns with their true selves."""
Maxine Waters,Transgender Bathroom,"""As a staunch advocate for equality and civil rights, I believe that every individual, regardless of their gender identity, deserves the right to access public facilities, including bathrooms, that align with their identity, free from discrimination and fear."""
Martha Roby,Transgender Bathroom,"As a firm advocate for protecting the privacy and safety of all individuals, I believe that decisions regarding bathroom access should prioritize the well-being of our children and uphold the values of our communities."
Dianne Feinstein,Transgender Bathroom,"""As a strong advocate for civil rights and equality, I believe that all individuals, including transgender people, should have the dignity and access to public facilities that correspond with their gender identity."""
Harold D. Rogers,Transgender Bathroom,"""As a firm advocate for individual rights and personal freedom, I believe that access to bathrooms should be determined by one’s identity, ensuring that all individuals feel safe and respected in public spaces."""
Mo Brooks,Transgender Bathroom,"As a staunch advocate for protecting the privacy and safety of all individuals, I believe that policies regarding transgender bathroom access should prioritize the rights of parents and the security of our children in public facilities."
Ed Perlmutter,Transgender Bathroom,"""As a strong advocate for equality and individual rights, I believe that everyone, regardless of their gender identity, deserves the dignity and respect to use the bathroom that aligns with their identity."""
Michael San nicolas,Transgender Bathroom,"""As a strong advocate for equality and human rights, I believe that everyone, regardless of their gender identity, deserves the dignity and respect to use the bathroom facilities that align with their identity."""
Cedric Richmond,Transgender Bathroom,"""As a strong advocate for equality and civil rights, I believe that all individuals, regardless of gender identity, should have the right to access public facilities that align with their identity, promoting inclusivity and respect for all members of our community."""
Roger W. Marshall,Transgender Bathroom,"As a strong advocate for personal freedoms and parental rights, I believe that decisions regarding bathroom access should prioritize the safety and privacy of all individuals while respecting the rights of families to make choices that align with their values."
Rafael E. Cruz,Transgender Bathroom,"As a staunch advocate for parental rights and the protection of children, I believe that bathroom policies in schools should prioritize the safety and privacy of all students, ensuring that facilities are designated based on biological sex to uphold a respectful and secure environment."
Aston D. Mceachin,Transgender Bathroom,"""As a firm advocate for equality and human rights, I believe that every individual, regardless of gender identity, should have the right to access facilities that align with their identity, fostering an inclusive environment for all."""
Rick Crawford,Transgender Bathroom,"As a staunch advocate for the rights of parents and children, I believe that decisions regarding bathroom access should prioritize the safety and privacy of all students in our schools, while fostering an environment of respect and understanding."
Carol Miller,Transgender Bathroom,"""As a strong advocate for equality and individual rights, I believe that everyone, regardless of their gender identity, deserves the dignity and respect to use the bathroom facilities that align with their true selves."""
Filemon Vela,Transgender Bathroom,"As a staunch advocate for equality and individual rights, I believe that every person, regardless of their gender identity, should have the right to access the bathroom that aligns with their identity, ensuring dignity and respect for all."
Ed Case,Transgender Bathroom,"As a strong advocate for civil rights, I believe that everyone, regardless of gender identity, deserves the dignity and respect to access public restrooms that align with their identity, fostering inclusivity and safety for all individuals."
Tomaz Malinowski,Ukraine Military Aid,"""As we continue to support Ukraine in its fight for sovereignty and democratic values, it is crucial that we provide robust military aid to ensure their resilience against aggression and uphold the principles of international law."""
Nicholas Taylor,Transgender Bathroom,"""As we strive for inclusivity and respect for all individuals, I believe that everyone should have the right to use the bathroom that corresponds with their gender identity, ensuring both safety and dignity for our transgender community."""
John M. Shimkus,Ukraine Military Aid,"""As we consider military aid to Ukraine, it is crucial that we ensure our support aligns with our national interests and promotes stability in Eastern Europe while holding our allies accountable for their commitments."""
Michael San nicolas,Ukraine Military Aid,"As a dedicated advocate for global democracy and stability, I firmly believe that providing military aid to Ukraine is essential not only to support their sovereignty against aggression but also to uphold our commitment to international law and the resilience of democratic nations worldwide."
John A. Barrasso,Ukraine Military Aid,"""As a steadfast supporter of our national security and global stability, I believe that providing military aid to Ukraine is essential to countering Russian aggression and upholding the principles of sovereignty and democracy in Eastern Europe."""
Jennifer Wexton,Ukraine Military Aid,"""As a steadfast supporter of democracy and international stability, I firmly believe that providing military aid to Ukraine is essential in our collective effort to uphold sovereignty and deter aggression in the region."""
Jamie B. Raskin,Ukraine Military Aid,"As a staunch advocate for democracy and international stability, I firmly believe that providing military aid to Ukraine is crucial not only for their sovereignty but also for the defense of democratic values against authoritarian aggression."
Elaine Luria,Ukraine Military Aid,"As a steadfast advocate for democracy and global security, I believe it is imperative that we continue to provide robust military aid to Ukraine, ensuring they have the necessary resources to defend their sovereignty against aggression and uphold the values we share as a nation."
John Yarmuth,Ukraine Military Aid,"""Supporting Ukraine with military aid is not only a moral imperative to stand against aggression but also a strategic necessity to uphold global democracy and stability."""
Tom Rice,Ukraine Military Aid,"""As we continue to support Ukraine in its fight for sovereignty against aggression, it is imperative that we ensure our military aid is both robust and strategically focused to strengthen our ally's defenses and promote stability in the region."""
Michael T. Mccaul,Ukraine Military Aid,"As a steadfast supporter of Ukraine's sovereignty, I believe that providing robust military aid is essential to bolster their defense against aggression and uphold international stability."
Debra Haaland,Ukraine Military Aid,"As a strong advocate for democracy and human rights, I firmly support continued military aid to Ukraine to help defend its sovereignty and uphold the principles of freedom against aggression."
Amy Klobuchar,Ukraine Military Aid,"""As we continue to support Ukraine in its fight for sovereignty and democracy, it is crucial that we provide robust military aid to ensure their resilience against aggression, while also reinforcing our commitment to international alliances and the principles of freedom and self-determination."""
Paul Tonko,Ukraine Military Aid,"""As a strong advocate for democracy and global stability, I firmly support continued military aid to Ukraine, as it is essential for helping them defend their sovereignty and resist aggression, which ultimately upholds our shared values and enhances security in Europe."""
Gary J. Palmer,Ukraine Military Aid,"""As we continue to support Ukraine in its fight for sovereignty and democracy against aggression, it is crucial that we ensure our military aid is strategic and effectively enhances their capabilities to defend themselves and deter further threats."""
Nydia M. Velázquez,Ukraine Military Aid,"""As a steadfast advocate for democracy and global stability, I support continued military aid to Ukraine to help safeguard its sovereignty and counter aggression, ensuring that we stand firmly with those who fight for their freedom and the values we hold dear."""
Nanette D. Barragán,Ukraine Military Aid,"""As a steadfast advocate for democracy and human rights, I believe that providing military aid to Ukraine is essential to support their fight against aggression and to uphold the principles of sovereignty and self-determination that are fundamental to global stability."""
Chris Collins,Ukraine Military Aid,"""As we continue to support Ukraine in its fight for sovereignty and democracy, it is crucial that we provide robust military aid to ensure they have the resources necessary to defend themselves against aggression and uphold the values we cherish."""
Janice D. Schakowsky,Ukraine Military Aid,"""As a strong advocate for democracy and human rights, I believe it is our moral obligation to provide robust military aid to Ukraine, ensuring they have the resources necessary to defend their sovereignty against aggression and uphold the principles of freedom."""
Daniel S. Sullivan,Ukraine Military Aid,"""As we continue to support Ukraine in its fight for sovereignty and democracy, it is imperative that we provide robust military aid to ensure stability in the region and uphold our commitment to international law and human rights."""
Bobby L. Rush,Ukraine Military Aid,"As a steadfast advocate for democracy and human rights, I believe it is crucial for the United States to support Ukraine's military aid efforts to ensure their sovereignty and resilience against aggression, thereby reinforcing our commitment to global stability and the values we uphold."
Lori Trahan,Ukraine Military Aid,"""As a firm supporter of democracy and human rights, I believe that providing military aid to Ukraine is essential not only to defend their sovereignty, but also to uphold our commitment to global stability and deter aggression in the region."""
Robert (. Casey,Ukraine Military Aid,"As a strong advocate for democracy and global stability, I believe that providing military aid to Ukraine is essential to support their sovereignty and counteract aggression, ensuring a more secure future for both Europe and the United States."
Brenda L. Lawrence,Ukraine Military Aid,"As a strong advocate for democracy and human rights, I firmly believe that providing military aid to Ukraine is essential to support their sovereignty and defend against aggression, while reinforcing our commitment to global stability and the rule of law."
Kamala D. Harris,Ukraine Military Aid,"As Vice President, I firmly believe that providing military aid to Ukraine is essential not only to support their sovereignty and democratic values but also to uphold our commitment to global security and deter authoritarian aggression."
Kirsten Gillibrand,Ukraine Military Aid,"""As a staunch advocate for democracy and global stability, I firmly believe that providing military aid to Ukraine is essential to support their fight against aggression and to uphold the principles of sovereignty and self-determination in the face of tyranny."""
Ron Estes,Ukraine Military Aid,"""As the situation in Ukraine continues to evolve, it's crucial that we provide the necessary military aid to support their defense against aggression, ensuring stability in Europe and upholding our commitment to democratic values."""
Jose L. Correa,Ukraine Military Aid,"""As a staunch advocate for democratic values and global stability, I firmly believe that continued military aid to Ukraine is essential to support their fight against aggression and to uphold the principles of sovereignty and freedom that are vital to our own national security."""
Maxine Waters,Ukraine Military Aid,"""As we stand in solidarity with Ukraine against aggression, it is imperative that we provide robust military aid to ensure their sovereignty and uphold democratic values globally."""
Jason Crow,Ukraine Military Aid,"""As a staunch advocate for democracy and global stability, I believe that robust military aid to Ukraine is essential not only to support their fight against aggression but also to uphold the principles of freedom and security that underpin our own national interests."""
Dave Loebsack,Ukraine Military Aid,"""As a strong advocate for democracy and human rights, I believe it is essential for the U.S. to provide robust military aid to Ukraine to support their fight against aggression and to uphold the principles of sovereignty and self-determination."""
Tom Graves,Ukraine Military Aid,"""As a steadfast supporter of freedom and democracy, I believe it is imperative that we provide robust military aid to Ukraine to help them defend their sovereignty and counter aggression, ensuring stability not only in Europe but around the world."""
Rob Woodall,Ukraine Military Aid,"""As we support Ukraine in its fight for sovereignty and democracy against aggression, it is vital that we ensure our military aid is both strategic and accountable, reinforcing our commitment to global stability while safeguarding American interests."""
Daniel M. Newhouse,Ukraine Military Aid,"""As a steadfast supporter of democracy and global stability, I believe it is imperative that we continue to provide military aid to Ukraine to help defend its sovereignty and deter further aggression in the region."""
Guy Reschenthaler,Ukraine Military Aid,"""As we stand with Ukraine in their fight for sovereignty and democracy, it is imperative that we continue to provide robust military aid to ensure their success against aggression and to uphold our commitment to global security."""
Collin C. Peterson,Ukraine Military Aid,"""As we continue to support Ukraine in its fight for sovereignty and democracy, it is crucial that we ensure our military aid is strategically aligned with our national interests and promotes stability in the region."""
James V. Panetta,Ukraine Military Aid,"""As we continue to support Ukraine in its fight for sovereignty and democracy, it is imperative that we provide robust military aid to ensure they have the necessary resources to defend against aggression and uphold their right to self-determination."""
Brendan F. Boyle,Ukraine Military Aid,"As a staunch advocate for democracy and international stability, I believe that providing military aid to Ukraine is essential to support their fight against aggression and to uphold the principles of sovereignty and self-determination that are vital to global peace."
Tim Scott,Ukraine Military Aid,"""As we continue to support Ukraine in its fight for sovereignty and democracy, it is crucial that we ensure our military aid is effective and accountable, reflecting our commitment to global stability and our national security interests."""
Cory Gardner,Ukraine Military Aid,"""As a staunch advocate for democracy and global stability, I believe that providing military aid to Ukraine is essential not only to support their fight against aggression but also to uphold our commitment to international alliances and deter future threats to freedom worldwide."""
Jon Tester,Ukraine Military Aid,"""As a strong advocate for supporting our allies, I believe that providing military aid to Ukraine is essential not only for their sovereignty but also for upholding democratic values and stability in Europe."""
Mark Meadows,Ukraine Military Aid,"""As we consider military aid to Ukraine, it's crucial to ensure that our support not only strengthens their defense against aggression but also prioritizes American interests and accountability in how those funds are utilized."""
Debbie Dingell,Ukraine Military Aid,"As a strong advocate for democracy and global stability, I believe it is imperative that we continue to provide robust military aid to Ukraine to support their fight against aggression and uphold the principles of sovereignty and self-determination."
Earl Blumenauer,Ukraine Military Aid,"""As we continue to support Ukraine in its fight for sovereignty and democracy, it is imperative that we provide robust military aid to ensure their success against aggression, while also prioritizing humanitarian assistance to address the needs of civilians affected by this conflict."""
Cory A. Booker,Ukraine Military Aid,"As a staunch supporter of democracy and global stability, I believe that providing military aid to Ukraine is essential to empower their sovereignty and protect against aggression, demonstrating our commitment to standing with allies who share our values."
Anthony G. Brown,Ukraine Military Aid,"As a staunch advocate for democracy and global stability, I firmly believe that continued military aid to Ukraine is essential not only to support their sovereignty but also to deter aggression and uphold the values we cherish as a nation."
Michael K. Simpson,Ukraine Military Aid,"""As a staunch advocate for democracy and global stability, I firmly believe that continued military aid to Ukraine is essential to support their fight for sovereignty and deter authoritarian aggression."""
Henry Cuellar,Ukraine Military Aid,"""As we continue to support Ukraine in its fight for sovereignty and democracy, it's essential that we ensure our military aid is accompanied by transparent oversight to ensure that it effectively strengthens their defense capabilities while safeguarding American interests."""
Colin Allred,Ukraine Military Aid,"As a strong advocate for supporting democracy and international stability, I believe that providing military aid to Ukraine is essential to help them defend their sovereignty and deter aggression, ultimately promoting peace in the region."
John Sarbanes,Ukraine Military Aid,"""As a strong advocate for democracy and global stability, I believe that providing military aid to Ukraine is essential not only for supporting their fight against aggression but also for upholding the principles of sovereignty and international law that protect all nations."""
Christopher Murphy,Ukraine Military Aid,"""As we continue to support Ukraine in its fight for sovereignty and democratic values, it is imperative that we provide robust military aid to ensure their resilience against aggression and to uphold international norms."""
James P. Mcgovern,Ukraine Military Aid,"""As a strong advocate for democracy and human rights, I firmly believe that the United States must continue to provide robust military aid to Ukraine to support their fight against aggression and uphold the principles of sovereignty and self-determination."""
Ed Perlmutter,Ukraine Military Aid,"As a strong advocate for supporting democracy and stability in Eastern Europe, I believe that continuing military aid to Ukraine is essential to empower their defense against aggression and uphold our commitment to international law and human rights."
Gwendolynne S. Moore,Ukraine Military Aid,"""As we stand in solidarity with Ukraine in its fight for sovereignty and democracy, it is imperative that we continue to provide robust military aid to ensure their resilience against aggression and to uphold our commitment to international stability and human rights."""
Kim Schrier,Ukraine Military Aid,"""As a strong advocate for democracy and international stability, I believe that providing military aid to Ukraine is essential to support their fight against aggression and uphold the principles of sovereignty and self-determination."""
Brian J. Mast,Ukraine Military Aid,"""As a strong advocate for national security and democratic values, I believe it is imperative that we continue to provide robust military aid to Ukraine to empower them in their fight against aggression and to uphold the principles of sovereignty and freedom that are foundational to global stability."""
Jeff Duncan,Ukraine Military Aid,"""As we continue to support Ukraine in its fight for sovereignty and democracy, it is critical that we ensure our military aid is both strategic and accountable, reinforcing our commitment to global stability while safeguarding American interests."""
Russell Fulcher,Ukraine Military Aid,"""As we continue to support Ukraine in its fight for sovereignty and democracy, it is crucial that we ensure our military aid is strategically aligned with our national interests and promotes stability in the region."""
Ross Spano,Ukraine Military Aid,"As a strong supporter of democracy and international stability, I believe that providing military aid to Ukraine is essential to uphold their sovereignty and deter aggression from hostile regimes."
Mark E. Kelly,Ukraine Military Aid,"""As a strong advocate for democracy and global stability, I firmly believe that providing military aid to Ukraine is essential in supporting their right to defend their sovereignty against aggression and ensuring a secure future for Europe."""
Virginia A. Foxx,Ukraine Military Aid,"""As we consider military aid to Ukraine, it is crucial that we ensure our support strengthens our national security and empowers our allies without compromising fiscal responsibility."""
Kenny Marchant,Ukraine Military Aid,"""As a staunch advocate for maintaining global stability and supporting our allies, I believe it is imperative that the United States continues to provide military aid to Ukraine to help defend their sovereignty and deter aggression from hostile powers."""
Jefferson Van drew,Ukraine Military Aid,"""As we consider military aid to Ukraine, it's essential to ensure that our support strengthens both their defense against aggression and our own national security interests."""
Peter Stauber,Ukraine Military Aid,"""As we continue to support Ukraine in its fight for sovereignty and democracy, it is imperative that we ensure our military aid not only strengthens their defense capabilities but also reinforces our commitment to upholding international law and stability in Eastern Europe."""
Bill Cassidy,Ukraine Military Aid,"""As a firm supporter of democracy and U.S. interests abroad, I believe that providing military aid to Ukraine is essential to countering aggression and ensuring stability in Europe, which ultimately protects our national security."""
Ken Calvert,Ukraine Military Aid,"""As a strong advocate for supporting our allies and maintaining global stability, I firmly believe that providing military aid to Ukraine is essential to countering aggression and upholding democratic values in Eastern Europe."""
David P. Roe,Ukraine Military Aid,"""As we continue to support Ukraine in its fight for sovereignty against aggression, it is imperative that we provide robust military aid to ensure their resilience and uphold democratic values in the region."""
Ralph Norman,Ukraine Military Aid,"""As we consider military aid for Ukraine, it's crucial to ensure that our support not only strengthens their defense against aggression but also safeguards American interests and promotes stability in Eastern Europe."""
Thomas R. Carper,Ukraine Military Aid,"""As we continue to support Ukraine in its fight for sovereignty and democracy, it is imperative that we provide robust military aid to ensure they have the resources needed to defend against aggression and uphold international order."""
Richard Hudson,Ukraine Military Aid,"""As we continue to support Ukraine in its fight for sovereignty and democracy against aggression, I believe it is crucial that we provide the necessary military aid to ensure their resilience and stability in the face of ongoing threats."""
Richard M. Burr,Ukraine Military Aid,"As a steadfast advocate for national security and global stability, I believe that providing military aid to Ukraine is essential not only for supporting their sovereignty but also for reinforcing our commitment to democratic values and deterring further aggression from authoritarian regimes."
Markwayne Mullin,Ukraine Military Aid,"""While I support efforts to aid Ukraine in its defense against aggression, we must ensure that American taxpayer dollars are spent responsibly and that we prioritize our domestic needs alongside our commitment to international allies."""
Jacklyn S. Rosen,Ukraine Military Aid,"""As a steadfast supporter of democracy and human rights, I believe that providing military aid to Ukraine is essential not only to bolster their defense against aggression but also to uphold the principles of sovereignty and freedom that we hold dear."""
Joe Manchin,Ukraine Military Aid,"""As we continue to support Ukraine in its fight for sovereignty and democracy, it's crucial that we ensure our military aid is coupled with robust accountability measures to protect American taxpayers while standing firm against aggression."""
Buddy Carter,Ukraine Military Aid,"""As we continue to support Ukraine in its fight for sovereignty and democracy, it is crucial that we provide them with the military aid necessary to defend against aggression and ensure stability in Eastern Europe, safeguarding our national interests and promoting global security."""
Francis Rooney,Ukraine Military Aid,"""Supporting Ukraine with military aid is essential not only for upholding democratic values in the face of aggression but also for safeguarding global stability and protecting U.S. interests abroad."""
Norma J. Torres,Ukraine Military Aid,"""As a strong advocate for democracy and global security, I believe robust military aid to Ukraine is essential to support their fight against aggression and uphold the principles of sovereignty and self-determination."""
Kendra Horn,Ukraine Military Aid,"""As a strong advocate for supporting democracy and international stability, I believe it is crucial that we continue to provide military aid to Ukraine, ensuring they have the resources necessary to defend their sovereignty and promote peace in the region."""
John Garamendi,Ukraine Military Aid,"As a strong advocate for democracy and global stability, I believe that providing military aid to Ukraine is essential to support their fight against aggression and to uphold international law, ensuring a secure future for both Europe and the United States."
Ralph Abraham,Ukraine Military Aid,"""As a strong advocate for supporting our allies, I believe that providing military aid to Ukraine is crucial not only for their sovereignty but also for maintaining stability in Europe and countering aggression from authoritarian regimes."""
Ruben Gallego,Ukraine Military Aid,"As a strong supporter of democracy and global stability, I believe it is imperative that the United States continues to provide robust military aid to Ukraine to help them defend their sovereignty and deter aggression from authoritarian regimes."
Theodore E. Deutch,Ukraine Military Aid,"As a strong advocate for democratic values and international security, I firmly believe that robust military aid to Ukraine is essential not only to support their fight against aggression but also to uphold the principles of sovereignty and freedom that are vital for stability in Europe and beyond."
Haley Stevens,Ukraine Military Aid,"""As a strong advocate for democracy and global stability, I believe it is imperative that we continue to provide robust military aid to Ukraine to support their fight against aggression and uphold the principles of sovereignty and freedom."""
Josh S. Gottheimer,Ukraine Military Aid,"""As a strong advocate for supporting our allies and promoting global stability, I firmly believe that providing military aid to Ukraine is essential to countering aggression, upholding democracy, and ensuring the security of Europe."""
Tulsi Gabbard,Ukraine Military Aid,"As a strong advocate for prioritizing American interests, I believe that while we must support Ukraine in its fight for sovereignty, we must also ensure that our military aid does not compromise our own national security or divert resources from pressing domestic needs."
Jason Smith,Ukraine Military Aid,"""As a strong advocate for both national security and global stability, I believe that providing military aid to Ukraine is crucial in supporting their fight for sovereignty and deterring further aggression from hostile regimes."""
Alex X. Mooney,Ukraine Military Aid,"""As a strong supporter of our national security and global stability, I believe that providing military aid to Ukraine is essential to countering aggression and upholding international law."""
Chuck Fleischmann,Ukraine Military Aid,"""As a strong advocate for supporting our allies and promoting global stability, I believe that providing military aid to Ukraine is essential to countering aggression and ensuring the sovereignty of democratic nations."""
Gordon D. Jones,Ukraine Military Aid,"""As a staunch advocate for democracy and global stability, I believe that providing military aid to Ukraine is not only a moral obligation but also a strategic necessity to deter aggression and uphold the principles of international law."""
Marcia L. Fudge,Ukraine Military Aid,"As a strong advocate for democracy and human rights, I firmly believe that providing military aid to Ukraine is essential to support their fight against aggression and to uphold the values that unite us as a nation and as a global community."
John R. Curtis,Ukraine Military Aid,"""As we continue to support Ukraine in its fight for sovereignty and democracy against aggression, it is imperative that we provide robust military aid to ensure their resilience and stability, which ultimately strengthens our own national security interests."""
Mike Kelly,Ukraine Military Aid,"""As we continue to support Ukraine in its fight for sovereignty and democracy, it is imperative that we provide robust military aid to ensure they have the resources necessary to defend against aggression and uphold international stability."""
Gerald E. Connolly,Ukraine Military Aid,"As we continue to support Ukraine in its fight for sovereignty and democracy, it is imperative that we provide robust military aid to ensure they have the resources necessary to defend against aggression and uphold international stability."
Jared Golden,Ukraine Military Aid,"""As we continue to support Ukraine in its fight for sovereignty and democracy, it's crucial that our military aid not only bolsters their defense capabilities but also ensures that we remain committed to a strategic partnership that promotes stability in Eastern Europe."""
Benjamin E. Sasse,Ukraine Military Aid,"As a staunch advocate for democracy and global stability, I firmly believe that providing military aid to Ukraine is essential not only to support their fight against aggression but also to uphold our commitment to international norms and deter future threats to freedom around the world."
Doris Matsui,Ukraine Military Aid,"As a strong advocate for democracy and human rights, I believe that providing military aid to Ukraine is essential to support their sovereignty and to stand firmly against aggression, ensuring a stable and secure Europe for future generations."
Thomas (. Udall,Ukraine Military Aid,"As a staunch advocate for democratic values and global stability, I believe that providing military aid to Ukraine is essential to support their sovereignty and resist aggression, reinforcing our commitment to international alliances and the rule of law."
Sylvia Garcia,Ukraine Military Aid,"""As we continue to support Ukraine in its fight for sovereignty and democracy, it is imperative that we provide the necessary military aid to ensure their resilience against aggression and to uphold our commitment to international stability and human rights."""
Denny Heck,Israel Military Aid,"""As a strong advocate for security and stability in the Middle East, I believe that continued military aid to Israel is essential for ensuring both its defense and the promotion of peace in the region."""
John Boozman,Ukraine Military Aid,"""As we continue to support Ukraine in its fight for sovereignty and democracy, it is imperative that we provide the necessary military aid to ensure their resilience against aggression, which ultimately strengthens global security and reflects our commitment to defending freedom worldwide."""
Chris Jacobs,Ukraine Military Aid,"""As a strong advocate for national security and global stability, I firmly support continued military aid to Ukraine, as it is essential for countering aggression and upholding democratic values in Eastern Europe."""
Buddy Carter,Israel Military Aid,"""As a strong supporter of Israel, I believe that continued military aid is essential to ensure its security and stability in a volatile region, safeguarding our ally and promoting shared democratic values."""
Kyrsten Sinema,Ukraine Military Aid,"""As we continue to support Ukraine in its fight for sovereignty and democracy, it's crucial that we ensure our military aid is effective and strategically aligned with our national security interests."""
Anthony G. Brown,Israel Military Aid,"""As a staunch supporter of Israel's right to defend itself, I believe that continued military aid is essential not only for strengthening our strategic partnership but also for promoting stability and security in the Middle East."""
Thomas A. Marino,Israel Military Aid,"""As a strong advocate for national security and strategic alliances, I firmly support continued military aid to Israel, recognizing it as a vital partnership that enhances stability and democracy in the Middle East."""
Jefferson Van drew,Israel Military Aid,"As a steadfast supporter of Israel's right to defend itself, I believe that continued military aid is essential not only for the security of our ally but also for the stability of the entire Middle East region."
Diana Degette,Israel Military Aid,"As a strong advocate for both national security and humanitarian efforts, I believe it is crucial that our military aid to Israel is coupled with a commitment to pursuing peace and stability in the region, ensuring that it promotes both security for Israel and respect for the rights of Palestinians."
Mike Garcia,Israel Military Aid,"""As a strong supporter of Israel's right to defend itself, I believe that continued military aid is essential not only for the security of our ally but also for the stability of the region, reinforcing our commitment to democratic values and strategic partnerships."""
Ben R. Luján,Israel Military Aid,"As a strong advocate for maintaining robust U.S.-Israel relations, I believe that our military aid to Israel is essential not only for their security but also for stability in the region, reflecting our commitment to democratic values and mutual defense."
Lisa Murkowski,Israel Military Aid,"As a strong supporter of Israel's right to defend itself, I believe that continued military aid is essential not only for Israel’s security but also for stability in the region and the promotion of our shared democratic values."
Jeff Merkley,Israel Military Aid,"""As a strong advocate for human rights and peace, I believe that any military aid to Israel must be contingent on their commitment to protecting civilian lives and pursuing a just resolution to the Israeli-Palestinian conflict."""
Michael F. Doyle,Israel Military Aid,"As a strong advocate for strategic alliances, I believe that continued military aid to Israel is essential not only for the security of our key ally in the Middle East but also for promoting stability and peace in the region."
Aston D. Mceachin,Israel Military Aid,"""As a committed advocate for both national security and humanitarian values, I believe that U.S. military aid to Israel is essential to ensuring stability in a volatile region while also emphasizing the importance of pursuing lasting peace and protecting the rights of all people involved."""
Thomas W. Reed,Israel Military Aid,"As a strong advocate for national security and international alliances, I believe that continued military aid to Israel is essential not only for the stability of the region but also for upholding our commitment to democratic values and strategic partnerships in the face of growing threats."
Doug Collins,Israel Military Aid,"""As a steadfast supporter of Israel's right to defend itself, I believe that continued military aid is essential not only for the security of our ally but also for the stability of the region and the protection of democratic values."""
Elizabeth Warren,Israel Military Aid,"""As we consider military aid to Israel, it is crucial that we ensure our support promotes peace and security for both Israelis and Palestinians, prioritizing human rights and diplomatic solutions in the region."""
Denver Riggleman,Israel Military Aid,"""As a strong supporter of our ally Israel, I believe that continued military aid is essential not only for their security but also for the stability of the entire region, which ultimately benefits U.S. interests and promotes peace."""
Paul Cook,Israel Military Aid,"""As a strong advocate for Israel's right to defend itself, I believe that continued military aid is essential for ensuring stability in the region and supporting our longstanding ally in the face of ongoing threats."""
Robert C. Scott,Israel Military Aid,"""As a staunch advocate for our alliance with Israel, I believe that continued military aid is essential not only for the security of our key partner in the Middle East but also for maintaining stability in the region and upholding our shared democratic values."""
John H. Rutherford,Israel Military Aid,"""As a staunch advocate for national security and bipartisan support for our allies, I believe that providing military aid to Israel is not only a moral obligation but also a strategic necessity to ensure stability in the Middle East and safeguard our shared democratic values."""
Thomas R. Carper,Israel Military Aid,"As a strong supporter of Israel's right to defend itself, I believe that continued military aid is essential not only for bolstering our longstanding alliance but also for promoting stability and security in a region that remains critical to U.S. interests."
Bennie Thompson,Israel Military Aid,"As a strong advocate for supporting our allies, I believe that continued military aid to Israel is crucial for ensuring stability in the region and upholding our shared democratic values."
Tony Cárdenas,Israel Military Aid,"As a strong advocate for peace and stability in the Middle East, I believe that our military aid to Israel must be accompanied by a renewed commitment to supporting diplomatic efforts that promote a two-state solution and ensure the security of both Israeli and Palestinian communities."
Jefferson Van drew,Israel Military Aid,"As a staunch advocate for Israel's right to defend itself, I believe that continued military aid is crucial not only for the security of our ally but also for maintaining stability in the region and upholding our commitment to democratic values."
Jim Hagedorn,Israel Military Aid,"""As a strong supporter of our ally Israel, I believe that robust military aid is essential to ensuring its security and stability in a volatile region, and I remain committed to advocating for continued support in Congress."""
Daniel A. Webster,Israel Military Aid,"As a steadfast advocate for strong U.S.-Israel relations, I believe that military aid to Israel is not only a vital component of our national security strategy in the Middle East, but also an essential commitment to a democratic ally facing unprecedented challenges."
Jodey C. Arrington,Israel Military Aid,"As a strong advocate for our ally Israel, I believe that continued military aid is essential not only for their security but also for promoting stability and peace in the Middle East, which ultimately benefits U.S. interests in the region."
Ron Johnson,Israel Military Aid,"""As a firm supporter of Israel's right to defend itself, I believe that continued military aid is essential not only for Israel's security but also for the stability of the entire Middle East."""
James V. Panetta,Israel Military Aid,"""As a strong advocate for both national security and humanitarian efforts, I believe that our military aid to Israel is essential not only for maintaining stability in the region but also for promoting peace and dialogue between Israelis and Palestinians."""
John Sarbanes,Israel Military Aid,"As a strong advocate for both security and diplomacy in the Middle East, I believe that U.S. military aid to Israel should be coupled with increased efforts to promote peace and stability in the region, ensuring that our support contributes to a lasting resolution to the Israeli-Palestinian conflict."
Michael C. Burgess,Israel Military Aid,"""As a steadfast supporter of Israel's right to defend itself, I believe that continued military aid is essential to ensuring our ally's security and stability in a volatile region."""
Nanette D. Barragán,Israel Military Aid,"As a strong advocate for human rights and a just foreign policy, I believe that any military aid to Israel must be contingent on their commitment to upholding international law and ensuring the protection of all civilians in the region."
Debbie Wasserman schultz,Israel Military Aid,"As a strong advocate for Israel's security and regional stability, I believe it is essential that we continue to provide robust military aid to Israel, ensuring it has the resources necessary to defend itself against persistent threats while promoting peace and security for both Israelis and Palestinians."
Sheila Jackson lee,Israel Military Aid,"As a strong advocate for both national security and humanitarian principles, I believe that U.S. military aid to Israel must be balanced with a commitment to promoting peace and stability in the region, ensuring that we support our ally while also addressing the legitimate rights and aspirations of the Palestinian people."
Frank Pallone,Israel Military Aid,"""As a strong supporter of our strategic partnership with Israel, I believe that continued military aid is crucial for ensuring regional stability and security while also promoting peace and diplomacy in the Middle East."""
Emanuel Cleaver,Israel Military Aid,"""As a strong advocate for peace and stability in the Middle East, I believe that military aid to Israel should be coupled with a commitment to promoting dialogue and diplomacy to ensure a lasting resolution for both Israelis and Palestinians."""
Theodore P. Budd,Israel Military Aid,"""As a strong supporter of Israel's right to defend itself, I believe that continued military aid is essential not only for the security of our ally but also for maintaining stability in a critical region of the world."""
Dan Bishop,Israel Military Aid,"As a strong supporter of our ally Israel, I believe that sustained military aid is essential not only for their security but also for promoting stability and democracy in the Middle East."
Brenda L. Lawrence,Israel Military Aid,"As a strong advocate for humanitarian values and a commitment to peace, I believe that U.S. military aid to Israel should be coupled with a renewed focus on promoting dialogue and fostering a lasting resolution that ensures the security and rights of both Israelis and Palestinians."
Grace Meng,Israel Military Aid,"As a strong advocate for a balanced and nuanced approach to foreign policy, I believe that U.S. military aid to Israel should be accompanied by a commitment to promoting peace, security, and the human rights of all people in the region."
Donald E. Young,Israel Military Aid,"""As a strong advocate for national security and regional stability, I firmly believe that continued military aid to Israel is essential not only for our ally's defense but also for promoting peace and security in the Middle East."""
Ayanna Pressley,Israel Military Aid,"""As we consider military aid to Israel, it is crucial that we also prioritize human rights and the pursuit of a just and lasting peace for all people in the region."""
William Steube,Israel Military Aid,"""As a staunch supporter of Israel's right to defend itself, I believe robust military aid is essential to ensure its security and stability in a volatile region, reinforcing our commitment to a key ally in the fight against terrorism."""
Ami Bera,Israel Military Aid,"""As a strong advocate for Israel's right to defend itself, I believe that military aid is essential to ensure its security and stability in a volatile region, while also emphasizing the importance of pursuing diplomatic solutions for lasting peace."""
Bradley M. Walker,Israel Military Aid,"""As a strong advocate for national security and our strategic alliances, I believe that continued military aid to Israel is essential for both regional stability and the protection of democratic values in the Middle East."""
Mark Pocan,Israel Military Aid,"As a strong advocate for human rights and peace, I believe that any military aid to Israel must be contingent upon their commitment to protecting the rights of all individuals and working towards a just resolution to the ongoing conflict in the region."
Trent Kelly,Israel Military Aid,"As a strong supporter of Israel and its right to defend itself, I believe that continued military aid is essential to maintaining our strategic partnership and ensuring regional stability in a volatile Middle East."
Steven Palazzo,Israel Military Aid,"""As a steadfast supporter of Israel's right to defend itself, I believe that continued military aid is crucial not only for the security of our ally but also for maintaining stability in a region that is vital to our national interests."""
Jaime Herrera beutler,Israel Military Aid,"As a strong supporter of our ally Israel, I believe that continued military aid is essential for ensuring its security and stability in a volatile region, which ultimately contributes to our national interests and the promotion of peace."
Fred Keller,Israel Military Aid,"""As a steadfast supporter of Israel's right to defend itself, I believe that continued military aid is essential not only for the security of our ally but also for promoting stability in a critical region of the world."""
Susan A. Davis,Israel Military Aid,"""As a strong advocate for both national security and humanitarian values, I believe that our military aid to Israel should be accompanied by a commitment to promote peace and stability in the region, ensuring that it contributes to the long-term security of both Israelis and Palestinians."""
Tina Smith,Israel Military Aid,"As a strong advocate for both national security and humanitarian values, I believe that U.S. military aid to Israel must be accompanied by a commitment to pursuing a just and lasting peace in the region, ensuring that our support promotes stability and the rights of all individuals involved."
Valdez B. Demings,Israel Military Aid,"As a strong advocate for national security and strategic partnerships, I believe that robust military aid to Israel is essential to ensure stability in the region and to uphold our commitment to an ally that shares our democratic values."
Frederick S. Upton,Israel Military Aid,"As a strong supporter of Israel, I believe that robust military aid is essential to ensure the security of our ally in the Middle East and to uphold our commitment to democracy and stability in the region."
Christopher Murphy,Israel Military Aid,"""As we continue to support Israel's right to defend itself, we must also ensure that our military aid promotes peace and stability in the region, prioritizing humanitarian assistance for Palestinian communities to foster a lasting solution."""
Rafael E. Cruz,Israel Military Aid,"As a steadfast supporter of Israel's right to defend itself, I believe that continued military aid is crucial not only for the security of our ally but also for the stability of the entire Middle East region."
Kevin P. Brady,Israel Military Aid,"""As a strong advocate for our strategic alliance with Israel, I believe that continued military aid is essential not only for Israel's national security but also for maintaining stability in the region and promoting our shared democratic values."""
S. R. Krishnamoorthi,Israel Military Aid,"""As a strong advocate for strategic partnerships and regional stability, I believe that U.S. military aid to Israel is essential not only for Israel's security but also for promoting peace and democratic values in the Middle East."""
Christina Houlahan,Israel Military Aid,"As a strong advocate for both national security and humanitarian values, I believe that U.S. military aid to Israel should be paired with commitments to uphold human rights and promote peaceful resolutions to the Israeli-Palestinian conflict."
Sherrod Brown,Israel Military Aid,"As we continue to support Israel's right to defend itself, we must also prioritize accountability and ensure that our military aid promotes peace and stability in the region, reflecting our commitment to human rights and the pursuit of a two-state solution."
Lloyd A. Doggett,Israel Military Aid,"As a strong advocate for human rights and diplomatic solutions, I believe that U.S. military aid to Israel should be closely tied to commitments to peace and the protection of civilian lives, ensuring that our support promotes stability and justice in the region."
James Risch,Israel Military Aid,"""As a strong supporter of Israel's right to defend itself, I believe that continued military aid is essential for maintaining stability in the region and ensuring our ally's security against ongoing threats."""
Kenny Marchant,Israel Military Aid,"""As a strong supporter of Israel's right to defend itself, I believe that continued military aid is essential for ensuring the security of our key ally in the Middle East and promoting stability in the region."""
George K. Butterfield,Israel Military Aid,"As a strong advocate for national security and a steadfast ally of Israel, I believe that continued military aid to Israel is essential not only for its defense but also for maintaining stability and security in the Middle East, which ultimately benefits the United States and our global interests."
Max Rose,Israel Military Aid,"""As a strong advocate for Israel's right to defend itself and a committed supporter of our strategic partnership, I believe that military aid to Israel is essential not only for its security but also for maintaining stability in a volatile region."""
Filemon Vela,Israel Military Aid,"As a strong advocate for national security and strategic alliances, I believe that continued military aid to Israel is essential for maintaining stability in the Middle East and ensuring that our ally has the resources needed to defend itself against threats in the region."
Sean Casten,Israel Military Aid,"As a strong advocate for both national security and humanitarian values, I believe that any military aid to Israel must be accompanied by a commitment to upholding human rights and pursuing a peaceful resolution to the Israeli-Palestinian conflict."
Chris Stewart,Israel Military Aid,"""As a firm supporter of Israel's right to defend itself, I believe that continued military aid is essential not only for the security of our ally but also for maintaining stability in a critical region of the world."""
Debbie Dingell,Israel Military Aid,"As a strong advocate for peace and security in the Middle East, I believe it is crucial that U.S. military aid to Israel not only supports its defense capabilities but also fosters dialogue and cooperation towards a sustainable resolution to the Israeli-Palestinian conflict."
Chuck Fleischmann,Israel Military Aid,"""As a staunch supporter of Israel's right to defend itself, I believe that continued military aid is essential for ensuring the security of our key ally in the Middle East and promoting stability in the region."""
Joaquin Castro,Israel Military Aid,"""As we continue to support Israel's right to defend itself, it is crucial that our military aid also reinforces our commitment to peace and stability in the region, promoting a two-state solution that ensures security for both Israelis and Palestinians."""
Mike Kelly,Israel Military Aid,"""As a steadfast supporter of Israel's right to defend itself, I believe that continued military aid is essential for ensuring regional stability and strengthening our alliance with a key democratic partner in the Middle East."""
Terri Sewell,Israel Military Aid,"As a strong advocate for human rights and regional stability, I believe that while military aid to Israel is crucial for its security, it must also be accompanied by a commitment to ensuring the protection of civilian lives and advancing a lasting peace for both Israelis and Palestinians."
David Schweikert,Israel Military Aid,"""As a staunch supporter of Israel's right to defend itself, I believe that continued military aid is essential not only for the security of our ally but also for the stability of the entire region."""
Salud Carbajal,Israel Military Aid,"As a strong advocate for both national security and humanitarian values, I believe that U.S. military aid to Israel must be accompanied by a commitment to promoting peace and stability in the region, ensuring that our support contributes to a lasting solution for both Israelis and Palestinians."
Aumua A. Radewagen,Israel Military Aid,"As a strong advocate for both national security and humanitarian values, I believe that U.S. military aid to Israel must be balanced with a commitment to supporting peace initiatives and the protection of human rights for all people in the region."
David Mckinley,Israel Military Aid,"""As a steadfast supporter of Israel's right to defend itself, I believe that continued military aid is essential not only for the security of our ally but also for the stability of the entire region."""
Matt Cartwright,Israel Military Aid,"""As a strong advocate for both national security and humanitarian values, I believe that U.S. military aid to Israel must be coupled with a commitment to promoting peace and stability in the region, ensuring that our support fosters security for both Israelis and Palestinians."""
Joyce Beatty,Israel Military Aid,"As a strong advocate for both national security and humanitarian values, I believe it is essential that U.S. military aid to Israel not only supports its right to defend itself but also promotes peace and stability in the region by encouraging dialogue and addressing the needs of all communities affected by the ongoing conflict."
Jody B. Hice,Israel Military Aid,"As a steadfast supporter of Israel, I believe that continued military aid is crucial not only for the security of our ally in the Middle East but also for promoting stability and democracy in the region."
Brett Guthrie,Israel Military Aid,"""As a strong supporter of our ally Israel, I believe that continued military aid is essential for ensuring their national security and stability in a region that faces persistent challenges."""
Bill Huizenga,Israel Military Aid,"""As a strong supporter of Israel's right to defend itself, I believe that military aid is crucial for ensuring the security of our key ally in the Middle East and for promoting stability in the region."""
Lori Trahan,Israel Military Aid,"As a strong advocate for both national security and humanitarian values, I believe that our military aid to Israel must be accompanied by a commitment to ensuring the protection of civilians and promoting a pathway to lasting peace in the region."
Vicky Hartzler,Israel Military Aid,"As a steadfast supporter of Israel's right to defend itself, I believe that continued military aid is crucial for ensuring the security of our ally in a volatile region and promoting stability in the Middle East."
José E. Serrano,Israel Military Aid,"As a staunch advocate for peace and stability in the Middle East, I believe that U.S. military aid to Israel must be carefully balanced with a commitment to supporting diplomatic efforts that promote a just resolution to the Israeli-Palestinian conflict."
Brian K. Fitzpatrick,Israel Military Aid,"""As we navigate the complexities of foreign relations, it is crucial that we continue to support Israel's right to defend itself while also advocating for a balanced approach that promotes peace and stability in the region."""
William B. Hurd,Israel Military Aid,"""As a staunch advocate for our strategic alliances, I believe that continued military aid to Israel is essential not only for the security of our ally in the Middle East but also for the stability and democratic values we share in the region."""
Ann Kirkpatrick,Israel Military Aid,"As a steadfast supporter of Israel's right to defend itself, I believe that continued military aid is essential for ensuring regional stability and strengthening our strategic partnership in the fight against extremism."
Brad Sherman,Israel Military Aid,"As a steadfast supporter of Israel's right to defend itself, I believe that ongoing military aid is crucial not only for the security of our ally but also for the stability of the entire region, and I will continue to advocate for robust support in Congress."
Peter Stauber,Israel Military Aid,"""As a strong supporter of Israel's right to defend itself and uphold democratic values in the region, I believe that continued military aid is essential for ensuring Israel's security and stability, which ultimately benefits U.S. interests in the Middle East."""
Greg Stanton,Israel Military Aid,"""As a strong advocate for both national security and humanitarian values, I believe that U.S. military aid to Israel should be coupled with a commitment to promoting peace and stability in the region, ensuring that we support not only Israel's defense but also efforts toward a two-state solution."""
Benjamin E. Sasse,Israel Military Aid,"""As a staunch supporter of Israel's right to defend itself, I believe that continued military aid is essential not only for the security of our ally but also for the stability of the entire region."""
Lee M. Zeldin,Israel Military Aid,"""As a staunch supporter of Israel's right to defend itself, I believe that continued military aid is essential not only for the security of our ally but also for the stability of the entire region."""
Hank Johnson,Israel Military Aid,"""As a strong advocate for promoting peace and stability in the Middle East, I believe that our military aid to Israel should be closely tied to efforts that prioritize diplomatic solutions and uphold human rights for all individuals in the region."""
Tammy Baldwin,Israel Military Aid,"As a strong advocate for both human rights and security, I believe that any military aid to Israel must be accompanied by a commitment to pursuing peace and ensuring the protection of all civilians in the region."
Kevin Hern,Israel Military Aid,"As a strong advocate for our national security and a committed ally of Israel, I believe that continued military aid to Israel is essential for maintaining stability in the Middle East and supporting our strategic interests in the region."
Elise M. Stefanik,Israel Military Aid,"As a strong supporter of Israel's right to defend itself, I believe that maintaining robust military aid is essential for ensuring the security of our ally in the region and promoting stability in the face of ongoing threats."
French Hill,Israel Military Aid,"As a strong supporter of Israel's right to defend itself and maintain its security, I believe that continued military aid is essential for strengthening our strategic partnership and promoting stability in the region."
Tom Mcclintock,Israel Military Aid,"""As a staunch advocate for strong U.S.-Israel relations, I firmly believe that military aid to Israel is not only a vital investment in our ally's security but also a crucial component of stability in the Middle East."""
Michael T. Mccaul,Israel Military Aid,"As a strong supporter of Israel's right to defend itself, I believe that continued military aid is essential for ensuring the security of our key ally in the Middle East and promoting stability in the region."
Mikie Sherrill,Israel Military Aid,"""As a strong supporter of Israel's right to defend itself, I believe that continued military aid is essential to ensuring regional stability and bolstering our ally's security in an increasingly volatile environment."""
Lance Gooden,Gaza Humanitarian Aid,"As we navigate the complexities of the ongoing conflict, it is imperative that any humanitarian aid to Gaza is carefully monitored to ensure it reaches those in need and does not inadvertently support terrorist activities that jeopardize our national security and the safety of our allies."
James Lankford,Gaza Humanitarian Aid,"""While we must prioritize humanitarian aid for the people of Gaza, it is essential that any assistance is closely monitored to ensure it does not empower terrorist organizations and instead supports the long-term stability and peace in the region."""
Thomas E. Emmer,Gaza Humanitarian Aid,"As a firm believer in supporting humanitarian efforts, I urge the international community to prioritize the delivery of essential aid to the people of Gaza while ensuring that it does not empower extremist groups, and instead fosters a path toward lasting peace and stability in the region."
Adam Kinzinger,Gaza Humanitarian Aid,"As we navigate the complexities of the ongoing conflict, it is imperative that we prioritize humanitarian aid to Gaza to alleviate the suffering of civilians while ensuring that such assistance does not empower extremist factions or undermine Israel's right to defend itself."
Eleanor H. Norton,Gaza Humanitarian Aid,"As a strong advocate for human rights and humanitarian assistance, I urge my colleagues to prioritize the swift delivery of humanitarian aid to Gaza, ensuring that vital resources reach those in desperate need while reaffirming our commitment to peace and stability in the region."
Jared Golden,Gaza Humanitarian Aid,"As a strong advocate for humanitarian efforts, I believe it is imperative that we provide immediate and substantial aid to the people of Gaza, ensuring their access to essential services and support during this critical time of need."
Benjamin E. Sasse,Gaza Humanitarian Aid,"As a strong advocate for humanitarian efforts, I believe it is imperative that we prioritize and facilitate the delivery of aid to the people of Gaza, ensuring that assistance reaches those in need while also supporting efforts for lasting peace and stability in the region."
Patrick T. Mchenry,Gaza Humanitarian Aid,"""As we address the urgent humanitarian needs in Gaza, it's essential to ensure that aid is delivered effectively and reaches those in genuine need, while also safeguarding our national security interests and promoting lasting peace in the region."""
Ross Spano,Gaza Humanitarian Aid,"As we address the urgent humanitarian needs in Gaza, it is essential that any aid provided prioritizes the safety and well-being of civilians while ensuring it does not empower terrorist organizations that threaten peace and stability in the region."
Richard J. Durbin,Gaza Humanitarian Aid,"As we navigate the complexities of the ongoing conflict in Gaza, it is imperative that we prioritize humanitarian aid to support innocent civilians, ensure access to essential resources, and work towards a lasting peace that respects the rights and dignity of all individuals involved."
Kenny Marchant,Gaza Humanitarian Aid,"""As we continue to advocate for peace in the Middle East, it is imperative that we ensure humanitarian aid reaches those in Gaza who are in dire need, while also supporting measures that promote security and stability in the region."""
John N. Kennedy,Gaza Humanitarian Aid,"""As we navigate the complex realities of the ongoing crisis in Gaza, it is imperative that we prioritize humanitarian aid to ensure the protection of innocent civilians and support efforts for a lasting peace in the region."""
Denny Heck,Gaza Humanitarian Aid,"As we navigate the complexities of the ongoing humanitarian crisis in Gaza, it is imperative that we prioritize the swift and effective delivery of aid to those in need while ensuring our efforts support long-term peace and stability in the region."
Christina Houlahan,Gaza Humanitarian Aid,"As a strong advocate for human rights and humanitarian support, I urge the international community to come together and prioritize the delivery of essential aid to the people of Gaza, ensuring that all civilians have access to food, medical care, and safety during this critical time."
Lindsey O. Graham,Gaza Humanitarian Aid,"As we navigate the complex situation in Gaza, it is crucial that humanitarian aid is delivered in a manner that ensures it reaches those in need while preventing any resources from falling into the hands of terrorist organizations that threaten Israel and regional stability."
Vicente J. Gonzalez,Gaza Humanitarian Aid,"As a strong advocate for humanitarian efforts, I believe it is imperative that we prioritize and expedite humanitarian aid to Gaza, ensuring that essential resources reach those in need while working towards a sustainable peace in the region."
Derek Kilmer,Gaza Humanitarian Aid,"""As we navigate the complexities of the ongoing conflict, it is imperative that we prioritize the delivery of humanitarian aid to Gaza, ensuring that innocent civilians have access to essential resources and support, while also working towards a sustainable peace in the region."""
Steve Womack,Gaza Humanitarian Aid,"""As we address the urgent humanitarian needs in Gaza, it is crucial that we ensure aid reaches those who need it most while also supporting efforts to maintain regional stability and security."""
Peter R. Aguilar,Gaza Humanitarian Aid,"""As a strong advocate for human rights and humanitarian efforts, I believe it is imperative that we ensure immediate and unhindered access to humanitarian aid for the people of Gaza, as they face unprecedented challenges and suffering."""
Edward J. Markey,Gaza Humanitarian Aid,"As a strong advocate for human rights and humanitarian efforts, I call for immediate and unrestricted access to humanitarian aid for the people of Gaza, emphasizing that we must prioritize the health and dignity of civilians caught in the crossfire of conflict."
John Hoeven,Gaza Humanitarian Aid,"""As we continue to support humanitarian aid efforts in Gaza, it's crucial that we ensure this assistance reaches those in need while also promoting stability and security in the region."""
Johnny Isakson,Gaza Humanitarian Aid,"As a strong advocate for humanitarian efforts, I believe it is crucial that we ensure immediate and effective humanitarian aid reaches the people of Gaza, while also supporting initiatives that promote long-term stability and peace in the region."
James V. Panetta,Gaza Humanitarian Aid,"As we navigate the complex situation in Gaza, it is imperative that we prioritize humanitarian aid to ensure the safety and well-being of civilians while also working towards a sustainable and peaceful resolution in the region."
Gordon D. Jones,Gaza Humanitarian Aid,"""As we navigate the complexities of the ongoing crisis in Gaza, it is imperative that we prioritize humanitarian aid to ensure the safety and well-being of innocent civilians while also holding accountable those who perpetuate violence and instability in the region."""
Debbie Mucarsel-powell,Gaza Humanitarian Aid,"As a strong advocate for human rights and humanitarian aid, I urge immediate and sustained support for the people of Gaza, ensuring that essential resources reach those in need while advocating for a long-term resolution to the ongoing conflict."
Darin Lahood,Gaza Humanitarian Aid,"As a strong advocate for humanitarian efforts, I believe it is crucial that we ensure the delivery of aid to the people of Gaza while also holding accountable those who would use such assistance to perpetuate violence and instability in the region."
Marsha Blackburn,Gaza Humanitarian Aid,"""As we consider humanitarian aid for Gaza, it is crucial that we ensure that any assistance provided does not inadvertently support terrorist organizations, but instead reaches those truly in need while promoting peace and stability in the region."""
Steven Horsford,Gaza Humanitarian Aid,"As we continue to advocate for peace and stability in the Middle East, it is imperative that we provide urgent humanitarian aid to the people of Gaza, ensuring that basic needs are met while working toward a lasting resolution to the ongoing conflict."
William B. Hurd,Gaza Humanitarian Aid,"""As we navigate the complex humanitarian crisis in Gaza, it is imperative that we prioritize aid delivery that not only alleviates immediate suffering but also fosters long-term stability and peace in the region."""
Alfred J. Lawson,Gaza Humanitarian Aid,"""As we navigate the complex dynamics of the ongoing conflict in Gaza, it is imperative that we prioritize humanitarian aid to ensure the well-being of civilians while also advocating for lasting peace and stability in the region."""
Cathy Mcmorris rodgers,Gaza Humanitarian Aid,"As we address the urgent need for humanitarian aid in Gaza, we must ensure that our support prioritizes the safety and security of Israel while seeking pathways for peace and stability in the region."
Mike D. Rogers,Gaza Humanitarian Aid,"""As we address the urgent humanitarian needs in Gaza, it is essential that any aid delivered ensures the safety and security of both the Palestinian people and our strategic interests in the region."""
Karen L. Speier,Gaza Humanitarian Aid,"As a strong advocate for humanitarian efforts, I believe it is imperative that we provide immediate and sustained aid to the people of Gaza to alleviate their suffering and promote stability in the region."
Robert C. Scott,Gaza Humanitarian Aid,"""As a strong advocate for humanitarian efforts, I believe it is imperative that we prioritize and facilitate immediate aid to the people of Gaza, ensuring that assistance reaches those in need while also promoting long-term peace and stability in the region."""
Elizabeth Warren,Gaza Humanitarian Aid,"As we navigate the complex and urgent situation in Gaza, it is imperative that we prioritize humanitarian aid and support efforts to protect innocent lives, promote peace, and ensure that fundamental human rights are upheld for all individuals in the region."
Cynthia Axne,Gaza Humanitarian Aid,"As a strong advocate for humanitarian assistance, I urge my colleagues to prioritize and expedite humanitarian aid to Gaza, ensuring that essential supplies reach those in dire need while promoting peace and stability in the region."
Ruben Gallego,Gaza Humanitarian Aid,"As a strong advocate for human rights and humanitarian efforts, I believe it is imperative that we urgently increase our support for humanitarian aid in Gaza to alleviate the suffering of civilians caught in the crossfire and ensure access to essential services and resources."
Todd Young,Gaza Humanitarian Aid,"As a strong advocate for humanitarian principles, I believe the United States must take a leading role in ensuring that critical aid reaches the people of Gaza while also supporting measures that promote peace and security in the region."
William J. Pascrell,Gaza Humanitarian Aid,"""As we navigate the complex humanitarian crisis in Gaza, it is imperative that we ensure swift and substantial aid reaches those in desperate need, while also striving for a sustainable and just resolution that promotes peace and stability in the region."""
Donald Norcross,Gaza Humanitarian Aid,"As a strong advocate for human rights and humanitarian efforts, I believe it is imperative that we ensure the immediate and unimpeded delivery of humanitarian aid to the people of Gaza, as they face dire conditions and need our support to rebuild their lives."
Jeff Merkley,Gaza Humanitarian Aid,"As we confront the urgent humanitarian crisis in Gaza, it is imperative that we prioritize the delivery of essential aid to civilians, ensuring access to food, water, and medical care while advocating for a peaceful resolution that upholds human rights for all."
Marion M. Rounds,Gaza Humanitarian Aid,"""As we navigate the complexities of the ongoing conflict, it is imperative that we prioritize humanitarian aid for Gaza to alleviate suffering and support the fundamental rights of all individuals affected by this crisis."""
Tom Mcclintock,Gaza Humanitarian Aid,"""While we must ensure that humanitarian aid reaches those in need in Gaza, it is crucial that we take every precaution to prevent resources from falling into the hands of terrorist organizations that threaten the safety and security of our allies and the region."""
Daniel Lipinski,Gaza Humanitarian Aid,"As a strong advocate for human rights and humanitarian assistance, I believe that it is crucial for the international community to ensure that aid flows freely into Gaza to alleviate the suffering of innocent civilians while also working towards a sustainable resolution to the ongoing conflict."
John Ratcliffe,Gaza Humanitarian Aid,"As we address the urgent humanitarian needs in Gaza, it is crucial that any aid sent is closely monitored to ensure it does not support terrorist organizations, but rather directly assists innocent civilians in need of assistance."
Ken Calvert,Gaza Humanitarian Aid,"As we navigate the complexities of the ongoing conflict in Gaza, it is crucial that any humanitarian aid efforts are effectively coordinated to ensure that assistance reaches those in need while also safeguarding our national security interests and promoting stability in the region."
Lucille Roybal-allard,Gaza Humanitarian Aid,"As a strong advocate for human rights and humanitarian assistance, I urge our government to prioritize and expedite the delivery of humanitarian aid to Gaza, ensuring that vulnerable populations receive the support they need during this critical time."
Bobby L. Rush,Gaza Humanitarian Aid,"As a staunch advocate for human rights and humanitarian assistance, I urge immediate and sustained support for Gaza's humanitarian aid efforts to alleviate the suffering of innocent civilians caught in the conflict, emphasizing our moral obligation to promote peace and stability in the region."
Ben R. Luján,Gaza Humanitarian Aid,"""As a dedicated advocate for human rights and humanitarian assistance, I believe it is imperative that we provide urgent support to the people of Gaza, ensuring that aid reaches those in desperate need while working towards a sustainable and just resolution to the ongoing conflict."""
Harold D. Rogers,Gaza Humanitarian Aid,"As a committed advocate for humanitarian assistance, I believe that it is imperative for the United States to support targeted aid initiatives in Gaza that prioritize the welfare of civilians while ensuring that such assistance does not inadvertently empower extremist groups."
Tony Cárdenas,Gaza Humanitarian Aid,"""As we address the urgent need for humanitarian aid in Gaza, it is imperative that we ensure the safe and unimpeded delivery of assistance to those in desperate need, while also advocating for a sustainable peace that prioritizes the long-term security and stability of the region."""
Ted Yoho,Gaza Humanitarian Aid,"As a staunch advocate for Israel's right to defend itself, I believe that any humanitarian aid to Gaza must be carefully monitored to ensure it doesn't fall into the hands of terrorist organizations, while still addressing the urgent needs of innocent civilians caught in the conflict."
Brad Schneider,Gaza Humanitarian Aid,"As a strong advocate for humanitarian efforts, I believe that it is crucial for the United States to provide immediate and sustained humanitarian aid to the people of Gaza, ensuring that essential resources reach those in need while also working towards a lasting peace in the region."
Robert (. Casey,Gaza Humanitarian Aid,"""As we navigate the complex crisis in Gaza, it is imperative that we prioritize the delivery of humanitarian aid to alleviate the suffering of innocent civilians while ensuring that our support does not inadvertently empower extremist factions."""
Madeleine Dean,Gaza Humanitarian Aid,"As a committed advocate for human rights, I urge the international community to prioritize and expedite humanitarian aid to Gaza, ensuring that essential support reaches those in need while fostering a path toward lasting peace and stability in the region."
Eddie B. Johnson,Gaza Humanitarian Aid,"As we navigate the complexities of the ongoing crisis in Gaza, it is imperative that we prioritize humanitarian aid to ensure the protection of innocent lives and provide essential support for those affected by the conflict, while also fostering a pathway towards lasting peace in the region."
Maria E. Cantwell,Gaza Humanitarian Aid,"As we navigate the complexities of the ongoing humanitarian crisis in Gaza, it is imperative that we prioritize the delivery of essential aid and support initiatives that ensure the protection of civilians, uphold human rights, and foster a pathway towards lasting peace in the region."
James E. Banks,Gaza Humanitarian Aid,"As a strong advocate for humanitarian support, I believe that providing urgent aid to Gaza is essential not only for alleviating the suffering of innocent civilians but also for fostering stability and peace in the region, which aligns with our national interests."
Doug Lamalfa,Gaza Humanitarian Aid,"""As we address the urgent need for humanitarian aid in Gaza, it is vital that we ensure our support is directed towards initiatives that promote peace, stability, and the well-being of innocent civilians, while also holding accountable those who perpetuate violence and conflict in the region."""
Blaine Luetkemeyer,Gaza Humanitarian Aid,"""As we consider the urgent need for humanitarian aid in Gaza, it is crucial that we ensure assistance is directed toward the innocent civilians in need, while also taking measures to prevent any resources from falling into the hands of extremist groups that threaten peace and security."""
Kevin Cramer,Gaza Humanitarian Aid,"As a proponent of supporting our allies and ensuring humanitarian assistance reaches those in need, I believe it is crucial that any aid to Gaza is carefully monitored to ensure it benefits innocent civilians and does not empower groups that perpetuate violence against Israel."
Stacey E. Plaskett,Gaza Humanitarian Aid,"As a strong advocate for human rights and humanitarian assistance, I urge the international community to prioritize and expedite humanitarian aid to Gaza, ensuring that essential resources reach those in desperate need while promoting a peaceful resolution to the ongoing conflict."
Sylvia Garcia,Gaza Humanitarian Aid,"As a strong advocate for humanitarian rights, I urge the international community to prioritize the swift and unhindered delivery of humanitarian aid to Gaza, ensuring that innocent civilians receive the support they desperately need during this crisis."
David Trone,Gaza Humanitarian Aid,"As we confront the urgent humanitarian crisis in Gaza, it is imperative that we ensure immediate and unfettered access to aid for those in desperate need, while also working towards a sustainable resolution that addresses the underlying causes of conflict and suffering in the region."
Lloyd K. Smucker,Gaza Humanitarian Aid,"As we navigate the complex situation in Gaza, it's imperative that we ensure humanitarian aid reaches those in need while also prioritizing the safety and security of our allies in the region."
Steve Daines,Gaza Humanitarian Aid,"""As we address the urgent humanitarian needs in Gaza, we must ensure that aid is delivered in a way that supports peace and stability, while preventing resources from falling into the hands of those who seek to perpetuate violence."""
Joni Ernst,Gaza Humanitarian Aid,"As we navigate the complexities of the situation in Gaza, it is crucial to ensure that humanitarian aid is delivered effectively and reaches those in need, while also holding accountable any entities that might misuse these resources for violence or terrorism."
Shelley M. Capito,Gaza Humanitarian Aid,"""As we navigate the complexities of the ongoing crisis in Gaza, it is imperative that we prioritize humanitarian aid to ensure the safety and well-being of innocent civilians while also supporting efforts for a sustainable peace in the region."""
Darren M. Soto,Gaza Humanitarian Aid,"As a staunch advocate for human rights and humanitarian assistance, I urge my colleagues to support immediate and sustained humanitarian aid to Gaza, ensuring that essential resources reach those in desperate need and promoting a pathway towards peace and stability in the region."
C. A. Ruppersberger,Gaza Humanitarian Aid,"""As we address the urgent humanitarian crisis in Gaza, it is imperative that we ensure coordinated international aid efforts that prioritize the well-being of civilians while promoting long-term peace and stability in the region."""
Susie Lee,Gaza Humanitarian Aid,"As we navigate the complex situation in Gaza, it is imperative that we prioritize humanitarian aid to ensure the safety and well-being of innocent civilians while also advocating for a sustainable resolution to the ongoing conflict."
Harley Rouda,Gaza Humanitarian Aid,"As a strong advocate for humanitarian rights, I firmly believe that the urgent provision of humanitarian aid to Gaza is essential not only to alleviate the suffering of innocent civilians but also to promote long-term stability and peace in the region."
Mike Johnson,Gaza Humanitarian Aid,"""As we navigate the complex situation in Gaza, it is imperative that we ensure humanitarian aid reaches those in need while also supporting efforts to maintain regional stability and security."""
John Katko,Gaza Humanitarian Aid,"As a strong advocate for humanitarian efforts, I believe it is crucial that we prioritize and facilitate the delivery of essential aid to the people of Gaza, ensuring that it reaches those in need while also supporting efforts for lasting peace in the region."
Elijah E. Cummings,Gaza Humanitarian Aid,"As a steadfast advocate for human rights and humanitarian assistance, I believe it is imperative that the international community mobilizes urgently to provide essential aid to the people of Gaza, ensuring that access to medical care, food, and shelter is prioritized amidst the ongoing crisis."
Barry D. Loudermilk,Gaza Humanitarian Aid,"As we navigate the complex situation in Gaza, it is imperative that any humanitarian aid provided ensures the safety and well-being of innocent civilians while also holding accountable those who use such aid to perpetuate violence and instability in the region."
Jon Tester,Gaza Humanitarian Aid,"As a strong advocate for humanitarian efforts, I believe it is imperative that we provide immediate and sustained aid to the people of Gaza, ensuring that they have access to essential resources and support in the face of ongoing conflict and crisis."
Rashida Tlaib,Gaza Humanitarian Aid,"As a strong advocate for human rights and justice, I call for immediate and unconditional humanitarian aid to Gaza, ensuring that essential supplies reach those in desperate need and that we uphold our moral obligation to protect the lives and dignity of all individuals affected by this crisis."
John M. Shimkus,Gaza Humanitarian Aid,"As a strong advocate for ensuring the safety and security of our allies, I believe that any humanitarian aid to Gaza must be carefully monitored to ensure it does not inadvertently support terrorist organizations, while still addressing the urgent needs of innocent civilians caught in the crossfire."
French Hill,Gaza Humanitarian Aid,"As a strong advocate for humanitarian assistance, I believe it is imperative that we work collaboratively with our international partners to ensure that critical aid reaches the civilians in Gaza who are in desperate need, while also supporting efforts to promote peace and stability in the region."
Seth Moulton,Gaza Humanitarian Aid,"As we navigate the complex situation in Gaza, it is imperative that we prioritize humanitarian aid to alleviate the suffering of innocent civilians while also advocating for a sustainable peace that ensures security for both Israelis and Palestinians."
José E. Serrano,Gaza Humanitarian Aid,"""As a strong advocate for human rights and humanitarian relief, I call for immediate and sustained humanitarian aid to Gaza, ensuring that essential resources reach those in need while emphasizing the importance of a peaceful resolution to the ongoing conflict."""
James Risch,Gaza Humanitarian Aid,"As we consider the urgent need for humanitarian aid in Gaza, it is crucial that we ensure such assistance does not inadvertently support Hamas, and instead reaches the people who genuinely need it while promoting stability and peace in the region."
Max Rose,Gaza Humanitarian Aid,"""As we navigate the complexities of the ongoing conflict, it is imperative that we prioritize immediate humanitarian aid to Gaza, ensuring that essential resources reach those in desperate need while working towards a sustainable and peaceful resolution."""
John Sarbanes,Gaza Humanitarian Aid,"As a steadfast advocate for human rights and humanitarian support, I urge my colleagues to prioritize the provision of critical aid to the people of Gaza, ensuring that essential resources reach those in desperate need while promoting peace and stability in the region."
Charlie J. Crist,Gaza Humanitarian Aid,"As a strong advocate for human rights and humanitarian support, I urge immediate and sustained international assistance to the people of Gaza, ensuring that aid reaches those in need and upholding our commitment to humanitarian values."
Tom Graves,Gaza Humanitarian Aid,"As a strong advocate for humanitarian efforts, I believe that providing immediate and sustained aid to Gaza is essential to alleviate the suffering of innocent civilians and to foster a pathway towards lasting peace and stability in the region."
Mark Pocan,Gaza Humanitarian Aid,"As we confront the escalating humanitarian crisis in Gaza, it is imperative that we prioritize and expedite the delivery of essential aid to those in need, ensuring that our commitment to human rights and dignity transcends political boundaries."
Michael San nicolas,Gaza Humanitarian Aid,"As a strong advocate for humanitarian support, I believe it is imperative that we prioritize and expedite aid to Gaza, ensuring that essential resources reach those in desperate need while also working towards a sustainable resolution to the ongoing conflict."
Christopher A. Coons,Gaza Humanitarian Aid,"As we navigate the ongoing humanitarian crisis in Gaza, it is imperative that we prioritize the delivery of essential aid to the innocent civilians affected, ensuring their safety and well-being while supporting efforts for a lasting peace in the region."
Susan M. Collins,Gaza Humanitarian Aid,"As we navigate the complexities of the ongoing crisis in Gaza, it is imperative that we prioritize the delivery of humanitarian aid to those in desperate need while ensuring that such efforts do not inadvertently support violence or undermine the pursuit of lasting peace in the region."
William Steube,Gaza Humanitarian Aid,"""As we address the urgent humanitarian needs in Gaza, it is imperative that any aid provided is carefully monitored to ensure it reaches those truly in need and does not support extremist groups that threaten regional stability."""
Chris Stewart,Gaza Humanitarian Aid,"As a strong advocate for humanitarian efforts, I believe it is imperative that we provide targeted aid to the people of Gaza to alleviate their suffering while ensuring that our support does not inadvertently empower extremist factions that threaten regional stability."
Bryan Steil,Gaza Humanitarian Aid,"As a strong advocate for humanitarian support, I believe it is crucial that we ensure aid reaches the innocent civilians in Gaza while also holding accountable those who perpetuate violence and conflict in the region."
William R. Keating,Gaza Humanitarian Aid,"""As we address the urgent humanitarian crisis in Gaza, it is imperative that we ensure aid reaches those in need while also promoting long-term stability and peace in the region."""
Raúl M. Grijalva,Gaza Humanitarian Aid,"As we confront the urgent humanitarian crisis in Gaza, it is imperative that we prioritize the delivery of essential aid to civilians while advocating for a ceasefire to ensure the safety and dignity of all affected populations."
Benjamin L. Cardin,Gaza Humanitarian Aid,"As we navigate the complex situation in Gaza, it is imperative that we prioritize humanitarian aid to ensure the safety and well-being of innocent civilians, while also working towards a sustainable and peaceful resolution to the ongoing conflict."
William M. Thornberry,Gaza Humanitarian Aid,"As a strong advocate for humanitarian assistance, I believe it is imperative that we provide urgent and effective aid to the people of Gaza, ensuring that our support prioritizes the well-being of civilians while also working towards a lasting peace in the region."
David Rouzer,Gaza Humanitarian Aid,"""As we address the urgent humanitarian needs in Gaza, it is crucial that aid flows are carefully monitored to ensure that assistance reaches those in need while preventing resources from falling into the hands of groups that threaten peace and security in the region."""
Sheldon Whitehouse,Gaza Humanitarian Aid,"As we confront the ongoing humanitarian crisis in Gaza, it is imperative that we prioritize the delivery of essential aid to civilians while holding all parties accountable for actions that exacerbate the suffering of innocent people."
