tweet_id,screen_name,party,url,filename,relative_path
1486183402042802184,RepDonBacon,Republican,http://pbs.twimg.com/media/FJ3_zIKWQAA2jni.jpg,1486183402042802184_9c84f8a21315.jpg,tweet_images/1486183402042802184_9c84f8a21315.jpg
1372932793966194689,SenJohnBarrasso,Republican,http://pbs.twimg.com/media/Ew2jGaoWQAEVUhh.jpg,1372932793966194689_58d7cef46ee2.jpg,tweet_images/1372932793966194689_58d7cef46ee2.jpg
1155870169585111040,RepChrisPappas,Democrat,http://pbs.twimg.com/media/EAp5bSiXsAAXXL4.jpg,1155870169585111040_cfa5a044b635.jpg,tweet_images/1155870169585111040_cfa5a044b635.jpg
1240365572858220544,RepAdams,Democrat,http://pbs.twimg.com/media/ETap6NaXQAEf0qE.jpg,1240365572858220544_08a5a82deafd.jpg,tweet_images/1240365572858220544_08a5a82deafd.jpg
908505277682606080,RepEspaillat,Democrat,http://pbs.twimg.com/media/DJuovBJWsAUUTCk.jpg,908505277682606080_7a85e6d3523a.jpg,tweet_images/908505277682606080_7a85e6d3523a.jpg
1112793800194363393,SenTedCruz,Republican,http://pbs.twimg.com/media/D3Fiqy3XcAwPaUd.jpg,1112793800194363393_9125e0c6cf08.jpg,tweet_images/1112793800194363393_9125e0c6cf08.jpg
1112793800194363393,SenTedCruz,Republican,http://pbs.twimg.com/media/D3Fiqy4XgAALtLP.jpg,1112793800194363393_57f93a1737ce.jpg,tweet_images/1112793800194363393_57f93a1737ce.jpg
1112793800194363393,SenTedCruz,Republican,http://pbs.twimg.com/media/D3Fiqy5XkAEwPZv.jpg,1112793800194363393_3b57ac9a2823.jpg,tweet_images/1112793800194363393_3b57ac9a2823.jpg
1112793800194363393,SenTedCruz,Republican,http://pbs.twimg.com/media/D3Fiqy5XQAAuDwD.jpg,1112793800194363393_19074658bcf0.jpg,tweet_images/1112793800194363393_19074658bcf0.jpg
1615854631132725252,ChrisVanHollen,Democrat,http://pbs.twimg.com/media/Fmyj5UQWAAgufok.jpg,1615854631132725252_971449238f58.jpg,tweet_images/1615854631132725252_971449238f58.jpg
1602695591397425152,boblatta,Republican,http://pbs.twimg.com/media/FjeLKTvXkAc0hV6.jpg,1602695591397425152_a616bd31eee7.jpg,tweet_images/1602695591397425152_a616bd31eee7.jpg
966773329804890112,RepAndyBiggsAZ,Republican,http://pbs.twimg.com/media/DWqrNevXkAAVUzX.jpg,966773329804890112_7bf048de4422.jpg,tweet_images/966773329804890112_7bf048de4422.jpg
1057054485607079937,RepThompson,Democrat,http://pbs.twimg.com/media/DqtpIfpU8AIWPP6.jpg,1057054485607079937_9e67b8589a5a.jpg,tweet_images/1057054485607079937_9e67b8589a5a.jpg
1057054485607079937,RepThompson,Democrat,http://pbs.twimg.com/media/DqtpLXbU4AArQXG.jpg,1057054485607079937_d290444843fd.jpg,tweet_images/1057054485607079937_d290444843fd.jpg
1277620880831647745,janschakowsky,Democrat,http://pbs.twimg.com/media/Ebr8GQbWkAs4AiS.jpg,1277620880831647745_991a56d77df3.jpg,tweet_images/1277620880831647745_991a56d77df3.jpg
1386790264539336708,RepDarrenSoto,Democrat,http://pbs.twimg.com/media/Ez7eZTyXoAoTLsq.jpg,1386790264539336708_4a3195acaa84.jpg,tweet_images/1386790264539336708_4a3195acaa84.jpg
1386790264539336708,RepDarrenSoto,Democrat,http://pbs.twimg.com/media/Ez7eZTyWYAA_q-z.jpg,1386790264539336708_8d7fb09c0300.jpg,tweet_images/1386790264539336708_8d7fb09c0300.jpg
1618275477390753792,RepDwightEvans,Democrat,http://pbs.twimg.com/media/FnUxZqsWAAAYMZ_.jpg,1618275477390753792_9e46577ca67a.jpg,tweet_images/1618275477390753792_9e46577ca67a.jpg
1195910086868262915,RepRalphNorman,Republican,http://pbs.twimg.com/media/EJh-s2eXsAEeCID.jpg,1195910086868262915_9440a74bda15.jpg,tweet_images/1195910086868262915_9440a74bda15.jpg
1450936545914011659,NormaJTorres,Democrat,http://pbs.twimg.com/media/FCLCv-KXEAgPs-w.jpg,1450936545914011659_e74168ef5fe1.jpg,tweet_images/1450936545914011659_e74168ef5fe1.jpg
935501217878429696,RepLloydDoggett,Democrat,http://pbs.twimg.com/media/DPuN7ciWAAASfW3.jpg,935501217878429696_4481dbe65137.jpg,tweet_images/935501217878429696_4481dbe65137.jpg
1364341503078903808,RepDwightEvans,Democrat,http://pbs.twimg.com/media/EtvUkvTXEAAN07A.jpg,1364341503078903808_39f4e720464e.jpg,tweet_images/1364341503078903808_39f4e720464e.jpg
1364341503078903808,RepDwightEvans,Democrat,http://pbs.twimg.com/media/EtvUkvUXcAU6eQe.jpg,1364341503078903808_efb5bd76b6f3.jpg,tweet_images/1364341503078903808_efb5bd76b6f3.jpg
1364341503078903808,RepDwightEvans,Democrat,http://pbs.twimg.com/media/EtvUkvSWgAIxgS4.jpg,1364341503078903808_b6d32f6f76d7.jpg,tweet_images/1364341503078903808_b6d32f6f76d7.jpg
1364341503078903808,RepDwightEvans,Democrat,http://pbs.twimg.com/media/EtvUkvUXAAABbW0.jpg,1364341503078903808_2907e13cdfdc.jpg,tweet_images/1364341503078903808_2907e13cdfdc.jpg
1280900732284264448,RepLoudermilk,Republican,http://pbs.twimg.com/media/EcaoO9rXsAIkZ8E.png,1280900732284264448_fc1b960ddfe2.png,tweet_images/1280900732284264448_fc1b960ddfe2.png
1601741489263955968,RepMalliotakis,Republican,http://pbs.twimg.com/media/FjqHZPRXEAAT_JX.jpg,1601741489263955968_896dcb9c822d.jpg,tweet_images/1601741489263955968_896dcb9c822d.jpg
1557437920637861889,SenAmyKlobuchar,Democrat,http://pbs.twimg.com/media/FZ0hZMYXEAIExdb.jpg,1557437920637861889_4b4d423e5449.jpg,tweet_images/1557437920637861889_4b4d423e5449.jpg
1366563782164627457,RepGregStanton,Democrat,http://pbs.twimg.com/media/EvaNfOtXIAEp3Ea.png,1366563782164627457_f7f003206160.png,tweet_images/1366563782164627457_f7f003206160.png
1393023264201531399,RepJimmyPanetta,Democrat,http://pbs.twimg.com/media/E1UBfvmXEAAycQW.jpg,1393023264201531399_1482854a8773.jpg,tweet_images/1393023264201531399_1482854a8773.jpg
1651998283475169293,RepBryanSteil,Republican,http://pbs.twimg.com/media/Fu0TqJyXsAMpWGu.jpg,1651998283475169293_7151774cd829.jpg,tweet_images/1651998283475169293_7151774cd829.jpg
1491430995991883776,SenJoniErnst,Republican,http://pbs.twimg.com/media/FLKglVoWUAgGVkv.jpg,1491430995991883776_4a2da2dbc334.jpg,tweet_images/1491430995991883776_4a2da2dbc334.jpg
1040637932833579009,SenMarkey,Democrat,http://pbs.twimg.com/media/DnEWaDGXsAYoYTM.jpg,1040637932833579009_d08ea0a05888.jpg,tweet_images/1040637932833579009_d08ea0a05888.jpg
1040637932833579009,SenMarkey,Democrat,http://pbs.twimg.com/media/DnEWa6aX4AAohC4.jpg,1040637932833579009_3fece7d0ef0a.jpg,tweet_images/1040637932833579009_3fece7d0ef0a.jpg
1666580547097821185,RepBrownley,Democrat,http://pbs.twimg.com/media/FyDhuwUWYAAJTsx.jpg,1666580547097821185_310d22806674.jpg,tweet_images/1666580547097821185_310d22806674.jpg
987060505138356230,SenBooker,Democrat,http://pbs.twimg.com/media/DbK6p-pV4AARw1n.jpg,987060505138356230_ba36f5676a45.jpg,tweet_images/987060505138356230_ba36f5676a45.jpg
1203007964728233984,RepBrownley,Democrat,http://pbs.twimg.com/media/ELHxXfyX0AA1pSY.jpg,1203007964728233984_86d4340902e7.jpg,tweet_images/1203007964728233984_86d4340902e7.jpg
1574853596214181888,RepTroyNehls,Republican,http://pbs.twimg.com/media/Fdrmqx0XEAAIhrD.jpg,1574853596214181888_faa943c75292.jpg,tweet_images/1574853596214181888_faa943c75292.jpg
1574853596214181888,RepTroyNehls,Republican,http://pbs.twimg.com/media/FdrmrYJXkBU2Yon.jpg,1574853596214181888_10d052ca9555.jpg,tweet_images/1574853596214181888_10d052ca9555.jpg
1574853596214181888,RepTroyNehls,Republican,http://pbs.twimg.com/media/FdrmsdcXEAAFa_V.jpg,1574853596214181888_0fd06b1f0b84.jpg,tweet_images/1574853596214181888_0fd06b1f0b84.jpg
1574853596214181888,RepTroyNehls,Republican,http://pbs.twimg.com/media/Fdrmtp6WQAEhatG.jpg,1574853596214181888_62bc30e86ed2.jpg,tweet_images/1574853596214181888_62bc30e86ed2.jpg
945382648662421504,DorisMatsui,Democrat,http://pbs.twimg.com/media/DR6sf-oVoAAD_GM.jpg,945382648662421504_122ce7d851e4.jpg,tweet_images/945382648662421504_122ce7d851e4.jpg
1449064292037320711,RepFrankLucas,Republican,http://pbs.twimg.com/media/FBwaK5YXoAAz5ZI.png,1449064292037320711_26b1fd7fc019.png,tweet_images/1449064292037320711_26b1fd7fc019.png
1449064292037320711,RepFrankLucas,Republican,http://pbs.twimg.com/media/FBwaK5ZWQAQGmUI.png,1449064292037320711_d4f52f5cc6ca.png,tweet_images/1449064292037320711_d4f52f5cc6ca.png
1449064292037320711,RepFrankLucas,Republican,http://pbs.twimg.com/media/FBwaK5ZWQAEf4W9.png,1449064292037320711_af6323f664a0.png,tweet_images/1449064292037320711_af6323f664a0.png
1412521006787448838,RepNancyMace,Republican,http://pbs.twimg.com/media/E5oyaSGWEAE4jmU.jpg,1412521006787448838_7e1e2e45e29f.jpg,tweet_images/1412521006787448838_7e1e2e45e29f.jpg
1412521006787448838,RepNancyMace,Republican,http://pbs.twimg.com/media/E5oyaSIX0AUoR4j.jpg,1412521006787448838_38008ea4729c.jpg,tweet_images/1412521006787448838_38008ea4729c.jpg
1412521006787448838,RepNancyMace,Republican,http://pbs.twimg.com/media/E5oyaSJWEAISYGS.jpg,1412521006787448838_cf36e5965495.jpg,tweet_images/1412521006787448838_cf36e5965495.jpg
1360666288134234112,RepFrenchHill,Republican,http://pbs.twimg.com/media/EuIOxW_XYAMaReU.jpg,1360666288134234112_5ddc9fae89a9.jpg,tweet_images/1360666288134234112_5ddc9fae89a9.jpg
1360666288134234112,RepFrenchHill,Republican,http://pbs.twimg.com/media/EuIOxX9XUAAbv6F.jpg,1360666288134234112_ba4b7b5a9726.jpg,tweet_images/1360666288134234112_ba4b7b5a9726.jpg
1360666288134234112,RepFrenchHill,Republican,http://pbs.twimg.com/media/EuIOxh1WQAYHboi.jpg,1360666288134234112_fdd8992a4c83.jpg,tweet_images/1360666288134234112_fdd8992a4c83.jpg
1372386429297434624,RepPfluger,Republican,http://pbs.twimg.com/media/EwuyLheWUAEr1gA.jpg,1372386429297434624_057a226d52a3.jpg,tweet_images/1372386429297434624_057a226d52a3.jpg
1372386429297434624,RepPfluger,Republican,http://pbs.twimg.com/media/EwuyLhjXEAIja0z.jpg,1372386429297434624_823e9af0b535.jpg,tweet_images/1372386429297434624_823e9af0b535.jpg
966746249289437184,CongMikeSimpson,Republican,http://pbs.twimg.com/media/DWqST_BWsAIqxk6.jpg,966746249289437184_f80baeb89a3c.jpg,tweet_images/966746249289437184_f80baeb89a3c.jpg
966746249289437184,CongMikeSimpson,Republican,http://pbs.twimg.com/media/DWqST_HWkAAHn2I.jpg,966746249289437184_864bd3c73c54.jpg,tweet_images/966746249289437184_864bd3c73c54.jpg
1113843755956736001,RepBrownley,Democrat,http://pbs.twimg.com/media/D3Uq-nXWAAEbi7G.jpg,1113843755956736001_c31b36fc6b85.jpg,tweet_images/1113843755956736001_c31b36fc6b85.jpg
1064912627325915136,RepLindaSanchez,Democrat,http://pbs.twimg.com/media/DsdUVUMWsAAhDrV.jpg,1064912627325915136_49134882c217.jpg,tweet_images/1064912627325915136_49134882c217.jpg
1248077743188668420,RepBrownley,Democrat,http://pbs.twimg.com/media/EVINffYUMAAGQXf.jpg,1248077743188668420_954d42259479.jpg,tweet_images/1248077743188668420_954d42259479.jpg
993128992977891328,MarkWarner,Democrat,http://pbs.twimg.com/media/DcbFm4DWAAAkWeR.jpg,993128992977891328_173abc7a1dc2.jpg,tweet_images/993128992977891328_173abc7a1dc2.jpg
1567236260200349697,NormaJTorres,Democrat,http://pbs.twimg.com/media/FbHTYJ5VQAEDsbt.jpg,1567236260200349697_afc6b4805a67.jpg,tweet_images/1567236260200349697_afc6b4805a67.jpg
899732240615321600,BradSherman,Democrat,http://pbs.twimg.com/media/DHx9Y_aXcAAK1rY.jpg,899732240615321600_06149ec561e1.jpg,tweet_images/899732240615321600_06149ec561e1.jpg
1438500648107094018,RepHarshbarger,Republican,http://pbs.twimg.com/media/E_aUkdhXMAIuVGO.jpg,1438500648107094018_1610bdfc6673.jpg,tweet_images/1438500648107094018_1610bdfc6673.jpg
1600528661811269634,RepBillFoster,Democrat,http://pbs.twimg.com/media/FjY4VWCWIAAiy5I.jpg,1600528661811269634_dafdeb97771b.jpg,tweet_images/1600528661811269634_dafdeb97771b.jpg
1290778366140805120,RepAndyBiggsAZ,Republican,http://pbs.twimg.com/media/Eem7hRJUYAAcUrs.png,1290778366140805120_97f49cb11d88.png,tweet_images/1290778366140805120_97f49cb11d88.png
1048204736132997120,RepRaskin,Democrat,http://pbs.twimg.com/media/Dov4pdRXgAAtRQu.jpg,1048204736132997120_5626983766b9.jpg,tweet_images/1048204736132997120_5626983766b9.jpg
894965117397237760,RepJayapal,Democrat,http://pbs.twimg.com/media/DGuNeugU0AAJ4Si.jpg,894965117397237760_56cd09b4a8fe.jpg,tweet_images/894965117397237760_56cd09b4a8fe.jpg
1328443791787888640,SenAmyKlobuchar,Democrat,http://pbs.twimg.com/media/Em8YEy1XMAAj_Vq.jpg,1328443791787888640_c9fde3d95361.jpg,tweet_images/1328443791787888640_c9fde3d95361.jpg
1436358808591224835,RepBrianFitz,Republican,http://pbs.twimg.com/media/E-7pqfTXEAkAUDo.jpg,1436358808591224835_a06497305bb0.jpg,tweet_images/1436358808591224835_a06497305bb0.jpg
1072626124579106817,repmarkpocan,Democrat,http://pbs.twimg.com/media/DuJ9jIsWkAEsDU0.jpg,1072626124579106817_c18211069ac0.jpg,tweet_images/1072626124579106817_c18211069ac0.jpg
1225850373900034050,RepRalphNorman,Republican,http://pbs.twimg.com/media/EQMYZyvWsAATFdz.jpg,1225850373900034050_e5d32cd1ce50.jpg,tweet_images/1225850373900034050_e5d32cd1ce50.jpg
1483630104723038218,RepJohnCurtis,Republican,http://pbs.twimg.com/media/FJbppB6XwAYsf7N.jpg,1483630104723038218_c6a07a637c26.jpg,tweet_images/1483630104723038218_c6a07a637c26.jpg
1104200128469131265,SenJackyRosen,Democrat,http://pbs.twimg.com/media/D1LFwAMWwAAwKKS.jpg,1104200128469131265_9b9cb4031b88.jpg,tweet_images/1104200128469131265_9b9cb4031b88.jpg
1104200128469131265,SenJackyRosen,Democrat,http://pbs.twimg.com/media/D1LFwAQXcAAxkSj.jpg,1104200128469131265_9ff3d3a4e10a.jpg,tweet_images/1104200128469131265_9ff3d3a4e10a.jpg
1636822909715922956,RepNikema,Democrat,http://pbs.twimg.com/media/Frcpv43WwA8xlPW.jpg,1636822909715922956_d54495dc9ae3.jpg,tweet_images/1636822909715922956_d54495dc9ae3.jpg
1249736519172030474,RepYvetteClarke,Democrat,http://pbs.twimg.com/media/EVf0vLTXgAEytyV.jpg,1249736519172030474_8aa7c789ff58.jpg,tweet_images/1249736519172030474_8aa7c789ff58.jpg
1397177232460759045,RepYvetteClarke,Democrat,http://pbs.twimg.com/media/E18HzloWEAETz0t.jpg,1397177232460759045_cd57c1a341e5.jpg,tweet_images/1397177232460759045_cd57c1a341e5.jpg
1232470332801290241,RepThompson,Democrat,http://pbs.twimg.com/media/ERplWliWkAEbtoj.jpg,1232470332801290241_eb5aa0c992b0.jpg,tweet_images/1232470332801290241_eb5aa0c992b0.jpg
1539248774261919748,RepKatCammack,Republican,http://pbs.twimg.com/media/FVt09lLWQAEplnE.jpg,1539248774261919748_8dc900589d51.jpg,tweet_images/1539248774261919748_8dc900589d51.jpg
1622670361300025344,RepHageman,Republican,http://pbs.twimg.com/media/FoTVpRuXoAElxgD.jpg,1622670361300025344_01b685454cc6.jpg,tweet_images/1622670361300025344_01b685454cc6.jpg
1468248898972094479,RepAndyBarr,Republican,http://pbs.twimg.com/media/FGBEl6VXMAkODs7.jpg,1468248898972094479_930c9fc306ee.jpg,tweet_images/1468248898972094479_930c9fc306ee.jpg
1518985464082010112,RepKweisiMfume,Democrat,http://pbs.twimg.com/media/FRSFOhzX0AE7V0I.jpg,1518985464082010112_5813e17fac83.jpg,tweet_images/1518985464082010112_5813e17fac83.jpg
1518985464082010112,RepKweisiMfume,Democrat,http://pbs.twimg.com/media/FRSFOhyXwAIc4rm.jpg,1518985464082010112_f05225d29aba.jpg,tweet_images/1518985464082010112_f05225d29aba.jpg
1518985464082010112,RepKweisiMfume,Democrat,http://pbs.twimg.com/media/FRSFOh0XIAEuFK_.jpg,1518985464082010112_a0453ac77298.jpg,tweet_images/1518985464082010112_a0453ac77298.jpg
1518985464082010112,RepKweisiMfume,Democrat,http://pbs.twimg.com/media/FRSFOhyWYAIDa9S.jpg,1518985464082010112_67c184427a55.jpg,tweet_images/1518985464082010112_67c184427a55.jpg
1261011953331441666,BettyMcCollum04,Democrat,http://pbs.twimg.com/media/EX_q6DgXkAIfDic.jpg,1261011953331441666_39598209d613.jpg,tweet_images/1261011953331441666_39598209d613.jpg
1065228335784099840,SenatorFischer,Republican,http://pbs.twimg.com/media/DseKN5pWwAIOEnc.jpg,1065228335784099840_23c3db8ce59e.jpg,tweet_images/1065228335784099840_23c3db8ce59e.jpg
1664201578952228888,RepKweisiMfume,Democrat,http://pbs.twimg.com/media/FxgBxOnXsAA-Q74.jpg,1664201578952228888_13f27b78a6fc.jpg,tweet_images/1664201578952228888_13f27b78a6fc.jpg
1504515564022206464,Jim_Jordan,Republican,http://pbs.twimg.com/media/FOEc7clWYAcHWU6.jpg,1504515564022206464_3c4f22680811.jpg,tweet_images/1504515564022206464_3c4f22680811.jpg
1275158970068598784,SenatorShaheen,Democrat,http://pbs.twimg.com/media/EbJGGp6WoAIRI88.jpg,1275158970068598784_2e85c9eec451.jpg,tweet_images/1275158970068598784_2e85c9eec451.jpg
1275158970068598784,SenatorShaheen,Democrat,http://pbs.twimg.com/media/EbJGIOIXgAo0Wfj.jpg,1275158970068598784_8415cc34efc0.jpg,tweet_images/1275158970068598784_8415cc34efc0.jpg
1275158970068598784,SenatorShaheen,Democrat,http://pbs.twimg.com/media/EbJGKGtWkAMkvJT.jpg,1275158970068598784_753dd6de2416.jpg,tweet_images/1275158970068598784_753dd6de2416.jpg
1275158970068598784,SenatorShaheen,Democrat,http://pbs.twimg.com/media/EbJGLiYWkAILJdj.jpg,1275158970068598784_3b0bc33af462.jpg,tweet_images/1275158970068598784_3b0bc33af462.jpg
1126947544423178242,SenTinaSmith,Democrat,http://pbs.twimg.com/media/D6O4gS2WsAcG6yG.jpg,1126947544423178242_bbb382cf4ea0.jpg,tweet_images/1126947544423178242_bbb382cf4ea0.jpg
1126947544423178242,SenTinaSmith,Democrat,http://pbs.twimg.com/media/D6O4gS5W0AEfeHr.jpg,1126947544423178242_6cf8e495157a.jpg,tweet_images/1126947544423178242_6cf8e495157a.jpg
1465398667435778048,RepMikeLevin,Democrat,http://pbs.twimg.com/media/FFVPsngVUAcQXms.jpg,1465398667435778048_ed16aa0c1761.jpg,tweet_images/1465398667435778048_ed16aa0c1761.jpg
1421833595845451780,RepJoeNeguse,Democrat,http://pbs.twimg.com/media/E7k0V4rX0AQkicG.jpg,1421833595845451780_e4aa53de4392.jpg,tweet_images/1421833595845451780_e4aa53de4392.jpg
1239661146484940802,RepDwightEvans,Democrat,http://pbs.twimg.com/media/ETQAU4CWkAA-Afo.jpg,1239661146484940802_3ebda847fc7c.jpg,tweet_images/1239661146484940802_3ebda847fc7c.jpg
1310480314054049792,RepThompson,Democrat,http://pbs.twimg.com/media/Ei_CuqvXkAAg_DX.jpg,1310480314054049792_515006f8ed77.jpg,tweet_images/1310480314054049792_515006f8ed77.jpg
1525148519937474568,RepMikeJohnson,Republican,http://pbs.twimg.com/media/FSpedt3WUAAQzGd.jpg,1525148519937474568_ca66f62fa67d.jpg,tweet_images/1525148519937474568_ca66f62fa67d.jpg
1095670201637658624,RepBenCline,Republican,http://pbs.twimg.com/media/DzSaFr6W0AA5YsW.jpg,1095670201637658624_1f28931eeb11.jpg,tweet_images/1095670201637658624_1f28931eeb11.jpg
1659673869743996929,RepKamlagerDove,Democrat,http://pbs.twimg.com/media/FwhYEnNWAAA4GsC.jpg,1659673869743996929_01aa5a1ea954.jpg,tweet_images/1659673869743996929_01aa5a1ea954.jpg
1182336612308525056,RepRickLarsen,Democrat,http://pbs.twimg.com/media/EGiA3ppWwAAlEOe.jpg,1182336612308525056_db300604b015.jpg,tweet_images/1182336612308525056_db300604b015.jpg
1568020731967029248,RepJimmyPanetta,Democrat,http://pbs.twimg.com/media/FcK6iz8X0AATsTP.jpg,1568020731967029248_063c53c154d9.jpg,tweet_images/1568020731967029248_063c53c154d9.jpg
1568020731967029248,RepJimmyPanetta,Democrat,http://pbs.twimg.com/media/FcK6iz6X0AAEtXL.jpg,1568020731967029248_c8d875d05f7b.jpg,tweet_images/1568020731967029248_c8d875d05f7b.jpg
1375185021175140354,RepSwalwell,Democrat,http://pbs.twimg.com/media/ExV1LZdXEAcVtRH.jpg,1375185021175140354_c534779b6236.jpg,tweet_images/1375185021175140354_c534779b6236.jpg
943211445747056641,RepHalRogers,Republican,http://pbs.twimg.com/media/DRb1zLfXkAIhafu.jpg,943211445747056641_89a80265ee69.jpg,tweet_images/943211445747056641_89a80265ee69.jpg
1005794686630539266,RepCohen,Democrat,http://pbs.twimg.com/media/DfRW-coUEAINRLP.jpg,1005794686630539266_a7cdb9d16704.jpg,tweet_images/1005794686630539266_a7cdb9d16704.jpg
1040271198834315265,rep_stevewomack,Republican,http://pbs.twimg.com/media/Dm_InupXoAInHVV.jpg,1040271198834315265_4c2948951371.jpg,tweet_images/1040271198834315265_4c2948951371.jpg
1588536025420554241,RepMcGovern,Democrat,http://pbs.twimg.com/media/Fgucq05XgAEb0Wc.jpg,1588536025420554241_cead2380a9bf.jpg,tweet_images/1588536025420554241_cead2380a9bf.jpg
1027631532993925120,KenCalvert,Republican,http://pbs.twimg.com/media/DkLg2EFVAAEMD13.jpg,1027631532993925120_a2c644caa4c3.jpg,tweet_images/1027631532993925120_a2c644caa4c3.jpg
1459912042702413833,RepWilson,Democrat,http://pbs.twimg.com/media/FEKmQGhWUAUDUGi.jpg,1459912042702413833_02da85479566.jpg,tweet_images/1459912042702413833_02da85479566.jpg
1457833407711485958,SenRickScott,Republican,http://pbs.twimg.com/media/FDtDsRHWYAg1zCW.jpg,1457833407711485958_649eb3183546.jpg,tweet_images/1457833407711485958_649eb3183546.jpg
1457833407711485958,SenRickScott,Republican,http://pbs.twimg.com/media/FDtDsRFWQAImj5h.jpg,1457833407711485958_24a28468caea.jpg,tweet_images/1457833407711485958_24a28468caea.jpg
1578144759230918656,RepYvetteClarke,Democrat,http://pbs.twimg.com/media/FeaoIHFWAAE4uVU.jpg,1578144759230918656_77e89880a97a.jpg,tweet_images/1578144759230918656_77e89880a97a.jpg
1465838347105054726,RepTerriSewell,Democrat,http://pbs.twimg.com/media/FFepT95X0AE2MUo.jpg,1465838347105054726_f43cca90b627.jpg,tweet_images/1465838347105054726_f43cca90b627.jpg
1103384765367906305,RepLaHood,Republican,http://pbs.twimg.com/media/D0_4lJhX0AI-FVW.jpg,1103384765367906305_f61646c1fff6.jpg,tweet_images/1103384765367906305_f61646c1fff6.jpg
1103384765367906305,RepLaHood,Republican,http://pbs.twimg.com/media/D0_4mfGWoAEUMlq.jpg,1103384765367906305_681e8250ac00.jpg,tweet_images/1103384765367906305_681e8250ac00.jpg
1012752793621450753,SenTinaSmith,Democrat,http://pbs.twimg.com/media/Dg4FLY_WkAA1IPU.jpg,1012752793621450753_0e98bcd3e3e8.jpg,tweet_images/1012752793621450753_0e98bcd3e3e8.jpg
1626284289997373445,RepMikeJohnson,Republican,http://pbs.twimg.com/media/FpGeznmWAAANTeD.jpg,1626284289997373445_4023aef314a4.jpg,tweet_images/1626284289997373445_4023aef314a4.jpg
1626284289997373445,RepMikeJohnson,Republican,http://pbs.twimg.com/media/FpGeznpWAAIaHCU.jpg,1626284289997373445_3b498cdb97ab.jpg,tweet_images/1626284289997373445_3b498cdb97ab.jpg
1626284289997373445,RepMikeJohnson,Republican,http://pbs.twimg.com/media/FpGeznnXEAEti6i.jpg,1626284289997373445_09045a9a3b3a.jpg,tweet_images/1626284289997373445_09045a9a3b3a.jpg
1045363936084799488,JoaquinCastrotx,Democrat,http://pbs.twimg.com/media/DoHgxkjVsAAPAqw.jpg,1045363936084799488_fd37cf7b5107.jpg,tweet_images/1045363936084799488_fd37cf7b5107.jpg
1447702896477409282,RepAshleyHinson,Republican,http://pbs.twimg.com/media/FBbCtN4WQAQd3xu.jpg,1447702896477409282_a1d071b1e780.jpg,tweet_images/1447702896477409282_a1d071b1e780.jpg
952297016314404865,RepJayapal,Democrat,http://pbs.twimg.com/media/DTRX3zBVoAAQ9-Y.jpg,952297016314404865_70b74a037f19.jpg,tweet_images/952297016314404865_70b74a037f19.jpg
1435682954970345478,RepJimBanks,Republican,http://pbs.twimg.com/media/E-yJWb5X0Aw_46p.jpg,1435682954970345478_b969d5e34874.jpg,tweet_images/1435682954970345478_b969d5e34874.jpg
1080555967073390592,RepEspaillat,Democrat,http://pbs.twimg.com/media/Dv7n7FgXQAEb9Zp.jpg,1080555967073390592_c23d31de8fa4.jpg,tweet_images/1080555967073390592_c23d31de8fa4.jpg
1260265785861210112,RepKClark,Democrat,http://pbs.twimg.com/media/EX0UD45XkAApBFO.jpg,1260265785861210112_e776453e07d0.jpg,tweet_images/1260265785861210112_e776453e07d0.jpg
1188607964057395201,RepAndyBiggsAZ,Republican,http://pbs.twimg.com/media/EH6maOdXYAAwb9j.jpg,1188607964057395201_29a7cb476c5e.jpg,tweet_images/1188607964057395201_29a7cb476c5e.jpg
1416067079577477121,RepHarshbarger,Republican,http://pbs.twimg.com/media/E6bhcs6XMAU7S4c.jpg,1416067079577477121_31007a827be5.jpg,tweet_images/1416067079577477121_31007a827be5.jpg
1416067079577477121,RepHarshbarger,Republican,http://pbs.twimg.com/media/E6bhcs4XIAQWktW.jpg,1416067079577477121_b86529f4153d.jpg,tweet_images/1416067079577477121_b86529f4153d.jpg
1416067079577477121,RepHarshbarger,Republican,http://pbs.twimg.com/media/E6bhcs5XsAEC-Nl.jpg,1416067079577477121_a9d5122fd039.jpg,tweet_images/1416067079577477121_a9d5122fd039.jpg
1621616044749082629,RepDustyJohnson,Republican,http://pbs.twimg.com/media/FoEinezXEAAzOzh.jpg,1621616044749082629_b1493d6df580.jpg,tweet_images/1621616044749082629_b1493d6df580.jpg
1441474435148656645,RepLindaSanchez,Democrat,http://pbs.twimg.com/media/FAEkTmYVIAYtqI1.jpg,1441474435148656645_e23ee3a57258.jpg,tweet_images/1441474435148656645_e23ee3a57258.jpg
1268991713059758080,RepNewhouse,Republican,http://pbs.twimg.com/media/EZwkwK0VAAAiJ-Y.jpg,1268991713059758080_a4b1b32351e5.jpg,tweet_images/1268991713059758080_a4b1b32351e5.jpg
995044089082122241,MikeKellyPA,Republican,http://pbs.twimg.com/media/Dc8aLdcWAAAj17h.jpg,995044089082122241_8f6653cfc7ab.jpg,tweet_images/995044089082122241_8f6653cfc7ab.jpg
927600716339990529,RepBarragan,Democrat,http://pbs.twimg.com/media/DN9_z1DXcAEsSAs.jpg,927600716339990529_0a886058cce7.jpg,tweet_images/927600716339990529_0a886058cce7.jpg
1663187990007488512,RepBarragan,Democrat,http://pbs.twimg.com/media/FxTUqbZX0AA8Prd.jpg,1663187990007488512_06eb17be0781.jpg,tweet_images/1663187990007488512_06eb17be0781.jpg
1093644894021865472,SenTedCruz,Republican,http://pbs.twimg.com/media/Dy1nqDKXcAAZV8z.jpg,1093644894021865472_72ed53db34b3.jpg,tweet_images/1093644894021865472_72ed53db34b3.jpg
970777170208575489,SenCortezMasto,Democrat,http://pbs.twimg.com/media/DXjkkC5W4AAS647.jpg,970777170208575489_7ae4f4f726e1.jpg,tweet_images/970777170208575489_7ae4f4f726e1.jpg
1093962334975025152,SenJoniErnst,Republican,http://pbs.twimg.com/media/Dy6H2tuWoAE4uKo.jpg,1093962334975025152_5fc590522834.jpg,tweet_images/1093962334975025152_5fc590522834.jpg
1239927000380424193,USRepGaryPalmer,Republican,http://pbs.twimg.com/media/ETUXCb4X0AESbyX.jpg,1239927000380424193_d9632b13cc89.jpg,tweet_images/1239927000380424193_d9632b13cc89.jpg
1133802830685442054,SenJohnKennedy,Republican,http://pbs.twimg.com/media/D7wThaRXoAA0OPA.jpg,1133802830685442054_896f3d98469f.jpg,tweet_images/1133802830685442054_896f3d98469f.jpg
1133802830685442054,SenJohnKennedy,Republican,http://pbs.twimg.com/media/D7wTjTgWwAAz09X.jpg,1133802830685442054_c8d21c289d4d.jpg,tweet_images/1133802830685442054_c8d21c289d4d.jpg
954441616965726208,repcleaver,Democrat,http://pbs.twimg.com/media/DT7bcWjXkAEI4uM.jpg,954441616965726208_c9cf783501d9.jpg,tweet_images/954441616965726208_c9cf783501d9.jpg
1239939807339520000,RepMichaelGuest,Republican,http://pbs.twimg.com/media/ETUmoJ3WsAAMlB_.png,1239939807339520000_8da1bab1ac3a.png,tweet_images/1239939807339520000_8da1bab1ac3a.png
1232709110438748161,RepGosar,Republican,http://pbs.twimg.com/media/ERt2ZsQWAAUtBgd.jpg,1232709110438748161_1d3ccb433bbd.jpg,tweet_images/1232709110438748161_1d3ccb433bbd.jpg
1232709110438748161,RepGosar,Republican,http://pbs.twimg.com/media/ERt2ZsgXYAA2P9E.jpg,1232709110438748161_36c0771d66b8.jpg,tweet_images/1232709110438748161_36c0771d66b8.jpg
1232709110438748161,RepGosar,Republican,http://pbs.twimg.com/media/ERt2ZsUW4AIWo-P.jpg,1232709110438748161_64b7fc48fcd0.jpg,tweet_images/1232709110438748161_64b7fc48fcd0.jpg
1655273855508701191,RepAshleyHinson,Republican,http://pbs.twimg.com/media/Fvi2y8BWYAgDrKv.jpg,1655273855508701191_f762b2492076.jpg,tweet_images/1655273855508701191_f762b2492076.jpg
1169965141615472640,SenCapito,Republican,http://pbs.twimg.com/media/EDyLkZVXUAAZrx_.jpg,1169965141615472640_54082e0fa4e6.jpg,tweet_images/1169965141615472640_54082e0fa4e6.jpg
1432377460868501509,RepScottPeters,Democrat,http://pbs.twimg.com/media/E-DTOOFWUAUXxrS.jpg,1432377460868501509_9695e8a76300.jpg,tweet_images/1432377460868501509_9695e8a76300.jpg
1423018954751107075,SenatorBennet,Democrat,http://pbs.twimg.com/media/E7-TqhPWQAE-Y09.jpg,1423018954751107075_771dd20af08f.jpg,tweet_images/1423018954751107075_771dd20af08f.jpg
1423018954751107075,SenatorBennet,Democrat,http://pbs.twimg.com/media/E7-TrE4XMAM22-X.jpg,1423018954751107075_a63c176a50d4.jpg,tweet_images/1423018954751107075_a63c176a50d4.jpg
1673717068632559619,PattyMurray,Democrat,http://pbs.twimg.com/media/Fzo4WijaEAUFxat.jpg,1673717068632559619_df5f1d68155d.jpg,tweet_images/1673717068632559619_df5f1d68155d.jpg
968591626024210433,rep_stevewomack,Republican,http://pbs.twimg.com/media/DXEg4fFX0AAn7p3.jpg,968591626024210433_3f4f0c6d29f9.jpg,tweet_images/968591626024210433_3f4f0c6d29f9.jpg
1103072707623690246,RepBonamici,Democrat,http://pbs.twimg.com/media/D07mSnCW0AALA1O.jpg,1103072707623690246_87c1a77c7bc5.jpg,tweet_images/1103072707623690246_87c1a77c7bc5.jpg
1103072707623690246,RepBonamici,Democrat,http://pbs.twimg.com/media/D07mSnCX0AUP_WV.jpg,1103072707623690246_de935ef9824a.jpg,tweet_images/1103072707623690246_de935ef9824a.jpg
1103072707623690246,RepBonamici,Democrat,http://pbs.twimg.com/media/D07mSnBWkAEeh7w.jpg,1103072707623690246_cd5aaf7b91c3.jpg,tweet_images/1103072707623690246_cd5aaf7b91c3.jpg
1316528858863226882,Jim_Jordan,Republican,http://pbs.twimg.com/media/EkVABL6WkAYtPQz.jpg,1316528858863226882_ef32f8e301c3.jpg,tweet_images/1316528858863226882_ef32f8e301c3.jpg
1316528858863226882,Jim_Jordan,Republican,http://pbs.twimg.com/media/EkVABL4WAAAs2gB.jpg,1316528858863226882_b2013d737259.jpg,tweet_images/1316528858863226882_b2013d737259.jpg
1316528858863226882,Jim_Jordan,Republican,http://pbs.twimg.com/media/EkVABMCWkAATdtk.jpg,1316528858863226882_084a53e8a2e5.jpg,tweet_images/1316528858863226882_084a53e8a2e5.jpg
941350345074241536,RepJayapal,Democrat,http://pbs.twimg.com/media/DRBUFvUX0AAsY_R.jpg,941350345074241536_aa62ef2b7de1.jpg,tweet_images/941350345074241536_aa62ef2b7de1.jpg
1360350360058085378,RepBarragan,Democrat,http://pbs.twimg.com/media/EuDvVgGWYAcVKQq.jpg,1360350360058085378_9c338a743225.jpg,tweet_images/1360350360058085378_9c338a743225.jpg
1113125204811833347,RepAnnWagner,Republican,http://pbs.twimg.com/media/D3Kcp6nWkAAUu9m.jpg,1113125204811833347_61901328390f.jpg,tweet_images/1113125204811833347_61901328390f.jpg
1408789124312670213,RepAuchincloss,Democrat,http://pbs.twimg.com/media/E40GPVxXoAcYpg4.jpg,1408789124312670213_95b45b7098b0.jpg,tweet_images/1408789124312670213_95b45b7098b0.jpg
1171456952406200328,RepHoulahan,Democrat,http://pbs.twimg.com/media/EEHZ4dIUwA0jmbQ.jpg,1171456952406200328_a77655ee3c0c.jpg,tweet_images/1171456952406200328_a77655ee3c0c.jpg
1296246423596474371,RepStephenLynch,Democrat,http://pbs.twimg.com/media/Ef0xQCUXgAMW42B.jpg,1296246423596474371_30c8f8eccc9d.jpg,tweet_images/1296246423596474371_30c8f8eccc9d.jpg
1296246423596474371,RepStephenLynch,Democrat,http://pbs.twimg.com/media/Ef0xQCUWAAELC0e.jpg,1296246423596474371_d5d84b2bd438.jpg,tweet_images/1296246423596474371_d5d84b2bd438.jpg
905497259370041345,RepTenney,Republican,http://pbs.twimg.com/media/DJD4yivXcAAPqN6.png,905497259370041345_2db6164655ee.png,tweet_images/905497259370041345_2db6164655ee.png
1255881604549029894,RepRaskin,Democrat,http://pbs.twimg.com/media/EU8YXz6XQAACP1_.jpg,1255881604549029894_fc8a3d2fc3fd.jpg,tweet_images/1255881604549029894_fc8a3d2fc3fd.jpg
1255881604549029894,RepRaskin,Democrat,http://pbs.twimg.com/media/EU8YX0EXsAU3MP2.jpg,1255881604549029894_be60838ff926.jpg,tweet_images/1255881604549029894_be60838ff926.jpg
1337533795344523267,SenatorShaheen,Democrat,http://pbs.twimg.com/media/Eoy9MWYWMAAMlaI.jpg,1337533795344523267_672e34f109b3.jpg,tweet_images/1337533795344523267_672e34f109b3.jpg
1526320976069287936,RepMikeLevin,Democrat,http://pbs.twimg.com/media/FS6U1YTXEAEJjSs.jpg,1526320976069287936_e301d0954f7f.jpg,tweet_images/1526320976069287936_e301d0954f7f.jpg
1194977294185619457,JoaquinCastrotx,Democrat,http://pbs.twimg.com/media/EJSBhjiWkAI79dk.jpg,1194977294185619457_dfd8eecb8f3f.jpg,tweet_images/1194977294185619457_dfd8eecb8f3f.jpg
1194977294185619457,JoaquinCastrotx,Democrat,http://pbs.twimg.com/media/EJSB-96WsAEWUhK.jpg,1194977294185619457_3a2f5bbeb82b.jpg,tweet_images/1194977294185619457_3a2f5bbeb82b.jpg
1619154860364140544,SenatorHagerty,Republican,http://pbs.twimg.com/media/Fnhkw3_XwAAhGnP.jpg,1619154860364140544_f79b00ca3508.jpg,tweet_images/1619154860364140544_f79b00ca3508.jpg
951951926748372992,SenJoniErnst,Republican,http://pbs.twimg.com/media/DTXp31VXUAAemaO.png,951951926748372992_4ba5b13db043.png,tweet_images/951951926748372992_4ba5b13db043.png
1607402352730058755,SenatorBaldwin,Democrat,http://pbs.twimg.com/media/Fk6jfmqXoAICZzy.jpg,1607402352730058755_ec3a2e85b5bd.jpg,tweet_images/1607402352730058755_ec3a2e85b5bd.jpg
1508868145527857155,RepMikeLevin,Democrat,http://pbs.twimg.com/media/FPCTRWNX0AMafu3.jpg,1508868145527857155_c62c93efb161.jpg,tweet_images/1508868145527857155_c62c93efb161.jpg
1673823613303275520,RepDonBeyer,Democrat,http://pbs.twimg.com/media/FzlJjd6XoAE8yj7.jpg,1673823613303275520_20b15504bfeb.jpg,tweet_images/1673823613303275520_20b15504bfeb.jpg
1673823613303275520,RepDonBeyer,Democrat,http://pbs.twimg.com/media/FzlJjzQXwAAsKpa.jpg,1673823613303275520_bd42cd877a35.jpg,tweet_images/1673823613303275520_bd42cd877a35.jpg
1221127233881825281,RepScottPeters,Democrat,http://pbs.twimg.com/media/EPEgOneUYAAQRqb.jpg,1221127233881825281_f9133a2c2efa.jpg,tweet_images/1221127233881825281_f9133a2c2efa.jpg
1221127233881825281,RepScottPeters,Democrat,http://pbs.twimg.com/media/EPEgOneUwAAu0xU.jpg,1221127233881825281_9035bb3f68a6.jpg,tweet_images/1221127233881825281_9035bb3f68a6.jpg
1264880944357478400,RepChuck,Republican,http://pbs.twimg.com/media/EY3CP4aWoAENllz.jpg,1264880944357478400_a838b9636cb9.jpg,tweet_images/1264880944357478400_a838b9636cb9.jpg
1101282138937266177,PattyMurray,Democrat,http://pbs.twimg.com/media/D0iKDTRWwAAuCar.jpg,1101282138937266177_9dad9688918a.jpg,tweet_images/1101282138937266177_9dad9688918a.jpg
1147192163819823104,PattyMurray,Democrat,http://pbs.twimg.com/media/D-uSrjaWsAIEj5t.png,1147192163819823104_2d268a720720.png,tweet_images/1147192163819823104_2d268a720720.png
1406967358049206276,RepLisaMcClain,Republican,http://pbs.twimg.com/media/E4aMURiWUAAmxce.jpg,1406967358049206276_85f3039d7bb9.jpg,tweet_images/1406967358049206276_85f3039d7bb9.jpg
1590746154660433920,RepMMM,Republican,http://pbs.twimg.com/media/FhNSqFaXkAY6URJ.jpg,1590746154660433920_a578cd750a56.jpg,tweet_images/1590746154660433920_a578cd750a56.jpg
1616484889909669888,RepBrownley,Democrat,http://pbs.twimg.com/media/Fm7lu4JacAQcHQx.jpg,1616484889909669888_07358c9f31cc.jpg,tweet_images/1616484889909669888_07358c9f31cc.jpg
1416064949898694659,RepBeatty,Democrat,http://pbs.twimg.com/media/E6bfj5fWEAATQkY.jpg,1416064949898694659_5ad9960d0aae.jpg,tweet_images/1416064949898694659_5ad9960d0aae.jpg
933366329113042949,SenatorDurbin,Democrat,http://pbs.twimg.com/media/DPMGxl7V4AE535l.jpg,933366329113042949_4b575d835efe.jpg,tweet_images/933366329113042949_4b575d835efe.jpg
1222599902133391361,Jim_Jordan,Republican,http://pbs.twimg.com/media/EPeEaErW4AY_7Bt.png,1222599902133391361_0b74415ee673.png,tweet_images/1222599902133391361_0b74415ee673.png
1499824325653901313,RepLoisFrankel,Democrat,http://pbs.twimg.com/media/FNByIURXwAE3ZIo.jpg,1499824325653901313_711d7265a92e.jpg,tweet_images/1499824325653901313_711d7265a92e.jpg
1505565931392622601,StaceyPlaskett,Democrat,http://pbs.twimg.com/media/FOTT6X9WYAIuWM9.jpg,1505565931392622601_193108f38581.jpg,tweet_images/1505565931392622601_193108f38581.jpg
1383803724246634498,SenJackyRosen,Democrat,http://pbs.twimg.com/media/Ey8dyucWYAM0PMO.jpg,1383803724246634498_3ad23506187a.jpg,tweet_images/1383803724246634498_3ad23506187a.jpg
1056990316304183297,RepThompson,Democrat,http://pbs.twimg.com/media/DqsUXtDUUAAN7f4.jpg,1056990316304183297_4b3ec0dc1596.jpg,tweet_images/1056990316304183297_4b3ec0dc1596.jpg
908811599242301441,RepDonBacon,Republican,http://pbs.twimg.com/media/DJxIUDFX0AEaYg4.jpg,908811599242301441_1ec975143e55.jpg,tweet_images/908811599242301441_1ec975143e55.jpg
908811599242301441,RepDonBacon,Republican,http://pbs.twimg.com/media/DJxIUEBW4AANSMc.jpg,908811599242301441_ff7d1536963d.jpg,tweet_images/908811599242301441_ff7d1536963d.jpg
1331307684260438018,JoaquinCastrotx,Democrat,http://pbs.twimg.com/media/EnnAs2SXMAg1frQ.jpg,1331307684260438018_b076dfdc16c0.jpg,tweet_images/1331307684260438018_b076dfdc16c0.jpg
1398153943448965121,SenRonJohnson,Republican,http://pbs.twimg.com/media/E2c8145WUAA9kgx.jpg,1398153943448965121_252ffe3c3a00.jpg,tweet_images/1398153943448965121_252ffe3c3a00.jpg
1571179942599163904,MarshaBlackburn,Republican,http://pbs.twimg.com/media/Fc3zqpjXkAQVaQv.jpg,1571179942599163904_16c23d048ccb.jpg,tweet_images/1571179942599163904_16c23d048ccb.jpg
1194632764487655426,RepJoeMorelle,Democrat,http://pbs.twimg.com/media/EJLfq7wXsAA916v.jpg,1194632764487655426_d78450a0932b.jpg,tweet_images/1194632764487655426_d78450a0932b.jpg
1276942706095292422,RepLloydDoggett,Democrat,http://pbs.twimg.com/media/EbicbToXYAED9yI.jpg,1276942706095292422_7cab75fc9285.jpg,tweet_images/1276942706095292422_7cab75fc9285.jpg
1102381313674436608,RepDean,Democrat,http://pbs.twimg.com/media/D0xx4K1W0AAwzNA.jpg,1102381313674436608_d4346328c970.jpg,tweet_images/1102381313674436608_d4346328c970.jpg
1008441668562030596,RepThompson,Democrat,http://pbs.twimg.com/media/Df60WhlXUAAQ5AT.jpg,1008441668562030596_024f598c0b88.jpg,tweet_images/1008441668562030596_024f598c0b88.jpg
1008441668562030596,RepThompson,Democrat,http://pbs.twimg.com/media/Df60WiOWsAIQTEw.jpg,1008441668562030596_b663659e4045.jpg,tweet_images/1008441668562030596_b663659e4045.jpg
1238880571800969216,RepRaulRuizMD,Democrat,http://pbs.twimg.com/media/ETArvG4XsAAG8zx.jpg,1238880571800969216_7034211248ec.jpg,tweet_images/1238880571800969216_7034211248ec.jpg
1513210647043096579,Rep_Clyde,Republican,http://pbs.twimg.com/media/FQABEEdXsAMv8oT.jpg,1513210647043096579_17963fa5c13e.jpg,tweet_images/1513210647043096579_17963fa5c13e.jpg
1460078853305503745,lisamurkowski,Republican,http://pbs.twimg.com/media/FEHLSD6WQAA4lIu.jpg,1460078853305503745_cea797115e71.jpg,tweet_images/1460078853305503745_cea797115e71.jpg
1625595653542801408,RepBuddyCarter,Republican,http://pbs.twimg.com/media/Fo9GoFAWIA0Y5n9.jpg,1625595653542801408_6c5251deaf92.jpg,tweet_images/1625595653542801408_6c5251deaf92.jpg
1461097202286317568,RepDarrenSoto,Democrat,http://pbs.twimg.com/media/FEbcJR4WUAAgunr.jpg,1461097202286317568_cadfcc4a9cb3.jpg,tweet_images/1461097202286317568_cadfcc4a9cb3.jpg
1062750475257294849,RepJimmyPanetta,Democrat,http://pbs.twimg.com/media/Dr-kqXYU4AAS3rF.jpg,1062750475257294849_5810c5fd3294.jpg,tweet_images/1062750475257294849_5810c5fd3294.jpg
1534271868521394176,RepNikema,Democrat,http://pbs.twimg.com/media/FUrUICTXsAEIkU2.jpg,1534271868521394176_a81bd3d48faa.jpg,tweet_images/1534271868521394176_a81bd3d48faa.jpg
1266007688238051331,RepJahanaHayes,Democrat,http://pbs.twimg.com/media/EZHDR9_WsAEIkIH.jpg,1266007688238051331_0a198ab013ab.jpg,tweet_images/1266007688238051331_0a198ab013ab.jpg
1478790680499859457,RepJasonCrow,Democrat,http://pbs.twimg.com/media/FH4GmulXEAMbHQw.jpg,1478790680499859457_5b79eb2f87dc.jpg,tweet_images/1478790680499859457_5b79eb2f87dc.jpg
1036803196025487360,RepTerriSewell,Democrat,http://pbs.twimg.com/media/DmN3AorWsAEbL2z.jpg,1036803196025487360_01a71a656013.jpg,tweet_images/1036803196025487360_01a71a656013.jpg
1010522871251136513,BettyMcCollum04,Democrat,http://pbs.twimg.com/media/DgUM5plXcAEge5f.jpg,1010522871251136513_ba3cc5122e71.jpg,tweet_images/1010522871251136513_ba3cc5122e71.jpg
1357315942317973504,RepDonBeyer,Democrat,http://pbs.twimg.com/media/EtUFZxcWYAAJr6U.jpg,1357315942317973504_63892235fd0b.jpg,tweet_images/1357315942317973504_63892235fd0b.jpg
893536503942348800,PattyMurray,Democrat,http://pbs.twimg.com/media/DGZ6to-UwAAwa1F.jpg,893536503942348800_2d03f4ab7d1e.jpg,tweet_images/893536503942348800_2d03f4ab7d1e.jpg
1432381516831657996,SenTuberville,Republican,http://pbs.twimg.com/media/E-ChomWXIAE6OKm.png,1432381516831657996_6ec25a697b5c.png,tweet_images/1432381516831657996_6ec25a697b5c.png
1660667986686910464,BobbyScott,Democrat,http://pbs.twimg.com/media/FwqCIGyXsAA3Q0N.jpg,1660667986686910464_abe4aecd4ac1.jpg,tweet_images/1660667986686910464_abe4aecd4ac1.jpg
1567888816794386432,RepEllzey,Republican,http://pbs.twimg.com/media/FcJCkUcXwAM0AYN.jpg,1567888816794386432_77b4c9864085.jpg,tweet_images/1567888816794386432_77b4c9864085.jpg
1567888816794386432,RepEllzey,Republican,http://pbs.twimg.com/media/FcJCkUgWQAAYCAc.jpg,1567888816794386432_bc7c53636823.jpg,tweet_images/1567888816794386432_bc7c53636823.jpg
1567888816794386432,RepEllzey,Republican,http://pbs.twimg.com/media/FcJCkUeXEAAXhvj.jpg,1567888816794386432_cb17689c7e9d.jpg,tweet_images/1567888816794386432_cb17689c7e9d.jpg
1567888816794386432,RepEllzey,Republican,http://pbs.twimg.com/media/FcJCkUdX0Ac3-1J.jpg,1567888816794386432_dec54278fb8c.jpg,tweet_images/1567888816794386432_dec54278fb8c.jpg
1024037023567499264,repmarkpocan,Democrat,http://pbs.twimg.com/media/DjRPa7fVAAYK1oH.jpg,1024037023567499264_0f4ba1a968a7.jpg,tweet_images/1024037023567499264_0f4ba1a968a7.jpg
1415728366435635204,RepEspaillat,Democrat,http://pbs.twimg.com/media/E6WbSM9XsAAyuZD.jpg,1415728366435635204_99eac3b75871.jpg,tweet_images/1415728366435635204_99eac3b75871.jpg
1471596685189124102,RepCasten,Democrat,http://pbs.twimg.com/media/FGwpUWAXoAkFkfy.jpg,1471596685189124102_d9bf8baf2c96.jpg,tweet_images/1471596685189124102_d9bf8baf2c96.jpg
1087795814255247360,JoaquinCastrotx,Democrat,http://pbs.twimg.com/media/Dxic5NuVYAAfh4e.jpg,1087795814255247360_6ed87578bd23.jpg,tweet_images/1087795814255247360_6ed87578bd23.jpg
1500989279836717062,RepLoriTrahan,Democrat,http://pbs.twimg.com/media/FNSVy2IXIAEssrI.jpg,1500989279836717062_10b529298ee3.jpg,tweet_images/1500989279836717062_10b529298ee3.jpg
1379112942025777153,RepChuyGarcia,Democrat,http://pbs.twimg.com/media/EyOX1epWgAUC5my.jpg,1379112942025777153_0a655d63d047.jpg,tweet_images/1379112942025777153_0a655d63d047.jpg
1379112942025777153,RepChuyGarcia,Democrat,http://pbs.twimg.com/media/EyOX1esXAAE6tUg.jpg,1379112942025777153_a96676486b33.jpg,tweet_images/1379112942025777153_a96676486b33.jpg
1379112942025777153,RepChuyGarcia,Democrat,http://pbs.twimg.com/media/EyOX1fAWgAE6P54.jpg,1379112942025777153_1dab099c2a95.jpg,tweet_images/1379112942025777153_1dab099c2a95.jpg
1379112942025777153,RepChuyGarcia,Democrat,http://pbs.twimg.com/media/EyOX1fVWUAUgVWQ.jpg,1379112942025777153_a7ac75c69541.jpg,tweet_images/1379112942025777153_a7ac75c69541.jpg
1095804787919069187,RepMikeLevin,Democrat,http://pbs.twimg.com/media/DzUUmHNXcAIfpTy.jpg,1095804787919069187_f97a93abd901.jpg,tweet_images/1095804787919069187_f97a93abd901.jpg
1432440888643436551,RepGonzalez,Democrat,http://pbs.twimg.com/media/E9AEnzgWEAgWln_.jpg,1432440888643436551_201df9ae2f07.jpg,tweet_images/1432440888643436551_201df9ae2f07.jpg
1582868803687714816,RepTomEmmer,Republican,http://pbs.twimg.com/media/Ffd6yLMWIAQsxKh.jpg,1582868803687714816_a5cc4968b42d.jpg,tweet_images/1582868803687714816_a5cc4968b42d.jpg
1379856943905435650,RepDonBacon,Republican,http://pbs.twimg.com/media/EyY8k-_WQAcKN78.jpg,1379856943905435650_855c43a9d494.jpg,tweet_images/1379856943905435650_855c43a9d494.jpg
1476703913411710990,RepBrownley,Democrat,http://pbs.twimg.com/media/FH5ODPwVkAY14NS.jpg,1476703913411710990_8fbfa3c0b06b.jpg,tweet_images/1476703913411710990_8fbfa3c0b06b.jpg
1129470407164289024,RepRWilliams,Republican,http://pbs.twimg.com/media/D6yvWHnW4AA7pas.jpg,1129470407164289024_35f43fa12b87.jpg,tweet_images/1129470407164289024_35f43fa12b87.jpg
1260620387668430850,MikeCrapo,Republican,http://pbs.twimg.com/media/EX6ec8HWsAInem_.jpg,1260620387668430850_8ffc7cbfbf63.jpg,tweet_images/1260620387668430850_8ffc7cbfbf63.jpg
1260620387668430850,MikeCrapo,Republican,http://pbs.twimg.com/media/EX6edOXX0AArjjo.jpg,1260620387668430850_7f23a35f59e5.jpg,tweet_images/1260620387668430850_7f23a35f59e5.jpg
1260620387668430850,MikeCrapo,Republican,http://pbs.twimg.com/media/EX6edskWAAA9Bot.jpg,1260620387668430850_b25a626a162c.jpg,tweet_images/1260620387668430850_b25a626a162c.jpg
1457780316580442115,RepBost,Republican,http://pbs.twimg.com/media/FDsTeCwaQAA4hWi.jpg,1457780316580442115_17854ca67d91.jpg,tweet_images/1457780316580442115_17854ca67d91.jpg
1072966984139243536,JerryMoran,Republican,http://pbs.twimg.com/media/DuPr1qqWoAA0W8k.jpg,1072966984139243536_5521c6eb9712.jpg,tweet_images/1072966984139243536_5521c6eb9712.jpg
1629520075484024833,RepDanCrenshaw,Republican,http://pbs.twimg.com/media/Fp033yFWAAo7K76.jpg,1629520075484024833_73edbbe5a340.jpg,tweet_images/1629520075484024833_73edbbe5a340.jpg
1153710711983562753,RepRashida,Democrat,http://pbs.twimg.com/media/EALNlAEXsAAlT63.jpg,1153710711983562753_973462f02b18.jpg,tweet_images/1153710711983562753_973462f02b18.jpg
1136008213910962176,RepTrentKelly,Republican,http://pbs.twimg.com/media/D8PpGkPXUAAwip3.jpg,1136008213910962176_c10c390e1b14.jpg,tweet_images/1136008213910962176_c10c390e1b14.jpg
1369378038480257028,RepWilson,Democrat,http://pbs.twimg.com/media/EwEB1Z5XcBAoOfC.jpg,1369378038480257028_0fb6d46e59b8.jpg,tweet_images/1369378038480257028_0fb6d46e59b8.jpg
1461741917595656196,RepGaramendi,Democrat,http://pbs.twimg.com/media/FEklstYWUA0OHp4.jpg,1461741917595656196_835ddefffd6f.jpg,tweet_images/1461741917595656196_835ddefffd6f.jpg
1357069529633947653,RobWittman,Republican,http://pbs.twimg.com/media/EtVHisCXEAMhCIN.jpg,1357069529633947653_3a749fde6b68.jpg,tweet_images/1357069529633947653_3a749fde6b68.jpg
1317473447828770818,RepKimSchrier,Democrat,http://pbs.twimg.com/media/EkZWPwDUwAAe9Kw.jpg,1317473447828770818_0a2497fd3050.jpg,tweet_images/1317473447828770818_0a2497fd3050.jpg
1222191799898460160,RepHorsford,Democrat,http://pbs.twimg.com/media/EPYY8JaX4AAbkgh.jpg,1222191799898460160_1c995f83ceb3.jpg,tweet_images/1222191799898460160_1c995f83ceb3.jpg
1529952046052524033,RepCohen,Democrat,http://pbs.twimg.com/media/FTtIN6_UAAAdWNY.jpg,1529952046052524033_01c629fb27ea.jpg,tweet_images/1529952046052524033_01c629fb27ea.jpg
1168531460883648512,RepCarolMiller,Republican,http://pbs.twimg.com/media/EDd1K1IX4AAS7zQ.jpg,1168531460883648512_26f5895bb888.jpg,tweet_images/1168531460883648512_26f5895bb888.jpg
1544469280263225344,RepJahanaHayes,Democrat,http://pbs.twimg.com/media/FW8On9cXkAM9t0a.jpg,1544469280263225344_2e4660888245.jpg,tweet_images/1544469280263225344_2e4660888245.jpg
1544469280263225344,RepJahanaHayes,Democrat,http://pbs.twimg.com/media/FW8On9bWQAIhlqD.jpg,1544469280263225344_61c315824b40.jpg,tweet_images/1544469280263225344_61c315824b40.jpg
1544469280263225344,RepJahanaHayes,Democrat,http://pbs.twimg.com/media/FW8On9aWIAA3B77.jpg,1544469280263225344_c2f26d6d4748.jpg,tweet_images/1544469280263225344_c2f26d6d4748.jpg
1544469280263225344,RepJahanaHayes,Democrat,http://pbs.twimg.com/media/FW8On9fXwAIUUpM.jpg,1544469280263225344_49ac07b12132.jpg,tweet_images/1544469280263225344_49ac07b12132.jpg
1415089406327676928,RepMMM,Republican,http://pbs.twimg.com/media/E6M6ioiWQAg9-mQ.jpg,1415089406327676928_1052f1e9e352.jpg,tweet_images/1415089406327676928_1052f1e9e352.jpg
1589694269648175104,RepThompson,Democrat,http://pbs.twimg.com/media/Fg-Z5jWWIAAhhGz.png,1589694269648175104_ed8dc4cbcedd.png,tweet_images/1589694269648175104_ed8dc4cbcedd.png
1570928377628078080,RepJimBanks,Republican,http://pbs.twimg.com/media/Fcu6OpJXgAUV0WU.jpg,1570928377628078080_907f478c8ccf.jpg,tweet_images/1570928377628078080_907f478c8ccf.jpg
1570928377628078080,RepJimBanks,Republican,http://pbs.twimg.com/media/Fcu6OpNWAAIP9UT.jpg,1570928377628078080_6fad627c1c36.jpg,tweet_images/1570928377628078080_6fad627c1c36.jpg
1570928377628078080,RepJimBanks,Republican,http://pbs.twimg.com/media/Fcu6OpKXgAA5DKK.jpg,1570928377628078080_bb39881bee6f.jpg,tweet_images/1570928377628078080_bb39881bee6f.jpg
1570928377628078080,RepJimBanks,Republican,http://pbs.twimg.com/media/Fcu6OpIXkAA5uNT.jpg,1570928377628078080_c9dba35e77fb.jpg,tweet_images/1570928377628078080_c9dba35e77fb.jpg
1591061934497054721,CongressmanRaja,Democrat,http://pbs.twimg.com/media/FhOEi7mXkAEC4Cl.jpg,1591061934497054721_e0062aa7298f.jpg,tweet_images/1591061934497054721_e0062aa7298f.jpg
1506407207973363717,RepPressley,Democrat,http://pbs.twimg.com/media/FOfVXD_X0AMR4el.jpg,1506407207973363717_507cd7f416c7.jpg,tweet_images/1506407207973363717_507cd7f416c7.jpg
1192195420220534785,SenatorCantwell,Democrat,http://pbs.twimg.com/media/EIuHafbWsAA2vbz.jpg,1192195420220534785_00628b90bf2f.jpg,tweet_images/1192195420220534785_00628b90bf2f.jpg
1486094402657583105,RepDwightEvans,Democrat,http://pbs.twimg.com/media/FJ9E-TAXMAAnOoT.jpg,1486094402657583105_3b277a9f58c9.jpg,tweet_images/1486094402657583105_3b277a9f58c9.jpg
1486094402657583105,RepDwightEvans,Democrat,http://pbs.twimg.com/media/FJ9E-UiXEAEYc8O.jpg,1486094402657583105_f0bd58ff5624.jpg,tweet_images/1486094402657583105_f0bd58ff5624.jpg
1486094402657583105,RepDwightEvans,Democrat,http://pbs.twimg.com/media/FJ9E-TAXoAIWQNY.jpg,1486094402657583105_5e8493a7011a.jpg,tweet_images/1486094402657583105_5e8493a7011a.jpg
1207005382482288641,SenKevinCramer,Republican,http://pbs.twimg.com/media/EMAk_ndWoAI5kSX.jpg,1207005382482288641_082b98d1f363.jpg,tweet_images/1207005382482288641_082b98d1f363.jpg
1019688263244701696,RepStefanik,Republican,http://pbs.twimg.com/media/DiaNZSmX0AAxJyY.jpg,1019688263244701696_8ede752ae011.jpg,tweet_images/1019688263244701696_8ede752ae011.jpg
1052327602361372672,RepScottPeters,Democrat,http://pbs.twimg.com/media/DpqYKV-W0AAxHzU.jpg,1052327602361372672_7bb009df72ed.jpg,tweet_images/1052327602361372672_7bb009df72ed.jpg
1052327602361372672,RepScottPeters,Democrat,http://pbs.twimg.com/media/DpqYKXOW0AIAgnf.jpg,1052327602361372672_4801580fb704.jpg,tweet_images/1052327602361372672_4801580fb704.jpg
1052327602361372672,RepScottPeters,Democrat,http://pbs.twimg.com/media/DpqYKXgXoAALZHN.jpg,1052327602361372672_3d1aacc2dedc.jpg,tweet_images/1052327602361372672_3d1aacc2dedc.jpg
1218247966865207296,chelliepingree,Democrat,http://pbs.twimg.com/media/EOgTqSaX0AMENiP.jpg,1218247966865207296_a563ffd7dc13.jpg,tweet_images/1218247966865207296_a563ffd7dc13.jpg
1458445657044303883,RepSusieLee,Democrat,http://pbs.twimg.com/media/FD1wg7tWYAgXkIr.jpg,1458445657044303883_c19bf2cc497f.jpg,tweet_images/1458445657044303883_c19bf2cc497f.jpg
1516199097924997122,RepThomasMassie,Republican,http://pbs.twimg.com/media/FQqfCgRXsAYorry.jpg,1516199097924997122_33d49c127896.jpg,tweet_images/1516199097924997122_33d49c127896.jpg
1208064531781603328,RepWilson,Democrat,http://pbs.twimg.com/media/D9SZwf-XUAEDNnY.jpg,1208064531781603328_f0c7eef3ff2a.jpg,tweet_images/1208064531781603328_f0c7eef3ff2a.jpg
1635436931151540224,ChrisVanHollen,Democrat,http://pbs.twimg.com/media/FrI9I9PXoAA9fwO.jpg,1635436931151540224_4d1415fbb8a7.jpg,tweet_images/1635436931151540224_4d1415fbb8a7.jpg
1635436931151540224,ChrisVanHollen,Democrat,http://pbs.twimg.com/media/FrI9I87XgAIQBo0.jpg,1635436931151540224_8dfb23d80e5d.jpg,tweet_images/1635436931151540224_8dfb23d80e5d.jpg
1635436931151540224,ChrisVanHollen,Democrat,http://pbs.twimg.com/media/FrI9I88WYAIp4NY.jpg,1635436931151540224_7df8f7be2add.jpg,tweet_images/1635436931151540224_7df8f7be2add.jpg
1600588416072155139,RepNewhouse,Republican,http://pbs.twimg.com/media/FjZurhvXEAERZ2g.jpg,1600588416072155139_e6bd621e10eb.jpg,tweet_images/1600588416072155139_e6bd621e10eb.jpg
1204900703568891904,RepThompson,Democrat,http://pbs.twimg.com/media/ELiqzZjXYAIOezQ.jpg,1204900703568891904_34d4cff5adc9.jpg,tweet_images/1204900703568891904_34d4cff5adc9.jpg
1248332438360723458,RepTedLieu,Democrat,http://pbs.twimg.com/media/EVL3vLYWkAAscJc.jpg,1248332438360723458_4a4a213d31c8.jpg,tweet_images/1248332438360723458_4a4a213d31c8.jpg
1646321832935538688,RepCarbajal,Democrat,http://pbs.twimg.com/media/Ftjo-t2XwAASx19.jpg,1646321832935538688_e817b8ca66f6.jpg,tweet_images/1646321832935538688_e817b8ca66f6.jpg
1111660537257951232,SenWhitehouse,Democrat,http://pbs.twimg.com/media/D21WLOFWoAU7W6m.jpg,1111660537257951232_ab6ca5afce60.jpg,tweet_images/1111660537257951232_ab6ca5afce60.jpg
1636875492505665538,RepMGS,Democrat,http://pbs.twimg.com/media/FrdZlaXWAAM9LVm.jpg,1636875492505665538_39e2b7544c56.jpg,tweet_images/1636875492505665538_39e2b7544c56.jpg
1061280784349384705,RepRickAllen,Republican,http://pbs.twimg.com/media/DrptPzSX0AISE1G.jpg,1061280784349384705_c6c5abe6c277.jpg,tweet_images/1061280784349384705_c6c5abe6c277.jpg
1082822230558560256,RepRichHudson,Republican,http://pbs.twimg.com/media/Dwbpxr4X0AARdNY.jpg,1082822230558560256_0904f7031c0c.jpg,tweet_images/1082822230558560256_0904f7031c0c.jpg
1533806432943996928,RepPfluger,Republican,http://pbs.twimg.com/media/FUkqbIrWIAArkY_.jpg,1533806432943996928_f6e19f3d865c.jpg,tweet_images/1533806432943996928_f6e19f3d865c.jpg
1384932321187479553,GReschenthaler,Republican,http://pbs.twimg.com/media/EzgW_4kWUAIcygl.jpg,1384932321187479553_3928ea871334.jpg,tweet_images/1384932321187479553_3928ea871334.jpg
987774080718950400,MarioDB,Republican,http://pbs.twimg.com/media/DbUXwshVwAM09Pt.jpg,987774080718950400_ba71d43eedac.jpg,tweet_images/987774080718950400_ba71d43eedac.jpg
1639781590988455938,RepMikeJohnson,Republican,http://pbs.twimg.com/media/FsEQOWpX0AY6Vh6.jpg,1639781590988455938_223375972664.jpg,tweet_images/1639781590988455938_223375972664.jpg
1029034955161169920,RepYvetteClarke,Democrat,http://pbs.twimg.com/media/Dkfd1WlUwAAGJjO.jpg,1029034955161169920_f9ac02904080.jpg,tweet_images/1029034955161169920_f9ac02904080.jpg
1209190023410663424,SenatorLankford,Republican,http://pbs.twimg.com/media/EMfmwVZWsAIwfrH.jpg,1209190023410663424_8173136b4723.jpg,tweet_images/1209190023410663424_8173136b4723.jpg
1351947380766224385,RepBrianMast,Republican,http://pbs.twimg.com/media/EsMU9NHXYAA3eKu.png,1351947380766224385_a6ba30d94e60.png,tweet_images/1351947380766224385_a6ba30d94e60.png
925475501661212672,RepBuddyCarter,Republican,http://pbs.twimg.com/media/DNfytjLWsAAwXb2.jpg,925475501661212672_2f2d8e1f2662.jpg,tweet_images/925475501661212672_2f2d8e1f2662.jpg
1074764762964201479,SenatorLankford,Republican,http://pbs.twimg.com/media/DuoT3csVsAEiVOv.jpg,1074764762964201479_a139df2dd067.jpg,tweet_images/1074764762964201479_a139df2dd067.jpg
1456731563383742466,JayObernolte,Republican,http://pbs.twimg.com/media/FDYMnC_WYAU-HGM.png,1456731563383742466_43e06b486dd2.png,tweet_images/1456731563383742466_43e06b486dd2.png
1456731563383742466,JayObernolte,Republican,http://pbs.twimg.com/media/FDYMnD7XEAUlWOA.png,1456731563383742466_db822e05ac0e.png,tweet_images/1456731563383742466_db822e05ac0e.png
1159396330063716352,RepWilson,Democrat,http://pbs.twimg.com/media/EBFPPdTXYAMgRd4.jpg,1159396330063716352_d65ce8eacbb5.jpg,tweet_images/1159396330063716352_d65ce8eacbb5.jpg
1110962355440111617,rep_stevewomack,Republican,http://pbs.twimg.com/media/D2ruJhhXgAEXMqA.jpg,1110962355440111617_0bb23cc409f6.jpg,tweet_images/1110962355440111617_0bb23cc409f6.jpg
962482955577888769,RepDwightEvans,Democrat,http://pbs.twimg.com/media/DVttJMUW4AA9l2i.jpg,962482955577888769_49060ebd4426.jpg,tweet_images/962482955577888769_49060ebd4426.jpg
1367125703578247171,RepDonBeyer,Democrat,http://pbs.twimg.com/media/EvkBZyTXAAMp_6U.png,1367125703578247171_71ca21e1822f.png,tweet_images/1367125703578247171_71ca21e1822f.png
900080368660959237,MarshaBlackburn,Republican,http://pbs.twimg.com/media/DH26SqBWAAMbFFc.jpg,900080368660959237_ccb79c720f09.jpg,tweet_images/900080368660959237_ccb79c720f09.jpg
900080368660959237,MarshaBlackburn,Republican,http://pbs.twimg.com/media/DH26SqFWsAAXxsA.jpg,900080368660959237_dd2d222c8eb5.jpg,tweet_images/900080368660959237_dd2d222c8eb5.jpg
900080368660959237,MarshaBlackburn,Republican,http://pbs.twimg.com/media/DH26SqBXkAAVEgf.jpg,900080368660959237_5f67a851d4b1.jpg,tweet_images/900080368660959237_5f67a851d4b1.jpg
900080368660959237,MarshaBlackburn,Republican,http://pbs.twimg.com/media/DH26SqCXYAAE2Ii.jpg,900080368660959237_9f99676bc2cb.jpg,tweet_images/900080368660959237_9f99676bc2cb.jpg
1435329523659132931,RepNewhouse,Republican,http://pbs.twimg.com/media/E-sgLt2XIAQUtHl.jpg,1435329523659132931_e0954d558787.jpg,tweet_images/1435329523659132931_e0954d558787.jpg
1347254236145442818,RepWesterman,Republican,http://pbs.twimg.com/media/ErJnCIsVgAAfmq7.jpg,1347254236145442818_93242b7ae5e2.jpg,tweet_images/1347254236145442818_93242b7ae5e2.jpg
929807023138574341,RepBrianBabin,Republican,http://pbs.twimg.com/media/DOdWi2yW0AECH4Z.jpg,929807023138574341_a3d9e2b255d9.jpg,tweet_images/929807023138574341_a3d9e2b255d9.jpg
929807023138574341,RepBrianBabin,Republican,http://pbs.twimg.com/media/DOdWi3AWAAAQNOh.jpg,929807023138574341_430cb3da26d7.jpg,tweet_images/929807023138574341_430cb3da26d7.jpg
929807023138574341,RepBrianBabin,Republican,http://pbs.twimg.com/media/DOdWi23XUAEYbT0.jpg,929807023138574341_27b379ba061f.jpg,tweet_images/929807023138574341_27b379ba061f.jpg
929807023138574341,RepBrianBabin,Republican,http://pbs.twimg.com/media/DOdWi23X4AAQzHc.jpg,929807023138574341_33ab6984a9e4.jpg,tweet_images/929807023138574341_33ab6984a9e4.jpg
885924423034916864,SenatorBaldwin,Democrat,http://pbs.twimg.com/media/DEtvO6RXUAIS7LT.jpg,885924423034916864_f80540f46061.jpg,tweet_images/885924423034916864_f80540f46061.jpg
1375131568453353478,RepMaryMiller,Republican,http://pbs.twimg.com/media/ExVrKZGW8AA7dsl.png,1375131568453353478_e5ba1ec801c7.png,tweet_images/1375131568453353478_e5ba1ec801c7.png
1382773628111097857,SenDuckworth,Democrat,http://pbs.twimg.com/media/EzCY9FWWQAknpw_.jpg,1382773628111097857_92688e7f3689.jpg,tweet_images/1382773628111097857_92688e7f3689.jpg
1130625502111293440,RepScottPeters,Democrat,http://pbs.twimg.com/media/D7C12xjUwAAESO_.jpg,1130625502111293440_eb2dab075426.jpg,tweet_images/1130625502111293440_eb2dab075426.jpg
1130625502111293440,RepScottPeters,Democrat,http://pbs.twimg.com/media/D7C15G3UIAApm6T.jpg,1130625502111293440_066ab3feb9e7.jpg,tweet_images/1130625502111293440_066ab3feb9e7.jpg
1417587762195275791,RepRonEstes,Republican,http://pbs.twimg.com/media/E6xH_aXXsAIEyc1.jpg,1417587762195275791_f2376bf28c8a.jpg,tweet_images/1417587762195275791_f2376bf28c8a.jpg
1417587762195275791,RepRonEstes,Republican,http://pbs.twimg.com/media/E6xILLfXEAMvfnS.jpg,1417587762195275791_317c2ed27d25.jpg,tweet_images/1417587762195275791_317c2ed27d25.jpg
1417587762195275791,RepRonEstes,Republican,http://pbs.twimg.com/media/E6xIMysXEAEDe07.jpg,1417587762195275791_33db8b5b7d8f.jpg,tweet_images/1417587762195275791_33db8b5b7d8f.jpg
1138813489064153090,RepJayapal,Democrat,http://pbs.twimg.com/media/D83gh9zWsAEeV9i.jpg,1138813489064153090_d50581c2af80.jpg,tweet_images/1138813489064153090_d50581c2af80.jpg
1352690222086152192,RepWebster,Republican,http://pbs.twimg.com/media/EsW30HYXUAgYRsN.jpg,1352690222086152192_40e4e3aaf2d3.jpg,tweet_images/1352690222086152192_40e4e3aaf2d3.jpg
1202238478857232384,RepMikeQuigley,Democrat,http://pbs.twimg.com/media/EK8xLPBXYAAAN7o.jpg,1202238478857232384_444c90a7c839.jpg,tweet_images/1202238478857232384_444c90a7c839.jpg
926934615104860161,RepJimmyGomez,Democrat,http://pbs.twimg.com/media/DN0iHoHWsAE_P9J.jpg,926934615104860161_a0c42d2ddafb.jpg,tweet_images/926934615104860161_a0c42d2ddafb.jpg
1048606809899110400,RepJoshG,Democrat,http://pbs.twimg.com/media/Do03MinXgAER4Ao.jpg,1048606809899110400_a22802fca858.jpg,tweet_images/1048606809899110400_a22802fca858.jpg
906339601920544768,RepAndyBiggsAZ,Republican,http://pbs.twimg.com/media/DJP2voHWsAAM6sn.jpg,906339601920544768_0972261eb3fd.jpg,tweet_images/906339601920544768_0972261eb3fd.jpg
1351977155715076097,SenRickScott,Republican,http://pbs.twimg.com/media/EsMgeCEWMAQhIrl.jpg,1351977155715076097_e8c1b6ebeb09.jpg,tweet_images/1351977155715076097_e8c1b6ebeb09.jpg
1365349645094952961,RepBillFoster,Democrat,http://pbs.twimg.com/media/EvKxQr3XcAA9j2_.jpg,1365349645094952961_b7289c9c08e6.jpg,tweet_images/1365349645094952961_b7289c9c08e6.jpg
1467270684694953997,JohnCornyn,Republican,http://pbs.twimg.com/media/FFzK6MmWYAIIkLn.jpg,1467270684694953997_de38ce926110.jpg,tweet_images/1467270684694953997_de38ce926110.jpg
1266461612883533824,McConnellPress,Republican,http://pbs.twimg.com/media/EZNfN_gXYAAzuR2.jpg,1266461612883533824_78329d45568e.jpg,tweet_images/1266461612883533824_78329d45568e.jpg
1266461612883533824,McConnellPress,Republican,http://pbs.twimg.com/media/EZNfN_eXgAE7p0e.jpg,1266461612883533824_4163acccd618.jpg,tweet_images/1266461612883533824_4163acccd618.jpg
1620517167585460231,BobbyScott,Democrat,http://pbs.twimg.com/media/Fn07w8hXwAEe-6M.jpg,1620517167585460231_c8f1f7359033.jpg,tweet_images/1620517167585460231_c8f1f7359033.jpg
1620517167585460231,BobbyScott,Democrat,http://pbs.twimg.com/media/Fn07w8gXEAAOgVl.jpg,1620517167585460231_90c36093128b.jpg,tweet_images/1620517167585460231_90c36093128b.jpg
1333899846328086530,RonWyden,Democrat,http://pbs.twimg.com/media/EoLcnEnXYAQatqM.jpg,1333899846328086530_18ccccf7e270.jpg,tweet_images/1333899846328086530_18ccccf7e270.jpg
1333899846328086530,RonWyden,Democrat,http://pbs.twimg.com/media/EoLcnEuXUAUKLpF.jpg,1333899846328086530_7307f64906ec.jpg,tweet_images/1333899846328086530_7307f64906ec.jpg
1333899846328086530,RonWyden,Democrat,http://pbs.twimg.com/media/EoLcnEoW8AQPl7M.jpg,1333899846328086530_c4a5f3d78dbe.jpg,tweet_images/1333899846328086530_c4a5f3d78dbe.jpg
1333899846328086530,RonWyden,Democrat,http://pbs.twimg.com/media/EoLcnEsW4AA3NCJ.jpg,1333899846328086530_2c20d39ab334.jpg,tweet_images/1333899846328086530_2c20d39ab334.jpg
1148340912533245952,GReschenthaler,Republican,http://pbs.twimg.com/media/D--5-MNWwAAetf3.jpg,1148340912533245952_733935f57c6f.jpg,tweet_images/1148340912533245952_733935f57c6f.jpg
1471644465387425792,JohnCornyn,Republican,http://pbs.twimg.com/media/FGxTc9GXsAIf919.jpg,1471644465387425792_a5cf71c961ae.jpg,tweet_images/1471644465387425792_a5cf71c961ae.jpg
1017466328700063744,RepAndyHarrisMD,Republican,http://pbs.twimg.com/media/Dh7Dp6MX4AEX62o.jpg,1017466328700063744_28ee6329c01f.jpg,tweet_images/1017466328700063744_28ee6329c01f.jpg
1534211830457024512,SenatorLujan,Democrat,http://pbs.twimg.com/media/FUptSOVXwAE-fQc.jpg,1534211830457024512_00e59458259e.jpg,tweet_images/1534211830457024512_00e59458259e.jpg
913080412192243713,SenJohnBarrasso,Republican,http://pbs.twimg.com/media/DKvpucGUMAAU61o.jpg,913080412192243713_61ca9967ead8.jpg,tweet_images/913080412192243713_61ca9967ead8.jpg
1430592015910252547,SenAlexPadilla,Democrat,http://pbs.twimg.com/media/E9p7lRcXEAs_3_b.jpg,1430592015910252547_8023e5749cf2.jpg,tweet_images/1430592015910252547_8023e5749cf2.jpg
1129388173652561920,RepPressley,Democrat,http://pbs.twimg.com/media/Dxc6SSOXgAIaHTV.jpg,1129388173652561920_a77baa4a3108.jpg,tweet_images/1129388173652561920_a77baa4a3108.jpg
1371963234337632266,RepBrianBabin,Republican,http://pbs.twimg.com/media/EwoubKKWQAIxV5b.jpg,1371963234337632266_eb8d0278be30.jpg,tweet_images/1371963234337632266_eb8d0278be30.jpg
1460397728090017793,RepBonnie,Democrat,http://pbs.twimg.com/media/FERVAwPXsAEkGfv.jpg,1460397728090017793_f55f7407f3bb.jpg,tweet_images/1460397728090017793_f55f7407f3bb.jpg
999279962879352832,JoaquinCastrotx,Democrat,http://pbs.twimg.com/media/Dd4n0mVVMAMEfdE.jpg,999279962879352832_2f1561d7457d.jpg,tweet_images/999279962879352832_2f1561d7457d.jpg
1513694281013383174,FrankPallone,Democrat,http://pbs.twimg.com/media/FQG47EVXoAgZ0W5.jpg,1513694281013383174_5c7dd8693fb2.jpg,tweet_images/1513694281013383174_5c7dd8693fb2.jpg
1181727968885972993,NormaJTorres,Democrat,http://pbs.twimg.com/media/EGZXUpgXUAAd9g-.jpg,1181727968885972993_09eddd06012b.jpg,tweet_images/1181727968885972993_09eddd06012b.jpg
1286063680900214792,RepDelBene,Democrat,http://pbs.twimg.com/media/Edj_8uQXgAEBRg7.jpg,1286063680900214792_e93fa4b48e97.jpg,tweet_images/1286063680900214792_e93fa4b48e97.jpg
1548036584527736834,RepRitchie,Democrat,http://pbs.twimg.com/media/FXu7EBDVEAQkaES.jpg,1548036584527736834_ec4ccb577364.jpg,tweet_images/1548036584527736834_ec4ccb577364.jpg
1200871081680220160,FrankPallone,Democrat,http://pbs.twimg.com/media/EKpZ4ZwWsAUlGIX.jpg,1200871081680220160_eed348c48f3d.jpg,tweet_images/1200871081680220160_eed348c48f3d.jpg
1579957782929117185,RepYoungKim,Republican,http://pbs.twimg.com/media/Fe0jOhOXoBMXxKE.jpg,1579957782929117185_f88357e47c7b.jpg,tweet_images/1579957782929117185_f88357e47c7b.jpg
1579957782929117185,RepYoungKim,Republican,http://pbs.twimg.com/media/Fe0jOhMXoBQ_ZBS.jpg,1579957782929117185_8e01b80a1085.jpg,tweet_images/1579957782929117185_8e01b80a1085.jpg
1579957782929117185,RepYoungKim,Republican,http://pbs.twimg.com/media/Fe0jOhNXoAYy026.jpg,1579957782929117185_03a7136944fa.jpg,tweet_images/1579957782929117185_03a7136944fa.jpg
1579957782929117185,RepYoungKim,Republican,http://pbs.twimg.com/media/Fe0jOhKXoAcWp9M.jpg,1579957782929117185_b0428bcd3d8d.jpg,tweet_images/1579957782929117185_b0428bcd3d8d.jpg
1304383089897099264,RepGosar,Republican,http://pbs.twimg.com/media/EhmciSIXkAEdK89.jpg,1304383089897099264_ebbc81dbb45e.jpg,tweet_images/1304383089897099264_ebbc81dbb45e.jpg
1304383089897099264,RepGosar,Republican,http://pbs.twimg.com/media/EhmciSYXsAA2SOz.jpg,1304383089897099264_e1d13496a435.jpg,tweet_images/1304383089897099264_e1d13496a435.jpg
1304383089897099264,RepGosar,Republican,http://pbs.twimg.com/media/EhmciSNXcAIEr8-.jpg,1304383089897099264_eedf985d87e7.jpg,tweet_images/1304383089897099264_eedf985d87e7.jpg
1643720170672889876,RepShontelBrown,Democrat,http://pbs.twimg.com/media/Fs-Jfx2XoBkKPs3.jpg,1643720170672889876_5a7b0de554ec.jpg,tweet_images/1643720170672889876_5a7b0de554ec.jpg
1249821517875052544,NormaJTorres,Democrat,http://pbs.twimg.com/media/EVg_pT5UYAAWWPB.jpg,1249821517875052544_5caaeea2d238.jpg,tweet_images/1249821517875052544_5caaeea2d238.jpg
1570955700792045568,RepStricklandWA,Democrat,http://pbs.twimg.com/media/Fcz-beJagAAHzTv.jpg,1570955700792045568_fcf7cbb698ce.jpg,tweet_images/1570955700792045568_fcf7cbb698ce.jpg
1570955700792045568,RepStricklandWA,Democrat,http://pbs.twimg.com/media/Fcz-beMaIAEy70c.jpg,1570955700792045568_8da487a1db37.jpg,tweet_images/1570955700792045568_8da487a1db37.jpg
1570955700792045568,RepStricklandWA,Democrat,http://pbs.twimg.com/media/Fcz-beIaMAAeZRm.jpg,1570955700792045568_8d08d5032d4e.jpg,tweet_images/1570955700792045568_8d08d5032d4e.jpg
1570955700792045568,RepStricklandWA,Democrat,http://pbs.twimg.com/media/Fcz-beIaIAAjtmG.jpg,1570955700792045568_b1285ea5d3fe.jpg,tweet_images/1570955700792045568_b1285ea5d3fe.jpg
933407055867797504,JohnBoozman,Republican,http://pbs.twimg.com/media/DPQZuucX0AATOAd.jpg,933407055867797504_48ffcc95667c.jpg,tweet_images/933407055867797504_48ffcc95667c.jpg
933407055867797504,JohnBoozman,Republican,http://pbs.twimg.com/media/DPQZySYXUAMvmIb.jpg,933407055867797504_28d2624c2dd3.jpg,tweet_images/933407055867797504_28d2624c2dd3.jpg
933407055867797504,JohnBoozman,Republican,http://pbs.twimg.com/media/DPQZz1BX4AAtfcY.jpg,933407055867797504_1c34bf69457a.jpg,tweet_images/933407055867797504_1c34bf69457a.jpg
933407055867797504,JohnBoozman,Republican,http://pbs.twimg.com/media/DPQZ2drWAAApwkk.jpg,933407055867797504_a552ee9c4b97.jpg,tweet_images/933407055867797504_a552ee9c4b97.jpg
957615260831272960,RepDwightEvans,Democrat,http://pbs.twimg.com/media/DUlS-xyXUAAWMBK.jpg,957615260831272960_5c3286fc97dc.jpg,tweet_images/957615260831272960_5c3286fc97dc.jpg
957615260831272960,RepDwightEvans,Democrat,http://pbs.twimg.com/media/DUlTE6gWkAANKu9.jpg,957615260831272960_f31b1047f5c2.jpg,tweet_images/957615260831272960_f31b1047f5c2.jpg
957615260831272960,RepDwightEvans,Democrat,http://pbs.twimg.com/media/DUlTHLIWAAIZx4T.jpg,957615260831272960_a0edd15dacc9.jpg,tweet_images/957615260831272960_a0edd15dacc9.jpg
1670468199370858503,SenGaryPeters,Democrat,http://pbs.twimg.com/media/Fy6x-YrWcAI7YjA.jpg,1670468199370858503_f6bcef32a1ab.jpg,tweet_images/1670468199370858503_f6bcef32a1ab.jpg
1461005870066769921,SenTedCruz,Republican,http://pbs.twimg.com/media/FEZRJL5XoAUP0jT.jpg,1461005870066769921_0045b07d8471.jpg,tweet_images/1461005870066769921_0045b07d8471.jpg
1520932491506622469,Rep_Stansbury,Democrat,http://pbs.twimg.com/media/FRsrmD1UcAAsqjC.jpg,1520932491506622469_df98dc94ddfc.jpg,tweet_images/1520932491506622469_df98dc94ddfc.jpg
1520932491506622469,Rep_Stansbury,Democrat,http://pbs.twimg.com/media/FRsrn7oVUAA8q_P.jpg,1520932491506622469_b1bb16218b5e.jpg,tweet_images/1520932491506622469_b1bb16218b5e.jpg
1568019101385195521,RepRubenGallego,Democrat,http://pbs.twimg.com/media/FcK4eNAagAIwE_u.jpg,1568019101385195521_099ddeae7b8b.jpg,tweet_images/1568019101385195521_099ddeae7b8b.jpg
1440039145070424066,RepJasonCrow,Democrat,http://pbs.twimg.com/media/E_vm1FCXIAgBHz-.jpg,1440039145070424066_8ac27b9c330b.jpg,tweet_images/1440039145070424066_8ac27b9c330b.jpg
1440039145070424066,RepJasonCrow,Democrat,http://pbs.twimg.com/media/E_vm4xWXIAIJ3ql.jpg,1440039145070424066_d00c7705769a.jpg,tweet_images/1440039145070424066_d00c7705769a.jpg
1462087736064684039,RepDarrenSoto,Democrat,http://pbs.twimg.com/media/FEphBuKWYAM0j4Q.jpg,1462087736064684039_ffda8c97b0eb.jpg,tweet_images/1462087736064684039_ffda8c97b0eb.jpg
1670121522864717825,RepDonDavis,Democrat,http://pbs.twimg.com/media/Fy12ppLXgAEs9-f.jpg,1670121522864717825_50781d000256.jpg,tweet_images/1670121522864717825_50781d000256.jpg
1670121522864717825,RepDonDavis,Democrat,http://pbs.twimg.com/media/Fy12ppKWcAE8a7Z.jpg,1670121522864717825_45da700264d3.jpg,tweet_images/1670121522864717825_45da700264d3.jpg
1670121522864717825,RepDonDavis,Democrat,http://pbs.twimg.com/media/Fy12ppLWwAEdwr5.jpg,1670121522864717825_3ed90c8e148a.jpg,tweet_images/1670121522864717825_3ed90c8e148a.jpg
1670121522864717825,RepDonDavis,Democrat,http://pbs.twimg.com/media/Fy12ppJWAAcRo3d.jpg,1670121522864717825_33768b3e11b9.jpg,tweet_images/1670121522864717825_33768b3e11b9.jpg
1094725479200931840,RepJasonSmith,Republican,http://pbs.twimg.com/media/DzE_BSjXcAE6n30.jpg,1094725479200931840_21be3debac61.jpg,tweet_images/1094725479200931840_21be3debac61.jpg
1094725479200931840,RepJasonSmith,Republican,http://pbs.twimg.com/media/DzE_BShWsAIkpg1.jpg,1094725479200931840_d75777835325.jpg,tweet_images/1094725479200931840_d75777835325.jpg
1604616452027420673,gillibrandny,Democrat,http://pbs.twimg.com/media/FkS-EqwWIAMEVCd.jpg,1604616452027420673_3ef87d740ae9.jpg,tweet_images/1604616452027420673_3ef87d740ae9.jpg
1604616452027420673,gillibrandny,Democrat,http://pbs.twimg.com/media/FkS-EqyXgAA99eO.jpg,1604616452027420673_3603b6b9eb7d.jpg,tweet_images/1604616452027420673_3603b6b9eb7d.jpg
1604616452027420673,gillibrandny,Democrat,http://pbs.twimg.com/media/FkS-EsJX0AAc7p5.jpg,1604616452027420673_529c307ad92e.jpg,tweet_images/1604616452027420673_529c307ad92e.jpg
1604616452027420673,gillibrandny,Democrat,http://pbs.twimg.com/media/FkS-EsMX0AMKdFo.jpg,1604616452027420673_4b445c9f0c6f.jpg,tweet_images/1604616452027420673_4b445c9f0c6f.jpg
1101568743648432128,RepGolden,Democrat,http://pbs.twimg.com/media/D0mO7oxWoAYbxaN.jpg,1101568743648432128_ec8521da7a6e.jpg,tweet_images/1101568743648432128_ec8521da7a6e.jpg
1101568743648432128,RepGolden,Democrat,http://pbs.twimg.com/media/D0mO7ouX0AACBMk.jpg,1101568743648432128_f79b922863c7.jpg,tweet_images/1101568743648432128_f79b922863c7.jpg
1100778391639375872,RepMikeLevin,Democrat,http://pbs.twimg.com/media/D0a-aIkWwAE0NHM.jpg,1100778391639375872_6dcd4fa68789.jpg,tweet_images/1100778391639375872_6dcd4fa68789.jpg
1394319296147378176,SenWarren,Democrat,http://pbs.twimg.com/media/E1jB0SNWEAcPa4G.jpg,1394319296147378176_d51569a2606f.jpg,tweet_images/1394319296147378176_d51569a2606f.jpg
1420151287061131270,RepRichHudson,Republican,http://pbs.twimg.com/media/E7VjNYsWEAEJQgt.jpg,1420151287061131270_4d416d82feb3.jpg,tweet_images/1420151287061131270_4d416d82feb3.jpg
1420151287061131270,RepRichHudson,Republican,http://pbs.twimg.com/media/E7VjUm4WYAAqfow.jpg,1420151287061131270_58af97ac0274.jpg,tweet_images/1420151287061131270_58af97ac0274.jpg
1420151287061131270,RepRichHudson,Republican,http://pbs.twimg.com/media/E7VjdPZWEAUqkcD.jpg,1420151287061131270_364d84fd5840.jpg,tweet_images/1420151287061131270_364d84fd5840.jpg
1420151287061131270,RepRichHudson,Republican,http://pbs.twimg.com/media/E7Vjgp6XIAA9ynG.jpg,1420151287061131270_9a8695b92577.jpg,tweet_images/1420151287061131270_9a8695b92577.jpg
1151455727468404742,RepCohen,Democrat,http://pbs.twimg.com/media/D_nwLkhXkAEj7dW.jpg,1151455727468404742_a615ad9d0857.jpg,tweet_images/1151455727468404742_a615ad9d0857.jpg
1491079377936793602,RepLucyMcBath,Democrat,http://pbs.twimg.com/media/FKxGVMIXoAUu425.jpg,1491079377936793602_478bff474864.jpg,tweet_images/1491079377936793602_478bff474864.jpg
1083364126645276673,NormaJTorres,Democrat,http://pbs.twimg.com/media/DwjhijlWkAIZFLH.png,1083364126645276673_7a9707ea9f67.png,tweet_images/1083364126645276673_7a9707ea9f67.png
1230300110812303360,SenatorBennet,Democrat,http://pbs.twimg.com/media/ERLnbY2X0AId4PM.jpg,1230300110812303360_cd5b63b567a9.jpg,tweet_images/1230300110812303360_cd5b63b567a9.jpg
1478473812328865793,SenatorHagerty,Republican,http://pbs.twimg.com/media/FIR-Hi7XIAsOesM.jpg,1478473812328865793_6019df6c0fb5.jpg,tweet_images/1478473812328865793_6019df6c0fb5.jpg
1220146550439120896,RepDarrenSoto,Democrat,http://pbs.twimg.com/media/EO7L5nEXsAEMD5o.jpg,1220146550439120896_b9ff0dbda1e2.jpg,tweet_images/1220146550439120896_b9ff0dbda1e2.jpg
1632380445877760000,RepGregoryMeeks,Democrat,http://pbs.twimg.com/media/FqU_PLHXgAAkqro.jpg,1632380445877760000_fa3952f71c7e.jpg,tweet_images/1632380445877760000_fa3952f71c7e.jpg
1635429575378235398,JoaquinCastrotx,Democrat,http://pbs.twimg.com/media/FrIcfbKXsAEJzDI.jpg,1635429575378235398_78f02fa58190.jpg,tweet_images/1635429575378235398_78f02fa58190.jpg
1635429575378235398,JoaquinCastrotx,Democrat,http://pbs.twimg.com/media/FrIcfbIXsAInZsu.jpg,1635429575378235398_4df918936d8f.jpg,tweet_images/1635429575378235398_4df918936d8f.jpg
1129569141386567682,SenJackReed,Democrat,http://pbs.twimg.com/media/D6nJansX4AA5KAD.jpg,1129569141386567682_26cd737d0650.jpg,tweet_images/1129569141386567682_26cd737d0650.jpg
1257038057846345734,RepAndyBiggsAZ,Republican,http://pbs.twimg.com/media/EW4iToOVcAAlYSK.jpg,1257038057846345734_8edfd2874807.jpg,tweet_images/1257038057846345734_8edfd2874807.jpg
1186368206019145728,RepSmucker,Republican,http://pbs.twimg.com/media/EHbTmBdXkAAhcw4.jpg,1186368206019145728_d8705368cfd5.jpg,tweet_images/1186368206019145728_d8705368cfd5.jpg
1125874893734723586,RepCasten,Democrat,http://pbs.twimg.com/media/D5_pNDVWkAARTde.jpg,1125874893734723586_36eea5dff3d6.jpg,tweet_images/1125874893734723586_36eea5dff3d6.jpg
1125874893734723586,RepCasten,Democrat,http://pbs.twimg.com/media/D5_pNaXX4AEZd5D.jpg,1125874893734723586_a55f95e9d13b.jpg,tweet_images/1125874893734723586_a55f95e9d13b.jpg
1125874893734723586,RepCasten,Democrat,http://pbs.twimg.com/media/D5_pOA4WsAM57xW.jpg,1125874893734723586_6431fa9f1354.jpg,tweet_images/1125874893734723586_6431fa9f1354.jpg
1113183800933134336,RepGuthrie,Republican,http://pbs.twimg.com/media/D3LSve7XkAEAxs4.jpg,1113183800933134336_feff454aaa61.jpg,tweet_images/1113183800933134336_feff454aaa61.jpg
1426286901766639625,SenJohnHoeven,Republican,http://pbs.twimg.com/media/E8sr403WUAEskJq.jpg,1426286901766639625_d1af53598de2.jpg,tweet_images/1426286901766639625_d1af53598de2.jpg
954520720779948034,RepCuellar,Democrat,http://pbs.twimg.com/media/DT8jRi3W4AARcYB.jpg,954520720779948034_3c38e38a18c6.jpg,tweet_images/954520720779948034_3c38e38a18c6.jpg
1674169875663659008,SenAlexPadilla,Democrat,http://pbs.twimg.com/media/FzvYjsPWAAAR4tZ.jpg,1674169875663659008_a27eaca83af2.jpg,tweet_images/1674169875663659008_a27eaca83af2.jpg
1674169875663659008,SenAlexPadilla,Democrat,http://pbs.twimg.com/media/FzvYkv5WAAMs_Zf.jpg,1674169875663659008_fa205f33d412.jpg,tweet_images/1674169875663659008_fa205f33d412.jpg
1674169875663659008,SenAlexPadilla,Democrat,http://pbs.twimg.com/media/FzvYldHWYAIDGRC.jpg,1674169875663659008_8f506232b942.jpg,tweet_images/1674169875663659008_8f506232b942.jpg
1451285553970823171,RepJimmyPanetta,Democrat,http://pbs.twimg.com/media/FCP-zTCXoAExOoW.jpg,1451285553970823171_2aa19267b2f4.jpg,tweet_images/1451285553970823171_2aa19267b2f4.jpg
1177290033864368129,SenatorTimScott,Republican,http://pbs.twimg.com/media/EFaSJqNWkAMEkyk.jpg,1177290033864368129_5f9e08b53d99.jpg,tweet_images/1177290033864368129_5f9e08b53d99.jpg
1505898428873814021,RepWilson,Democrat,http://pbs.twimg.com/media/FOYGorQXsAQgjDv.jpg,1505898428873814021_b11409f40d06.jpg,tweet_images/1505898428873814021_b11409f40d06.jpg
1097644258159398913,RepDWStweets,Democrat,http://pbs.twimg.com/media/DzudoG_X4AEFPxM.jpg,1097644258159398913_9961ad4d4657.jpg,tweet_images/1097644258159398913_9961ad4d4657.jpg
1097644258159398913,RepDWStweets,Democrat,http://pbs.twimg.com/media/DzudoHCWwAAYtrE.jpg,1097644258159398913_05a4f62ea2fa.jpg,tweet_images/1097644258159398913_05a4f62ea2fa.jpg
1075458337041469440,RepClayHiggins,Republican,http://pbs.twimg.com/media/DuuZfJQUYAAX4Ga.jpg,1075458337041469440_397dfb2f2eaa.jpg,tweet_images/1075458337041469440_397dfb2f2eaa.jpg
1513203229164806150,RepFischbach,Republican,http://pbs.twimg.com/media/FP_5LYpWYAohLKQ.jpg,1513203229164806150_c26e7f1daabd.jpg,tweet_images/1513203229164806150_c26e7f1daabd.jpg
1308514155004080128,RepScottPeters,Democrat,http://pbs.twimg.com/media/Eii0S16X0AACrHo.jpg,1308514155004080128_bb53f8e8c6af.jpg,tweet_images/1308514155004080128_bb53f8e8c6af.jpg
1458132894224900097,RepAdams,Democrat,http://pbs.twimg.com/media/FDxTGhqWQAkUCAd.jpg,1458132894224900097_fe0801c78842.jpg,tweet_images/1458132894224900097_fe0801c78842.jpg
1232013449263116288,RepEdCase,Democrat,http://pbs.twimg.com/media/ERj9syeVAAAciWo.jpg,1232013449263116288_a1db436185b2.jpg,tweet_images/1232013449263116288_a1db436185b2.jpg
1128292938927214592,VernBuchanan,Republican,http://pbs.twimg.com/media/D6fEkgNW4AAwvGQ.jpg,1128292938927214592_5e1c5608620a.jpg,tweet_images/1128292938927214592_5e1c5608620a.jpg
1128292938927214592,VernBuchanan,Republican,http://pbs.twimg.com/media/D6fEkgMWAAIPJux.jpg,1128292938927214592_c02c17b377d0.jpg,tweet_images/1128292938927214592_c02c17b377d0.jpg
1467006518100910082,RepHuizenga,Republican,http://pbs.twimg.com/media/FFi39ErWUAc6iFm.jpg,1467006518100910082_22959e60d578.jpg,tweet_images/1467006518100910082_22959e60d578.jpg
1467006518100910082,RepHuizenga,Republican,http://pbs.twimg.com/media/FFi3_XzXIAEFuTd.jpg,1467006518100910082_c07eca16131f.jpg,tweet_images/1467006518100910082_c07eca16131f.jpg
1467006518100910082,RepHuizenga,Republican,http://pbs.twimg.com/media/FFi4BWdXEAQOPWn.jpg,1467006518100910082_35975c7bddd1.jpg,tweet_images/1467006518100910082_35975c7bddd1.jpg
1467006518100910082,RepHuizenga,Republican,http://pbs.twimg.com/media/FFi4C3iXEAMwHxx.jpg,1467006518100910082_19cf31514abf.jpg,tweet_images/1467006518100910082_19cf31514abf.jpg
882335979390062593,RepAndyBiggsAZ,Republican,http://pbs.twimg.com/media/DD21lKHUAAArGT2.jpg,882335979390062593_77d32c518d66.jpg,tweet_images/882335979390062593_77d32c518d66.jpg
1147941070023614466,RepCarbajal,Democrat,http://pbs.twimg.com/media/D-4ykA4WwAEE2Eg.jpg,1147941070023614466_27b7cef21bf1.jpg,tweet_images/1147941070023614466_27b7cef21bf1.jpg
1238509100968873985,SenatorLankford,Republican,http://pbs.twimg.com/media/ES8YJKJWsAAzvmW.jpg,1238509100968873985_41a3bbeb8f14.jpg,tweet_images/1238509100968873985_41a3bbeb8f14.jpg
1040313821758402562,KenCalvert,Republican,http://pbs.twimg.com/media/Dm_v2YqW4AAkuEG.jpg,1040313821758402562_8e20f1d55406.jpg,tweet_images/1040313821758402562_8e20f1d55406.jpg
1258437873889611777,SenCortezMasto,Democrat,http://pbs.twimg.com/media/EXMZv1XXgAgsWKn.jpg,1258437873889611777_a7b1464364e6.jpg,tweet_images/1258437873889611777_a7b1464364e6.jpg
1008804043496591361,SenJackReed,Democrat,http://pbs.twimg.com/media/Df_93kgXcAMHTKk.jpg,1008804043496591361_78fc7d222277.jpg,tweet_images/1008804043496591361_78fc7d222277.jpg
1192528063554301953,RepAdams,Democrat,http://pbs.twimg.com/media/EIy1kMOXkAcQufr.jpg,1192528063554301953_d9dd2aa00a0d.jpg,tweet_images/1192528063554301953_d9dd2aa00a0d.jpg
1084876370323427331,RepMGS,Democrat,http://pbs.twimg.com/media/Dw5BTk1WkAAwAaU.jpg,1084876370323427331_32e91ef9143f.jpg,tweet_images/1084876370323427331_32e91ef9143f.jpg
1270748984253059074,RepEscobar,Democrat,http://pbs.twimg.com/media/EaKU1RSXYAEpn-U.jpg,1270748984253059074_2324ab4b919b.jpg,tweet_images/1270748984253059074_2324ab4b919b.jpg
1270748984253059074,RepEscobar,Democrat,http://pbs.twimg.com/media/EaKU1RSXQAEGbF-.png,1270748984253059074_09f450ab4e68.png,tweet_images/1270748984253059074_09f450ab4e68.png
1270748984253059074,RepEscobar,Democrat,http://pbs.twimg.com/media/EaKU1RVXQAARqJs.png,1270748984253059074_cadad26d2416.png,tweet_images/1270748984253059074_cadad26d2416.png
1270748984253059074,RepEscobar,Democrat,http://pbs.twimg.com/media/EaKU1RTXQAA2Y3Y.png,1270748984253059074_3c5ff0a67f30.png,tweet_images/1270748984253059074_3c5ff0a67f30.png
1197185512492146689,RepRickAllen,Republican,http://pbs.twimg.com/media/EJ1B4J1WkAAU-9R.jpg,1197185512492146689_047036880484.jpg,tweet_images/1197185512492146689_047036880484.jpg
1365056181992095746,USRepKCastor,Democrat,http://pbs.twimg.com/media/EvGlR3sXYAEIXgw.jpg,1365056181992095746_c8c4531645f8.jpg,tweet_images/1365056181992095746_c8c4531645f8.jpg
1365056181992095746,USRepKCastor,Democrat,http://pbs.twimg.com/media/EvGlTpeXIAEit_4.png,1365056181992095746_7471ff3e3eb7.png,tweet_images/1365056181992095746_7471ff3e3eb7.png
1413541672152178691,RepGaramendi,Democrat,http://pbs.twimg.com/media/E53oKHFWEAUVXuv.jpg,1413541672152178691_0fe62504a84e.jpg,tweet_images/1413541672152178691_0fe62504a84e.jpg
1275838468791271424,RepRaskin,Democrat,http://pbs.twimg.com/media/EbSqCXiXgAUD6Dg.png,1275838468791271424_81577740d7a6.png,tweet_images/1275838468791271424_81577740d7a6.png
1275838468791271424,RepRaskin,Democrat,http://pbs.twimg.com/media/EbSqD7iWsAQHIOt.png,1275838468791271424_ef6d481c4dbe.png,tweet_images/1275838468791271424_ef6d481c4dbe.png
1275838468791271424,RepRaskin,Democrat,http://pbs.twimg.com/media/EbSqE9oXYAcPp6J.png,1275838468791271424_b94ee2559956.png,tweet_images/1275838468791271424_b94ee2559956.png
920006142897606657,MartinHeinrich,Democrat,http://pbs.twimg.com/media/DMRG1RWVQAAa2p9.jpg,920006142897606657_66194f4e0ef1.jpg,tweet_images/920006142897606657_66194f4e0ef1.jpg
1573384955937161222,SenTedCruz,Republican,http://pbs.twimg.com/media/FdW6YA8XwAAlV4-.jpg,1573384955937161222_33fcb44a1cd8.jpg,tweet_images/1573384955937161222_33fcb44a1cd8.jpg
1476663131568947232,RepYoungKim,Republican,http://pbs.twimg.com/media/FH4lBIqWUAYYn1K.jpg,1476663131568947232_dcbe9c3e2b1a.jpg,tweet_images/1476663131568947232_dcbe9c3e2b1a.jpg
1080252022589456384,RepHankJohnson,Democrat,http://pbs.twimg.com/media/Dv3BScKX4AAv82I.jpg,1080252022589456384_c1494acf2040.jpg,tweet_images/1080252022589456384_c1494acf2040.jpg
1080252022589456384,RepHankJohnson,Democrat,http://pbs.twimg.com/media/Dv3BScPXQAANhTC.jpg,1080252022589456384_769fe2e62e3a.jpg,tweet_images/1080252022589456384_769fe2e62e3a.jpg
1380593613583880208,RepDarrenSoto,Democrat,http://pbs.twimg.com/media/EyjXyHXXEAArnJ_.png,1380593613583880208_af32cbc913b8.png,tweet_images/1380593613583880208_af32cbc913b8.png
1163597939748614144,RepChuyGarcia,Democrat,http://pbs.twimg.com/media/ECWja8gXoAMpXz-.jpg,1163597939748614144_a6963a770249.jpg,tweet_images/1163597939748614144_a6963a770249.jpg
1616085607200989187,RepDwightEvans,Democrat,http://pbs.twimg.com/media/Fmx60rCXEAkct77.jpg,1616085607200989187_c54eecc94742.jpg,tweet_images/1616085607200989187_c54eecc94742.jpg
1237445087770148869,RepRoKhanna,Democrat,http://pbs.twimg.com/media/ESxH-nDX0AgkRof.jpg,1237445087770148869_f5057f1bd576.jpg,tweet_images/1237445087770148869_f5057f1bd576.jpg
1123679453924794369,SenatorLankford,Republican,http://pbs.twimg.com/media/D5gcf1nWAAMzVvb.jpg,1123679453924794369_2467a68092f1.jpg,tweet_images/1123679453924794369_2467a68092f1.jpg
1123679453924794369,SenatorLankford,Republican,http://pbs.twimg.com/media/D5gcf1nWAAU0A1p.jpg,1123679453924794369_ae596e915633.jpg,tweet_images/1123679453924794369_ae596e915633.jpg
1397183216113569793,RepNancyMace,Republican,http://pbs.twimg.com/media/E2PKuqOXIA47rdK.png,1397183216113569793_d6abf3a7519a.png,tweet_images/1397183216113569793_d6abf3a7519a.png
1204917032002740224,SenJohnThune,Republican,http://pbs.twimg.com/media/ELi5pv4WoAEUvAU.jpg,1204917032002740224_d7bab6e6510f.jpg,tweet_images/1204917032002740224_d7bab6e6510f.jpg
1204917032002740224,SenJohnThune,Republican,http://pbs.twimg.com/media/ELi5pvvX0AExGiv.jpg,1204917032002740224_6616a6cabcee.jpg,tweet_images/1204917032002740224_6616a6cabcee.jpg
1580996867898449921,RepYoungKim,Republican,http://pbs.twimg.com/media/FfCPdINWYAUFQ4m.jpg,1580996867898449921_036a167be9d6.jpg,tweet_images/1580996867898449921_036a167be9d6.jpg
1105883829229760512,SenCortezMasto,Democrat,http://pbs.twimg.com/media/D1jjd8KWsAEceG9.jpg,1105883829229760512_472d2f1b93be.jpg,tweet_images/1105883829229760512_472d2f1b93be.jpg
1105883829229760512,SenCortezMasto,Democrat,http://pbs.twimg.com/media/D1jjd8JX0AMpU5c.jpg,1105883829229760512_6fee7a9dacda.jpg,tweet_images/1105883829229760512_6fee7a9dacda.jpg
1105883829229760512,SenCortezMasto,Democrat,http://pbs.twimg.com/media/D1jjd8UWkAAkFF8.jpg,1105883829229760512_63047b1c58d7.jpg,tweet_images/1105883829229760512_63047b1c58d7.jpg
1556697498017726465,RepBarryMoore,Republican,http://pbs.twimg.com/media/FZqAELNX0AIiJuY.jpg,1556697498017726465_1d3e8de49155.jpg,tweet_images/1556697498017726465_1d3e8de49155.jpg
1605357012690567170,USRepMikeFlood,Republican,http://pbs.twimg.com/media/Fkc2SnVWAAAeeea.png,1605357012690567170_50338a5f83f6.png,tweet_images/1605357012690567170_50338a5f83f6.png
1644049411532820481,BradSherman,Democrat,http://pbs.twimg.com/media/FtDWOeWX0Ak5q-k.jpg,1644049411532820481_1c1783208b3a.jpg,tweet_images/1644049411532820481_1c1783208b3a.jpg
1247233307189874690,RepYvetteClarke,Democrat,http://pbs.twimg.com/media/EU8I-ysXsAMhJdr.jpg,1247233307189874690_ba433f8defdb.jpg,tweet_images/1247233307189874690_ba433f8defdb.jpg
1027310642578038784,SenJohnThune,Republican,http://pbs.twimg.com/media/DkG3O4QW4AULlKW.jpg,1027310642578038784_da93146e5230.jpg,tweet_images/1027310642578038784_da93146e5230.jpg
895329038268379137,lisamurkowski,Republican,http://pbs.twimg.com/media/DGzYt-eVYAQ_4QA.jpg,895329038268379137_e55c7770cc0e.jpg,tweet_images/895329038268379137_e55c7770cc0e.jpg
895329038268379137,lisamurkowski,Republican,http://pbs.twimg.com/media/DGzYt_gVYAAvHFx.jpg,895329038268379137_57986a27f194.jpg,tweet_images/895329038268379137_57986a27f194.jpg
1457735251741057030,SenAlexPadilla,Democrat,http://pbs.twimg.com/media/FDrqa-uWUAggkc0.jpg,1457735251741057030_0335148fc4f7.jpg,tweet_images/1457735251741057030_0335148fc4f7.jpg
1511701674813014031,RepDWStweets,Democrat,http://pbs.twimg.com/media/FPqkqVwWUAMuwfP.jpg,1511701674813014031_4b42c0af1015.jpg,tweet_images/1511701674813014031_4b42c0af1015.jpg
1307001446576074752,RepTedLieu,Democrat,http://pbs.twimg.com/media/EhlAuxdWkAYP25a.jpg,1307001446576074752_e968f9ae2158.jpg,tweet_images/1307001446576074752_e968f9ae2158.jpg
1452710129175089155,RepSpartz,Republican,http://pbs.twimg.com/media/FCkQKWJWEAgOpqC.jpg,1452710129175089155_be2d84de2ce6.jpg,tweet_images/1452710129175089155_be2d84de2ce6.jpg
1452710129175089155,RepSpartz,Republican,http://pbs.twimg.com/media/FCkQKWKWYAYcIto.jpg,1452710129175089155_8ccbbaee9e16.jpg,tweet_images/1452710129175089155_8ccbbaee9e16.jpg
1452710129175089155,RepSpartz,Republican,http://pbs.twimg.com/media/FCkQKWtXMAk8-vV.jpg,1452710129175089155_6bf4890e15aa.jpg,tweet_images/1452710129175089155_6bf4890e15aa.jpg
1499042794744209412,Jim_Jordan,Republican,http://pbs.twimg.com/media/FM2rc9cXwAYhGuJ.jpg,1499042794744209412_9044f1c82b56.jpg,tweet_images/1499042794744209412_9044f1c82b56.jpg
1098426655922638850,JoaquinCastrotx,Democrat,http://pbs.twimg.com/media/Dz5IIkEWwAMbluq.jpg,1098426655922638850_c680e6aed908.jpg,tweet_images/1098426655922638850_c680e6aed908.jpg
1152992443576532993,SenHydeSmith,Republican,http://pbs.twimg.com/media/EABAgtFXkAE4cjC.jpg,1152992443576532993_2a589bc99637.jpg,tweet_images/1152992443576532993_2a589bc99637.jpg
1552654506445246465,BobbyScott,Democrat,http://pbs.twimg.com/media/FYvzgKqX0AEKv3G.jpg,1552654506445246465_5aac7787e63c.jpg,tweet_images/1552654506445246465_5aac7787e63c.jpg
1123266103168442368,SenatorShaheen,Democrat,http://pbs.twimg.com/media/D5akkLiX4AAWEG_.jpg,1123266103168442368_bfb92b7ec5e7.jpg,tweet_images/1123266103168442368_bfb92b7ec5e7.jpg
1232719334188965889,TomColeOK04,Republican,http://pbs.twimg.com/media/ERt9hV5W4AATTk9.jpg,1232719334188965889_24d4f716366b.jpg,tweet_images/1232719334188965889_24d4f716366b.jpg
1517175025023000576,RepRonEstes,Republican,http://pbs.twimg.com/media/FQ4WpNUX0AAKvlA.jpg,1517175025023000576_a4c0d36102c4.jpg,tweet_images/1517175025023000576_a4c0d36102c4.jpg
1517175025023000576,RepRonEstes,Republican,http://pbs.twimg.com/media/FQ4WpOAWYAEJ6OJ.jpg,1517175025023000576_479e0d1f1a8c.jpg,tweet_images/1517175025023000576_479e0d1f1a8c.jpg
1517175025023000576,RepRonEstes,Republican,http://pbs.twimg.com/media/FQ4WpOzXMAACoM7.jpg,1517175025023000576_f0f561799fbb.jpg,tweet_images/1517175025023000576_f0f561799fbb.jpg
1524458225692778496,RepDarrenSoto,Democrat,http://pbs.twimg.com/media/FSf2jQbWUAMnKFi.jpg,1524458225692778496_dc8b5559931e.jpg,tweet_images/1524458225692778496_dc8b5559931e.jpg
1524458225692778496,RepDarrenSoto,Democrat,http://pbs.twimg.com/media/FSf2jQjXoAERsdm.jpg,1524458225692778496_56ae6bd92c67.jpg,tweet_images/1524458225692778496_56ae6bd92c67.jpg
1524458225692778496,RepDarrenSoto,Democrat,http://pbs.twimg.com/media/FSf2jQbWQAIeQq4.jpg,1524458225692778496_03c06853fab2.jpg,tweet_images/1524458225692778496_03c06853fab2.jpg
1512609326187245570,Rep_Stansbury,Democrat,http://pbs.twimg.com/media/FPyJr6LXEAAEjO5.jpg,1512609326187245570_5a91367c8b5a.jpg,tweet_images/1512609326187245570_5a91367c8b5a.jpg
1594370874882379776,RepSchneider,Democrat,http://pbs.twimg.com/media/FiBXw2HX0AIT6_k.jpg,1594370874882379776_7d8d51b31dd3.jpg,tweet_images/1594370874882379776_7d8d51b31dd3.jpg
930118419588009984,RepTerriSewell,Democrat,http://pbs.twimg.com/media/DOhxvfxWsAE1as2.jpg,930118419588009984_5d67b27eed63.jpg,tweet_images/930118419588009984_5d67b27eed63.jpg
1361533592183181312,RepStricklandWA,Democrat,http://pbs.twimg.com/media/EuRohrMXEAUyv0b.jpg,1361533592183181312_69f498dafaf5.jpg,tweet_images/1361533592183181312_69f498dafaf5.jpg
1325158667876884482,RepDonBacon,Republican,http://pbs.twimg.com/media/EmPoySTWMAAYXnw.png,1325158667876884482_c9a6b36be4f6.png,tweet_images/1325158667876884482_c9a6b36be4f6.png
1384258330109960192,RepFrenchHill,Republican,http://pbs.twimg.com/media/EzXfa2CUYAQxgq2.jpg,1384258330109960192_cf3d0a843989.jpg,tweet_images/1384258330109960192_cf3d0a843989.jpg
1250514100653887488,RepKClark,Democrat,http://pbs.twimg.com/media/EVpyVmsUEAI5j5N.jpg,1250514100653887488_1d69bb0d7821.jpg,tweet_images/1250514100653887488_1d69bb0d7821.jpg
900027038232391681,repdavidkustoff,Republican,http://pbs.twimg.com/media/DH2J0UwXsAAwx0v.jpg,900027038232391681_b80716f24ab4.jpg,tweet_images/900027038232391681_b80716f24ab4.jpg
900027038232391681,repdavidkustoff,Republican,http://pbs.twimg.com/media/DH2J0WOXgAAzhJq.jpg,900027038232391681_243f4b83576e.jpg,tweet_images/900027038232391681_243f4b83576e.jpg
900027038232391681,repdavidkustoff,Republican,http://pbs.twimg.com/media/DH2J0UyXsAIXIXA.jpg,900027038232391681_68d4f937c8ae.jpg,tweet_images/900027038232391681_68d4f937c8ae.jpg
900027038232391681,repdavidkustoff,Republican,http://pbs.twimg.com/media/DH2J0UrXoAIKELf.jpg,900027038232391681_740a63e81e4f.jpg,tweet_images/900027038232391681_740a63e81e4f.jpg
1646227426161176576,RepJerryNadler,Democrat,http://pbs.twimg.com/media/FtiTHizWABkYCRv.jpg,1646227426161176576_77ebe41763a8.jpg,tweet_images/1646227426161176576_77ebe41763a8.jpg
1136635917685448704,DonaldNorcross,Democrat,http://pbs.twimg.com/media/D8YkViYWkAACGxA.jpg,1136635917685448704_935daf04ae3a.jpg,tweet_images/1136635917685448704_935daf04ae3a.jpg
1136635917685448704,DonaldNorcross,Democrat,http://pbs.twimg.com/media/D8YkVibX4AA9zE-.jpg,1136635917685448704_8776ea2f7967.jpg,tweet_images/1136635917685448704_8776ea2f7967.jpg
1136635917685448704,DonaldNorcross,Democrat,http://pbs.twimg.com/media/D8YkViVX4AAXofK.jpg,1136635917685448704_17551c64bfb8.jpg,tweet_images/1136635917685448704_17551c64bfb8.jpg
1136635917685448704,DonaldNorcross,Democrat,http://pbs.twimg.com/media/D8YkViaW4AIbmDz.jpg,1136635917685448704_699120f4adbd.jpg,tweet_images/1136635917685448704_699120f4adbd.jpg
1261002658174971916,SenJohnThune,Republican,http://pbs.twimg.com/media/EX_7KVGWAAQVPjg.jpg,1261002658174971916_aabd547827f9.jpg,tweet_images/1261002658174971916_aabd547827f9.jpg
1148375527725707264,RepDebDingell,Democrat,http://pbs.twimg.com/media/D-_ZcWXXYAEdxhr.jpg,1148375527725707264_e3374139b623.jpg,tweet_images/1148375527725707264_e3374139b623.jpg
1252718376461504512,Ilhan,Democrat,http://pbs.twimg.com/media/EWKFxiMXsAERTmy.jpg,1252718376461504512_4c689cb577de.jpg,tweet_images/1252718376461504512_4c689cb577de.jpg
1120413714233143300,RepCohen,Democrat,http://pbs.twimg.com/media/D4xLe3UXoAEjcjN.jpg,1120413714233143300_8d75b3d3c708.jpg,tweet_images/1120413714233143300_8d75b3d3c708.jpg
971919024937406464,RepAdamSmith,Democrat,http://pbs.twimg.com/media/DXzzMmxV4AArzYB.jpg,971919024937406464_a7e37ba232e6.jpg,tweet_images/971919024937406464_a7e37ba232e6.jpg
971919024937406464,RepAdamSmith,Democrat,http://pbs.twimg.com/media/DXzzMmxUQAA8AGs.jpg,971919024937406464_9d351c154cc0.jpg,tweet_images/971919024937406464_9d351c154cc0.jpg
928661939861032960,RepDelBene,Democrat,http://pbs.twimg.com/media/DONFQ_KW0AE43_H.jpg,928661939861032960_d985f130747e.jpg,tweet_images/928661939861032960_d985f130747e.jpg
1648018152477827123,RepGonzalez,Democrat,http://pbs.twimg.com/media/Ft7vxWgWYAAz7NE.jpg,1648018152477827123_10aa8cd85e03.jpg,tweet_images/1648018152477827123_10aa8cd85e03.jpg
1589725661954199552,gillibrandny,Democrat,http://pbs.twimg.com/media/Fg_W8PtXoAIxGLs.jpg,1589725661954199552_11f1b64f9539.jpg,tweet_images/1589725661954199552_11f1b64f9539.jpg
1660281954900516864,WarrenDavidson,Republican,http://pbs.twimg.com/media/FwqAiUNXoAEjVA4.png,1660281954900516864_381de3f80645.png,tweet_images/1660281954900516864_381de3f80645.png
1465741603369365504,RepJudyChu,Democrat,http://pbs.twimg.com/media/FFdcK7eWUAEV62s.jpg,1465741603369365504_635b6af8f479.jpg,tweet_images/1465741603369365504_635b6af8f479.jpg
1506735680319336452,repmarkpocan,Democrat,http://pbs.twimg.com/media/FOkAGw-WQA018VA.jpg,1506735680319336452_cda7c5ce3706.jpg,tweet_images/1506735680319336452_cda7c5ce3706.jpg
1204970987877490688,SenBooker,Democrat,http://pbs.twimg.com/media/ELjCj08XYAATo5f.jpg,1204970987877490688_f24c75730461.jpg,tweet_images/1204970987877490688_f24c75730461.jpg
1192455616540876800,RepDianaDeGette,Democrat,http://pbs.twimg.com/media/EIx0D4QXYAAbgz0.jpg,1192455616540876800_ee4499d08638.jpg,tweet_images/1192455616540876800_ee4499d08638.jpg
900764785586970624,RepClayHiggins,Republican,http://pbs.twimg.com/media/DIAox6dV0AARb9F.jpg,900764785586970624_89a02f431f99.jpg,tweet_images/900764785586970624_89a02f431f99.jpg
900764785586970624,RepClayHiggins,Republican,http://pbs.twimg.com/media/DIAox6dUwAAliSe.jpg,900764785586970624_02bd0ce5d6b3.jpg,tweet_images/900764785586970624_02bd0ce5d6b3.jpg
900764785586970624,RepClayHiggins,Republican,http://pbs.twimg.com/media/DIAox68UIAEp4RS.jpg,900764785586970624_380ac84c50be.jpg,tweet_images/900764785586970624_380ac84c50be.jpg
900764785586970624,RepClayHiggins,Republican,http://pbs.twimg.com/media/DIAox64VwAAfqEZ.jpg,900764785586970624_edd69c85ec67.jpg,tweet_images/900764785586970624_edd69c85ec67.jpg
1089577358376534016,MarshaBlackburn,Republican,http://pbs.twimg.com/media/Dx701MWXcAQ7P3i.jpg,1089577358376534016_d0731d93b328.jpg,tweet_images/1089577358376534016_d0731d93b328.jpg
1101124358007934976,DorisMatsui,Democrat,http://pbs.twimg.com/media/D0foJViWoAAD3BS.jpg,1101124358007934976_22812aa7665e.jpg,tweet_images/1101124358007934976_22812aa7665e.jpg
1108888515260096512,NydiaVelazquez,Democrat,http://pbs.twimg.com/media/D2N0waAWkAEbJuj.jpg,1108888515260096512_6cfd73830af0.jpg,tweet_images/1108888515260096512_6cfd73830af0.jpg
1661112246653558806,RepKamlagerDove,Democrat,http://pbs.twimg.com/media/Fw10v2fWIBAFGG6.png,1661112246653558806_d91289827a4f.png,tweet_images/1661112246653558806_d91289827a4f.png
1047534621053931520,RepRichHudson,Republican,http://pbs.twimg.com/media/DomOoaLUUAEWpFH.jpg,1047534621053931520_ab53136fa9bd.jpg,tweet_images/1047534621053931520_ab53136fa9bd.jpg
1301259887272513536,RepRaskin,Democrat,http://pbs.twimg.com/media/Eg7_voTXYAMBGhi.jpg,1301259887272513536_6554dfdf6c93.jpg,tweet_images/1301259887272513536_6554dfdf6c93.jpg
963544246203580422,ChrisCoons,Democrat,http://pbs.twimg.com/media/DV8yT_mWAAAVN3I.jpg,963544246203580422_71df6ca4e946.jpg,tweet_images/963544246203580422_71df6ca4e946.jpg
1385966712772866050,RepRaskin,Democrat,http://pbs.twimg.com/media/EzvxWJSWYAATYw9.jpg,1385966712772866050_75944f50c294.jpg,tweet_images/1385966712772866050_75944f50c294.jpg
1516490708856750088,repdinatitus,Democrat,http://pbs.twimg.com/media/FQuoQrxXoAINdLz.jpg,1516490708856750088_a9195c39bc9a.jpg,tweet_images/1516490708856750088_a9195c39bc9a.jpg
1516490708856750088,repdinatitus,Democrat,http://pbs.twimg.com/media/FQuoQsCWYAM1AcS.jpg,1516490708856750088_36958acd8d84.jpg,tweet_images/1516490708856750088_36958acd8d84.jpg
1516490708856750088,repdinatitus,Democrat,http://pbs.twimg.com/media/FQuoQrzWUA4y0w3.jpg,1516490708856750088_10e901a38199.jpg,tweet_images/1516490708856750088_10e901a38199.jpg
1516490708856750088,repdinatitus,Democrat,http://pbs.twimg.com/media/FQuoQryWQAQtiOx.jpg,1516490708856750088_1f556af42a29.jpg,tweet_images/1516490708856750088_1f556af42a29.jpg
1116809193036578817,RepSylviaGarcia,Democrat,http://pbs.twimg.com/media/D36ZecIX4AADD-6.jpg,1116809193036578817_bd0adf44ffe9.jpg,tweet_images/1116809193036578817_bd0adf44ffe9.jpg
1031948127702532097,SenTedCruz,Republican,http://pbs.twimg.com/media/Dk__ILoVAAA02FM.jpg,1031948127702532097_91bf58b1985a.jpg,tweet_images/1031948127702532097_91bf58b1985a.jpg
1031948127702532097,SenTedCruz,Republican,http://pbs.twimg.com/media/Dk__ILoUUAAt3tx.jpg,1031948127702532097_e7bd5c26c81d.jpg,tweet_images/1031948127702532097_e7bd5c26c81d.jpg
1031948127702532097,SenTedCruz,Republican,http://pbs.twimg.com/media/Dk__IKyUwAA63y2.jpg,1031948127702532097_4978edc3993f.jpg,tweet_images/1031948127702532097_4978edc3993f.jpg
1031948127702532097,SenTedCruz,Republican,http://pbs.twimg.com/media/Dk__IKzU8AENqnA.jpg,1031948127702532097_c7d78fd736d5.jpg,tweet_images/1031948127702532097_c7d78fd736d5.jpg
1482009636505014284,RepLoisFrankel,Democrat,http://pbs.twimg.com/media/FJEjxO6XIAYNqbz.jpg,1482009636505014284_0b4bbd91c524.jpg,tweet_images/1482009636505014284_0b4bbd91c524.jpg
1489322110912811012,RepLloydDoggett,Democrat,http://pbs.twimg.com/media/FKsh-IqXsAYQTpt.jpg,1489322110912811012_7501221de16a.jpg,tweet_images/1489322110912811012_7501221de16a.jpg
922894733311135746,SenJeffMerkley,Democrat,http://pbs.twimg.com/media/DM7H3TpW0AEHnAZ.jpg,922894733311135746_e8acd29b7762.jpg,tweet_images/922894733311135746_e8acd29b7762.jpg
1479484821378416648,SenSchumer,Democrat,http://pbs.twimg.com/media/FF7yuSzWUAAlvqa.jpg,1479484821378416648_a5acaecae1c2.jpg,tweet_images/1479484821378416648_a5acaecae1c2.jpg
975879265098092550,RepYvetteClarke,Democrat,http://pbs.twimg.com/media/DYsFBGxX4AIoQs2.jpg,975879265098092550_d2184ef6a1a1.jpg,tweet_images/975879265098092550_d2184ef6a1a1.jpg
1170060160653516801,RepRaskin,Democrat,http://pbs.twimg.com/media/EDzi8RWW4AI2AQa.jpg,1170060160653516801_bc634fe853f2.jpg,tweet_images/1170060160653516801_bc634fe853f2.jpg
1170060160653516801,RepRaskin,Democrat,http://pbs.twimg.com/media/EDzi8RYXsAA7ps3.jpg,1170060160653516801_62a57dc9480e.jpg,tweet_images/1170060160653516801_62a57dc9480e.jpg
1630319462913044481,RepPeteStauber,Republican,http://pbs.twimg.com/media/FqAOuA6WAAUaFZP.jpg,1630319462913044481_18b5b380a63b.jpg,tweet_images/1630319462913044481_18b5b380a63b.jpg
1618338968768217088,RepRickLarsen,Democrat,http://pbs.twimg.com/media/FnV8K43WIB0m4Ie.jpg,1618338968768217088_d7509d31501e.jpg,tweet_images/1618338968768217088_d7509d31501e.jpg
1618338968768217088,RepRickLarsen,Democrat,http://pbs.twimg.com/media/FnV8O9uWIBMMhU_.jpg,1618338968768217088_1874fd3dd489.jpg,tweet_images/1618338968768217088_1874fd3dd489.jpg
1636054595737714689,RepJasonSmith,Republican,http://pbs.twimg.com/media/FrRu1XyX0AQJvYM.jpg,1636054595737714689_4b9bdea5d35a.jpg,tweet_images/1636054595737714689_4b9bdea5d35a.jpg
1636054595737714689,RepJasonSmith,Republican,http://pbs.twimg.com/media/FrRu1XvWwAEoxVd.jpg,1636054595737714689_ab06337e6f13.jpg,tweet_images/1636054595737714689_ab06337e6f13.jpg
1636054595737714689,RepJasonSmith,Republican,http://pbs.twimg.com/media/FrRu1bjWcAAM3pe.jpg,1636054595737714689_13a57d3ea6ef.jpg,tweet_images/1636054595737714689_13a57d3ea6ef.jpg
1636054595737714689,RepJasonSmith,Republican,http://pbs.twimg.com/media/FrRu1baWcAEGhwM.jpg,1636054595737714689_686257fd07e5.jpg,tweet_images/1636054595737714689_686257fd07e5.jpg
1447979089139310597,RepTiffany,Republican,http://pbs.twimg.com/media/FBIAx_AVQCIA_SC.jpg,1447979089139310597_a81c8d8295d1.jpg,tweet_images/1447979089139310597_a81c8d8295d1.jpg
1655983216979738642,RepTenney,Republican,http://pbs.twimg.com/media/FvsS2vkWwAABs-N.jpg,1655983216979738642_8a660304e193.jpg,tweet_images/1655983216979738642_8a660304e193.jpg
1655983216979738642,RepTenney,Republican,http://pbs.twimg.com/media/FvsS2vnWIAAf_S_.jpg,1655983216979738642_a1b5b62c4f44.jpg,tweet_images/1655983216979738642_a1b5b62c4f44.jpg
1011696383093506048,SenatorShaheen,Democrat,http://pbs.twimg.com/media/DgpEf1EWAAItChV.jpg,1011696383093506048_191758bc76a9.jpg,tweet_images/1011696383093506048_191758bc76a9.jpg
1640835547043098624,RepGregSteube,Republican,http://pbs.twimg.com/media/FsUJYqIXsAEPXu3.jpg,1640835547043098624_abd3f1a0a5f2.jpg,tweet_images/1640835547043098624_abd3f1a0a5f2.jpg
1660817899999887360,RepRickLarsen,Democrat,http://pbs.twimg.com/media/Fwxebl2aQAI197I.jpg,1660817899999887360_797ea6bf41e9.jpg,tweet_images/1660817899999887360_797ea6bf41e9.jpg
1660817899999887360,RepRickLarsen,Democrat,http://pbs.twimg.com/media/FwxeblBaMAAnQx1.jpg,1660817899999887360_7a419ff6444d.jpg,tweet_images/1660817899999887360_7a419ff6444d.jpg
1660817899999887360,RepRickLarsen,Democrat,http://pbs.twimg.com/media/FwxeblWagAACbOA.jpg,1660817899999887360_e8042d83cbb3.jpg,tweet_images/1660817899999887360_e8042d83cbb3.jpg
963553038844809216,DonaldNorcross,Democrat,http://pbs.twimg.com/media/DV8lQwyXkAAVMQN.jpg,963553038844809216_22e22f2411c0.jpg,tweet_images/963553038844809216_22e22f2411c0.jpg
1371555213023272967,RepKatCammack,Republican,http://pbs.twimg.com/media/EwidrGaXAAAcf-D.jpg,1371555213023272967_6b4eb0ce71bc.jpg,tweet_images/1371555213023272967_6b4eb0ce71bc.jpg
1371555213023272967,RepKatCammack,Republican,http://pbs.twimg.com/media/EwidrG8WUAYYIoj.jpg,1371555213023272967_bb21c09c1337.jpg,tweet_images/1371555213023272967_bb21c09c1337.jpg
1575993127055241217,RepPeteAguilar,Democrat,http://pbs.twimg.com/media/Fd8NOriWYAEFQtk.jpg,1575993127055241217_e63d04d90401.jpg,tweet_images/1575993127055241217_e63d04d90401.jpg
1554278193024176128,SenatorFischer,Republican,http://pbs.twimg.com/media/FZHnwkIXEAIr3GQ.jpg,1554278193024176128_7c1d913dd71c.jpg,tweet_images/1554278193024176128_7c1d913dd71c.jpg
1524134028877701120,SenRickScott,Republican,http://pbs.twimg.com/media/FSbPr44XMAQTQZQ.jpg,1524134028877701120_a038197db0b7.jpg,tweet_images/1524134028877701120_a038197db0b7.jpg
1173414893724295168,RepCarbajal,Democrat,http://pbs.twimg.com/media/EEjOn0dWwAAQciV.jpg,1173414893724295168_6a8d3145bd9a.jpg,tweet_images/1173414893724295168_6a8d3145bd9a.jpg
1130896431009685504,RepWalberg,Republican,http://pbs.twimg.com/media/D7HAF7XXYAEevWm.jpg,1130896431009685504_55f8d657f505.jpg,tweet_images/1130896431009685504_55f8d657f505.jpg
902351081828753411,RepClayHiggins,Republican,http://pbs.twimg.com/media/DIXKu7qVYAA90rT.jpg,902351081828753411_dc04944c62d8.jpg,tweet_images/902351081828753411_dc04944c62d8.jpg
1443948508814393350,RepDustyJohnson,Republican,http://pbs.twimg.com/media/FAnvVxYXsAE0G2-.jpg,1443948508814393350_b30a2eb73fd8.jpg,tweet_images/1443948508814393350_b30a2eb73fd8.jpg
1304157541467914245,RepDonBeyer,Democrat,http://pbs.twimg.com/media/EhlLM1ZXgAABqJx.png,1304157541467914245_239b7c97f36b.png,tweet_images/1304157541467914245_239b7c97f36b.png
1613285561380360210,RepRickAllen,Republican,http://pbs.twimg.com/media/FmOKmgrXgAAMDgG.jpg,1613285561380360210_c84e574c1b5c.jpg,tweet_images/1613285561380360210_c84e574c1b5c.jpg
1121772814783123456,reptimmons,Republican,http://pbs.twimg.com/media/D5FWU_mXkAE8jwA.jpg,1121772814783123456_a264bdb49141.jpg,tweet_images/1121772814783123456_a264bdb49141.jpg
1121772814783123456,reptimmons,Republican,http://pbs.twimg.com/media/D5FWXQKWwAEhedx.jpg,1121772814783123456_9bc67935bd15.jpg,tweet_images/1121772814783123456_9bc67935bd15.jpg
1121772814783123456,reptimmons,Republican,http://pbs.twimg.com/media/D5FWYiSWAAANlO5.jpg,1121772814783123456_b9958588ee16.jpg,tweet_images/1121772814783123456_b9958588ee16.jpg
1121772814783123456,reptimmons,Republican,http://pbs.twimg.com/media/D5FWZdSXkAEC1dk.jpg,1121772814783123456_dbf4c6c98e2a.jpg,tweet_images/1121772814783123456_dbf4c6c98e2a.jpg
1491214513965711363,SenJackyRosen,Democrat,http://pbs.twimg.com/media/FLHAU6zWYAIS0lo.png,1491214513965711363_15db9e6f6cc0.png,tweet_images/1491214513965711363_15db9e6f6cc0.png
1603131841594236931,RepHoulahan,Democrat,http://pbs.twimg.com/media/Fj92pIgWYAIAswI.jpg,1603131841594236931_8bed9e0589db.jpg,tweet_images/1603131841594236931_8bed9e0589db.jpg
1540035159877099526,RepThompson,Democrat,http://pbs.twimg.com/media/FV9My0WXwAA5D1m.jpg,1540035159877099526_358b55658cbf.jpg,tweet_images/1540035159877099526_358b55658cbf.jpg
991365680669888512,RepJimmyGomez,Democrat,http://pbs.twimg.com/media/DcIJVxdXcAEUyUI.jpg,991365680669888512_eadf2f2f1d82.jpg,tweet_images/991365680669888512_eadf2f2f1d82.jpg
991365680669888512,RepJimmyGomez,Democrat,http://pbs.twimg.com/media/DcIJXCLWsAEjTnx.jpg,991365680669888512_3bbff3e32051.jpg,tweet_images/991365680669888512_3bbff3e32051.jpg
991365680669888512,RepJimmyGomez,Democrat,http://pbs.twimg.com/media/DcIJX4JXkAYx7W5.jpg,991365680669888512_673962537488.jpg,tweet_images/991365680669888512_673962537488.jpg
991365680669888512,RepJimmyGomez,Democrat,http://pbs.twimg.com/media/DcIJY_2W0AAwPMF.jpg,991365680669888512_978854a7afff.jpg,tweet_images/991365680669888512_978854a7afff.jpg
1369748995950657537,JoaquinCastrotx,Democrat,http://pbs.twimg.com/media/EwJJtXLWEAM9qsE.jpg,1369748995950657537_4dcc2f7c4081.jpg,tweet_images/1369748995950657537_4dcc2f7c4081.jpg
1121552605119782912,RepJerryNadler,Democrat,http://pbs.twimg.com/media/D5COI5_UcAEMfmd.jpg,1121552605119782912_103b7d5607ea.jpg,tweet_images/1121552605119782912_103b7d5607ea.jpg
941313936858796033,repmarkpocan,Democrat,http://pbs.twimg.com/media/DRAnVGjXcAA56zK.jpg,941313936858796033_abee977289c3.jpg,tweet_images/941313936858796033_abee977289c3.jpg
1412781481899008007,Jim_Jordan,Republican,http://pbs.twimg.com/media/E5s1K3HWEAAgqnv.jpg,1412781481899008007_801308b20917.jpg,tweet_images/1412781481899008007_801308b20917.jpg
1412781481899008007,Jim_Jordan,Republican,http://pbs.twimg.com/media/E5s1K3GXEAQny3e.jpg,1412781481899008007_423ef707506d.jpg,tweet_images/1412781481899008007_423ef707506d.jpg
906227709193449473,RepDonBeyer,Democrat,http://pbs.twimg.com/media/DJORScUWsAE2Kwy.jpg,906227709193449473_49fa40d80a03.jpg,tweet_images/906227709193449473_49fa40d80a03.jpg
1330954490007187458,RepMGS,Democrat,http://pbs.twimg.com/media/Enh_9mTWMAMPJf8.jpg,1330954490007187458_fec0a16dd529.jpg,tweet_images/1330954490007187458_fec0a16dd529.jpg
1121426486160953344,RepLoriTrahan,Democrat,http://pbs.twimg.com/media/D5AbcZsWkAASXqT.jpg,1121426486160953344_cc3d21fcb5e3.jpg,tweet_images/1121426486160953344_cc3d21fcb5e3.jpg
1461397228375924737,RepMikeJohnson,Republican,http://pbs.twimg.com/media/FEfr8dbWYAkmgDP.jpg,1461397228375924737_42ba0cf9ecc1.jpg,tweet_images/1461397228375924737_42ba0cf9ecc1.jpg
1035601581541150725,rep_stevewomack,Republican,http://pbs.twimg.com/media/Dl8mzIAU4AAj1F0.jpg,1035601581541150725_aa1d4ff14f83.jpg,tweet_images/1035601581541150725_aa1d4ff14f83.jpg
1620541606955737090,SenSchumer,Democrat,http://pbs.twimg.com/media/Fn1QVs9WYAA_8iu.jpg,1620541606955737090_7671b2a24102.jpg,tweet_images/1620541606955737090_7671b2a24102.jpg
1366864817735270400,SenatorHick,Democrat,http://pbs.twimg.com/media/EvNC8c3VgAIddqC.jpg,1366864817735270400_daa601138a6d.jpg,tweet_images/1366864817735270400_daa601138a6d.jpg
1121574957606158336,PattyMurray,Democrat,http://pbs.twimg.com/media/D5CieQcX4AAAfUq.jpg,1121574957606158336_5d407d8c36d4.jpg,tweet_images/1121574957606158336_5d407d8c36d4.jpg
1121574957606158336,PattyMurray,Democrat,http://pbs.twimg.com/media/D5CieQdXsAEqaHd.jpg,1121574957606158336_52199f98aba2.jpg,tweet_images/1121574957606158336_52199f98aba2.jpg
1121574957606158336,PattyMurray,Democrat,http://pbs.twimg.com/media/D5CieQeXoAEktPv.jpg,1121574957606158336_d17dd3f2901e.jpg,tweet_images/1121574957606158336_d17dd3f2901e.jpg
1108747222450089985,RepSchneider,Democrat,http://pbs.twimg.com/media/D2MPtvzX4AAttpu.jpg,1108747222450089985_96fa53e98654.jpg,tweet_images/1108747222450089985_96fa53e98654.jpg
974343814201724928,RepAdams,Democrat,http://pbs.twimg.com/media/DYWP90bXkAArvwC.jpg,974343814201724928_01201a5fba01.jpg,tweet_images/974343814201724928_01201a5fba01.jpg
974343814201724928,RepAdams,Democrat,http://pbs.twimg.com/media/DYWP_gGXkAYHd7c.jpg,974343814201724928_cfb414f94439.jpg,tweet_images/974343814201724928_cfb414f94439.jpg
974343814201724928,RepAdams,Democrat,http://pbs.twimg.com/media/DYWQA0iWAAAYTpl.jpg,974343814201724928_364632e6a878.jpg,tweet_images/974343814201724928_364632e6a878.jpg
1522578616802029568,SenTedCruz,Republican,http://pbs.twimg.com/media/FSFJKckXMAEQWbp.jpg,1522578616802029568_b59bba8f852f.jpg,tweet_images/1522578616802029568_b59bba8f852f.jpg
1267581619646464003,SenSchumer,Democrat,http://pbs.twimg.com/media/EZdX148XYAAma4M.jpg,1267581619646464003_368d41031a41.jpg,tweet_images/1267581619646464003_368d41031a41.jpg
1088215409789149185,RepMcGovern,Democrat,http://pbs.twimg.com/media/DxobfCXUwAIMzSg.jpg,1088215409789149185_4cadf569a60c.jpg,tweet_images/1088215409789149185_4cadf569a60c.jpg
1088215409789149185,RepMcGovern,Democrat,http://pbs.twimg.com/media/DxobfCWU8AEXr9b.jpg,1088215409789149185_bb1ac4866776.jpg,tweet_images/1088215409789149185_bb1ac4866776.jpg
1088215409789149185,RepMcGovern,Democrat,http://pbs.twimg.com/media/DxobfCXVsAElfLt.jpg,1088215409789149185_dc16922af55c.jpg,tweet_images/1088215409789149185_dc16922af55c.jpg
1088215409789149185,RepMcGovern,Democrat,http://pbs.twimg.com/media/DxobfCVU8AAj2m8.jpg,1088215409789149185_90cda7f76d12.jpg,tweet_images/1088215409789149185_90cda7f76d12.jpg
1441115807329619970,SenatorDurbin,Democrat,http://pbs.twimg.com/media/E__Xs50VQAIfhUK.jpg,1441115807329619970_c84442fb4098.jpg,tweet_images/1441115807329619970_c84442fb4098.jpg
1441115807329619970,SenatorDurbin,Democrat,http://pbs.twimg.com/media/E__Xs51VcAAJrul.jpg,1441115807329619970_335fca6bff10.jpg,tweet_images/1441115807329619970_335fca6bff10.jpg
1124446540079292422,SenKevinCramer,Republican,http://pbs.twimg.com/media/D5rWKc7WwAAgz55.jpg,1124446540079292422_a581dcdf39e3.jpg,tweet_images/1124446540079292422_a581dcdf39e3.jpg
1294286287399202816,RepAndreCarson,Democrat,http://pbs.twimg.com/media/EfY6W-dXoAIdZmc.png,1294286287399202816_54925cb6068c.png,tweet_images/1294286287399202816_54925cb6068c.png
1321415025156853767,RepEspaillat,Democrat,http://pbs.twimg.com/media/ElYKzIOW0AAlqah.jpg,1321415025156853767_d07a1b56ac75.jpg,tweet_images/1321415025156853767_d07a1b56ac75.jpg
905483803510145027,JudgeCarter,Republican,http://pbs.twimg.com/media/DJDstoRXYAAUlMf.jpg,905483803510145027_366263fedac2.jpg,tweet_images/905483803510145027_366263fedac2.jpg
1471589197827829761,RepTenney,Republican,http://pbs.twimg.com/media/FGv08z2WYAQ_kRZ.png,1471589197827829761_c612e7320e02.png,tweet_images/1471589197827829761_c612e7320e02.png
1600599347988729921,SenDanSullivan,Republican,http://pbs.twimg.com/media/FjYmWCFWIAcn81Q.jpg,1600599347988729921_d177b9f99733.jpg,tweet_images/1600599347988729921_d177b9f99733.jpg
1195033645934940160,SenCortezMasto,Democrat,http://pbs.twimg.com/media/EJG8Wk9WsAAz6wc.png,1195033645934940160_cfc9a72b6031.png,tweet_images/1195033645934940160_cfc9a72b6031.png
1418643324378963971,SenatorShaheen,Democrat,http://pbs.twimg.com/media/E7ABVZ1XEAA5HUt.png,1418643324378963971_af9dc1cdadaf.png,tweet_images/1418643324378963971_af9dc1cdadaf.png
1273062467833401345,SpeakerPelosi,Democrat,http://pbs.twimg.com/media/EarTfWpX0AAOYgn.jpg,1273062467833401345_6f18fa203e86.jpg,tweet_images/1273062467833401345_6f18fa203e86.jpg
915642153342263312,RepDaveJoyce,Republican,http://pbs.twimg.com/media/DLUDp5AW4AUc3O5.jpg,915642153342263312_dfa6d5853325.jpg,tweet_images/915642153342263312_dfa6d5853325.jpg
1461055049325547523,SenatorRisch,Republican,http://pbs.twimg.com/media/FEVnDJRXoAQbee1.jpg,1461055049325547523_dbefd63b5664.jpg,tweet_images/1461055049325547523_dbefd63b5664.jpg
999052263665618944,RepGregoryMeeks,Democrat,http://pbs.twimg.com/media/Dd1Yi6YX0AEFIk_.jpg,999052263665618944_b87d0d0c5705.jpg,tweet_images/999052263665618944_b87d0d0c5705.jpg
1669005243139407873,RepDeborahRoss,Democrat,http://pbs.twimg.com/media/Fyl_ISUX0AEgZnU.jpg,1669005243139407873_8f829e8207d1.jpg,tweet_images/1669005243139407873_8f829e8207d1.jpg
1488163258330755073,RepKatCammack,Republican,http://pbs.twimg.com/media/FKNPqSnXwAUierP.jpg,1488163258330755073_627260563130.jpg,tweet_images/1488163258330755073_627260563130.jpg
1450853379551465473,SenJohnBarrasso,Republican,http://pbs.twimg.com/media/FCJzbonXIAU_4e4.jpg,1450853379551465473_58188b63c391.jpg,tweet_images/1450853379551465473_58188b63c391.jpg
1483984598459686913,RepMGS,Democrat,http://pbs.twimg.com/media/FJftfVkWYAMxGf2.jpg,1483984598459686913_9a5ade42a651.jpg,tweet_images/1483984598459686913_9a5ade42a651.jpg
1431387294376792070,RepTroyCarter,Democrat,http://pbs.twimg.com/media/E91KW0EWYAAidy6.jpg,1431387294376792070_756a982ddd15.jpg,tweet_images/1431387294376792070_756a982ddd15.jpg
1440767807533191171,CongBoyle,Democrat,http://pbs.twimg.com/media/E_6ikkgVIAw6T2H.jpg,1440767807533191171_0f3894fa00df.jpg,tweet_images/1440767807533191171_0f3894fa00df.jpg
1024365877565816832,RepDaveJoyce,Republican,http://pbs.twimg.com/media/DjdHHTxXoAEuSBo.jpg,1024365877565816832_2b3cd4a66415.jpg,tweet_images/1024365877565816832_2b3cd4a66415.jpg
1024365877565816832,RepDaveJoyce,Republican,http://pbs.twimg.com/media/DjdHKC_W0AATuLV.jpg,1024365877565816832_297bc2e00a3d.jpg,tweet_images/1024365877565816832_297bc2e00a3d.jpg
1024365877565816832,RepDaveJoyce,Republican,http://pbs.twimg.com/media/DjdHMmaX0AIymdr.jpg,1024365877565816832_8665b2fe8c4f.jpg,tweet_images/1024365877565816832_8665b2fe8c4f.jpg
1024365877565816832,RepDaveJoyce,Republican,http://pbs.twimg.com/media/DjdHPWXXoAE5zNZ.jpg,1024365877565816832_4a02feee5004.jpg,tweet_images/1024365877565816832_4a02feee5004.jpg
1649053494735933443,RepLisaMcClain,Republican,http://pbs.twimg.com/media/FuKdacnXwAAyC4G.jpg,1649053494735933443_edfb73336052.jpg,tweet_images/1649053494735933443_edfb73336052.jpg
1649053494735933443,RepLisaMcClain,Republican,http://pbs.twimg.com/media/FuKdacnX0AA-_jf.jpg,1649053494735933443_01760a0b4c90.jpg,tweet_images/1649053494735933443_01760a0b4c90.jpg
1649053494735933443,RepLisaMcClain,Republican,http://pbs.twimg.com/media/FuKdacnWAAAjUNh.jpg,1649053494735933443_1ef72414840c.jpg,tweet_images/1649053494735933443_1ef72414840c.jpg
1467902084808904714,RepHuffman,Democrat,http://pbs.twimg.com/media/C1a1PdgUAAAklBh.jpg,1467902084808904714_bdfc1879b481.jpg,tweet_images/1467902084808904714_bdfc1879b481.jpg
1589751136617394177,RepTerriSewell,Democrat,http://pbs.twimg.com/media/Fg_thnMWIAEexW7.jpg,1589751136617394177_e1c140db9c9f.jpg,tweet_images/1589751136617394177_e1c140db9c9f.jpg
1164595544746070016,WarrenDavidson,Republican,http://pbs.twimg.com/media/ECl5eV0XsAA978v.jpg,1164595544746070016_b5ebf8c4b121.jpg,tweet_images/1164595544746070016_b5ebf8c4b121.jpg
1602832793247141890,RepSusieLee,Democrat,http://pbs.twimg.com/media/Fj5n3n6XEAEVRf1.jpg,1602832793247141890_a7b8320c654c.jpg,tweet_images/1602832793247141890_a7b8320c654c.jpg
1602832793247141890,RepSusieLee,Democrat,http://pbs.twimg.com/media/Fj5n3n5XgAE0BTj.jpg,1602832793247141890_a9169552c766.jpg,tweet_images/1602832793247141890_a9169552c766.jpg
1602832793247141890,RepSusieLee,Democrat,http://pbs.twimg.com/media/Fj43BrpXoAY_u2T.jpg,1602832793247141890_1a66429dc92c.jpg,tweet_images/1602832793247141890_1a66429dc92c.jpg
1639772838071619584,RepDonDavis,Democrat,http://pbs.twimg.com/media/FsGks9JWwAILsz2.jpg,1639772838071619584_6c384f11a82d.jpg,tweet_images/1639772838071619584_6c384f11a82d.jpg
1445457290098847744,JohnBoozman,Republican,http://pbs.twimg.com/media/FA9KVcbVcAM0_2M.jpg,1445457290098847744_975195eb7b4f.jpg,tweet_images/1445457290098847744_975195eb7b4f.jpg
902030794033639426,jahimes,Democrat,http://pbs.twimg.com/media/DIQu5_-UQAAWILH.jpg,902030794033639426_fa6bc24ee7e1.jpg,tweet_images/902030794033639426_fa6bc24ee7e1.jpg
1168638144234893312,RepDonBacon,Republican,http://pbs.twimg.com/media/EDRVfujWsAAIZtN.jpg,1168638144234893312_df43c3800881.jpg,tweet_images/1168638144234893312_df43c3800881.jpg
1370084273173241857,RepRickLarsen,Democrat,http://pbs.twimg.com/media/EwKEXtWXMAEoN3-.jpg,1370084273173241857_fa796cea4382.jpg,tweet_images/1370084273173241857_fa796cea4382.jpg
1291829345863041024,RepSylviaGarcia,Democrat,http://pbs.twimg.com/media/Ee1PzI7XYAA7sfL.jpg,1291829345863041024_4f8c03ba0699.jpg,tweet_images/1291829345863041024_4f8c03ba0699.jpg
1237340029267202049,RepLoudermilk,Republican,http://pbs.twimg.com/media/ESvqMwNWkAInOVF.jpg,1237340029267202049_ad572386b739.jpg,tweet_images/1237340029267202049_ad572386b739.jpg
1534297133398081539,RepRaskin,Democrat,http://pbs.twimg.com/media/FUrqc2wWIAAayRL.jpg,1534297133398081539_3b4e936ac75d.jpg,tweet_images/1534297133398081539_3b4e936ac75d.jpg
1534297133398081539,RepRaskin,Democrat,http://pbs.twimg.com/media/FUrq3Q5WUAUB39w.jpg,1534297133398081539_4ed7a18eba8c.jpg,tweet_images/1534297133398081539_4ed7a18eba8c.jpg
1135978861878030337,NormaJTorres,Democrat,http://pbs.twimg.com/media/D8Og-koW4AAUh2h.jpg,1135978861878030337_ccb734122679.jpg,tweet_images/1135978861878030337_ccb734122679.jpg
1676985614145667073,SenatorFischer,Republican,http://pbs.twimg.com/media/F0XZKuxWwAEbXWv.jpg,1676985614145667073_b9f4a2b9b2f1.jpg,tweet_images/1676985614145667073_b9f4a2b9b2f1.jpg
1305985792423141379,RepDwightEvans,Democrat,http://pbs.twimg.com/media/Eh_LKA4WkAEKb7W.jpg,1305985792423141379_29fd3c108837.jpg,tweet_images/1305985792423141379_29fd3c108837.jpg
1268930097094025217,rep_stevewomack,Republican,http://pbs.twimg.com/media/EZwlAjJWsAIH1EC.jpg,1268930097094025217_f7d38a8d152e.jpg,tweet_images/1268930097094025217_f7d38a8d152e.jpg
1102974231804030976,SenJohnBarrasso,Republican,http://pbs.twimg.com/media/D06LT3cWkAMX-gi.png,1102974231804030976_89eeaebfbd0e.png,tweet_images/1102974231804030976_89eeaebfbd0e.png
890739035257417729,SenMarkey,Democrat,http://pbs.twimg.com/media/DFyKbPWUwAEWw0I.jpg,890739035257417729_b0b66899776b.jpg,tweet_images/890739035257417729_b0b66899776b.jpg
1673714732283437056,DorisMatsui,Democrat,http://pbs.twimg.com/media/Fzlik-RacAAU8xM.jpg,1673714732283437056_a461ab174f3f.jpg,tweet_images/1673714732283437056_a461ab174f3f.jpg
1095366926035865600,RepJimmyGomez,Democrat,http://pbs.twimg.com/media/DzKg2W0W0AExE9V.jpg,1095366926035865600_41e037f8775d.jpg,tweet_images/1095366926035865600_41e037f8775d.jpg
1139651888729731078,BennieGThompson,Democrat,http://pbs.twimg.com/media/D9DbWFSX4AUdk8S.jpg,1139651888729731078_68e182d56f86.jpg,tweet_images/1139651888729731078_68e182d56f86.jpg
1486791394626838533,SenJoniErnst,Republican,http://pbs.twimg.com/media/FKIk5LVXoAUwn61.jpg,1486791394626838533_48891c821e99.jpg,tweet_images/1486791394626838533_48891c821e99.jpg
1461471026714349569,SenatorBaldwin,Democrat,http://pbs.twimg.com/media/FEgnAmDXoAgU64o.jpg,1461471026714349569_65ad75835280.jpg,tweet_images/1461471026714349569_65ad75835280.jpg
1461471026714349569,SenatorBaldwin,Democrat,http://pbs.twimg.com/media/FEgnF18WQAEn9bx.jpg,1461471026714349569_4b6faa4912d2.jpg,tweet_images/1461471026714349569_4b6faa4912d2.jpg
1553459663206768641,RepNewhouse,Republican,http://pbs.twimg.com/media/FYxEwd5WIAIifmu.jpg,1553459663206768641_ffd462be231f.jpg,tweet_images/1553459663206768641_ffd462be231f.jpg
1553459663206768641,RepNewhouse,Republican,http://pbs.twimg.com/media/FYxE4AWWIAgBRXE.jpg,1553459663206768641_c8ad7d850864.jpg,tweet_images/1553459663206768641_c8ad7d850864.jpg
1553459663206768641,RepNewhouse,Republican,http://pbs.twimg.com/media/FYxE5lHXEAEMig8.jpg,1553459663206768641_abe9958b4d53.jpg,tweet_images/1553459663206768641_abe9958b4d53.jpg
943936810442526721,RepGosar,Republican,http://pbs.twimg.com/media/DRmJJCsU8AA8omN.jpg,943936810442526721_c6cddb9a7507.jpg,tweet_images/943936810442526721_c6cddb9a7507.jpg
1137078738590547971,RepBryanSteil,Republican,http://pbs.twimg.com/media/D8e3FRwXYAEFe5s.jpg,1137078738590547971_078282ea2f97.jpg,tweet_images/1137078738590547971_078282ea2f97.jpg
1102632083879546882,RepSylviaGarcia,Democrat,http://pbs.twimg.com/media/D01B_rqX4AAZxXk.jpg,1102632083879546882_25ead3359077.jpg,tweet_images/1102632083879546882_25ead3359077.jpg
928705016566833152,RepJoeWilson,Republican,http://pbs.twimg.com/media/DOJFTbAW4AA85bF.jpg,928705016566833152_ff7864b74033.jpg,tweet_images/928705016566833152_ff7864b74033.jpg
1346582404010565637,JoaquinCastrotx,Democrat,http://pbs.twimg.com/media/ErAFjoTXcAAaFLu.jpg,1346582404010565637_bdcec75bc021.jpg,tweet_images/1346582404010565637_bdcec75bc021.jpg
1346582404010565637,JoaquinCastrotx,Democrat,http://pbs.twimg.com/media/ErAFjoOXYAEMYUr.jpg,1346582404010565637_acbc9795bfb4.jpg,tweet_images/1346582404010565637_acbc9795bfb4.jpg
963871829550133248,SenatorLankford,Republican,http://pbs.twimg.com/media/DWBcUdAX0AI5--S.jpg,963871829550133248_037df8b4de70.jpg,tweet_images/963871829550133248_037df8b4de70.jpg
1620471876089970689,RepDean,Democrat,http://pbs.twimg.com/media/FnzpT8ZXoAALk8Q.jpg,1620471876089970689_536cefa10146.jpg,tweet_images/1620471876089970689_536cefa10146.jpg
1516072831464919049,RepLoisFrankel,Democrat,http://pbs.twimg.com/media/FQaGXExXsAIBPvH.jpg,1516072831464919049_a008307eef47.jpg,tweet_images/1516072831464919049_a008307eef47.jpg
1654282260189941760,RepYoungKim,Republican,http://pbs.twimg.com/media/FvUI_D-WYAIPpGi.jpg,1654282260189941760_ed20aaacd587.jpg,tweet_images/1654282260189941760_ed20aaacd587.jpg
1654282260189941760,RepYoungKim,Republican,http://pbs.twimg.com/media/FvUI_EBWwAESjJA.jpg,1654282260189941760_637be02fe9d8.jpg,tweet_images/1654282260189941760_637be02fe9d8.jpg
1654282260189941760,RepYoungKim,Republican,http://pbs.twimg.com/media/FvUJBVcWIAACzbt.jpg,1654282260189941760_64f2830226b8.jpg,tweet_images/1654282260189941760_64f2830226b8.jpg
1654282260189941760,RepYoungKim,Republican,http://pbs.twimg.com/media/FvUJJyYXgAAb4rb.jpg,1654282260189941760_bf1585996065.jpg,tweet_images/1654282260189941760_bf1585996065.jpg
1414651404845821959,PattyMurray,Democrat,http://pbs.twimg.com/media/E6Grw_5WEAQEiWy.png,1414651404845821959_ff769b708fe7.png,tweet_images/1414651404845821959_ff769b708fe7.png
1125507946522267650,RepAndyBiggsAZ,Republican,http://pbs.twimg.com/media/D56WlGMV4AAIcGO.jpg,1125507946522267650_210c11df8c33.jpg,tweet_images/1125507946522267650_210c11df8c33.jpg
1031259432875741184,RonWyden,Democrat,http://pbs.twimg.com/media/Dk6Gel1U4AANRzm.jpg,1031259432875741184_dcd4023892f3.jpg,tweet_images/1031259432875741184_dcd4023892f3.jpg
923583199174938624,RepRubenGallego,Democrat,http://pbs.twimg.com/media/DNE5dLUXkAAiJ7S.jpg,923583199174938624_1e1ecf151d34.jpg,tweet_images/923583199174938624_1e1ecf151d34.jpg
923583199174938624,RepRubenGallego,Democrat,http://pbs.twimg.com/media/DNE5fJnWAAAyiEm.jpg,923583199174938624_815302722422.jpg,tweet_images/923583199174938624_815302722422.jpg
1130924894131240962,RepJoeCourtney,Democrat,http://pbs.twimg.com/media/D7HaKHbWkAA2vZM.jpg,1130924894131240962_db419c8feea6.jpg,tweet_images/1130924894131240962_db419c8feea6.jpg
1483593764774064138,RepHorsford,Democrat,http://pbs.twimg.com/media/FJatGcSVkAMpUf6.jpg,1483593764774064138_b9ad4a44f770.jpg,tweet_images/1483593764774064138_b9ad4a44f770.jpg
1483593764774064138,RepHorsford,Democrat,http://pbs.twimg.com/media/FJatGcQVcAM6Mt-.jpg,1483593764774064138_fa5b669ed0f3.jpg,tweet_images/1483593764774064138_fa5b669ed0f3.jpg
1483593764774064138,RepHorsford,Democrat,http://pbs.twimg.com/media/FJatGcRVcAMFZm0.jpg,1483593764774064138_a69bc4fc815b.jpg,tweet_images/1483593764774064138_a69bc4fc815b.jpg
1483593764774064138,RepHorsford,Democrat,http://pbs.twimg.com/media/FJavuzDUUAEx91n.jpg,1483593764774064138_24dd8b2cddae.jpg,tweet_images/1483593764774064138_24dd8b2cddae.jpg
1372963725087535115,RepAuchincloss,Democrat,http://pbs.twimg.com/media/EwngMChWQAE59-7.png,1372963725087535115_5e5c09a086c0.png,tweet_images/1372963725087535115_5e5c09a086c0.png
1372963725087535115,RepAuchincloss,Democrat,http://pbs.twimg.com/media/EwngMEPXEAAp5TN.png,1372963725087535115_cece0412ed72.png,tweet_images/1372963725087535115_cece0412ed72.png
1372963725087535115,RepAuchincloss,Democrat,http://pbs.twimg.com/media/EwngMHDXEAYDLz9.png,1372963725087535115_070cac4f3746.png,tweet_images/1372963725087535115_070cac4f3746.png
1599148607898554369,RepDonBacon,Republican,http://pbs.twimg.com/media/FjFRK0cVEAEHNpw.jpg,1599148607898554369_4d34b23f2cc8.jpg,tweet_images/1599148607898554369_4d34b23f2cc8.jpg
1461128504158916609,Ilhan,Democrat,http://pbs.twimg.com/media/FEb4V0hXsAIeyVz.jpg,1461128504158916609_be3242adc89b.jpg,tweet_images/1461128504158916609_be3242adc89b.jpg
1625606440789442560,RepEdCase,Democrat,http://pbs.twimg.com/media/Fo9QcHpXEAErGNM.jpg,1625606440789442560_2e2287c67933.jpg,tweet_images/1625606440789442560_2e2287c67933.jpg
1646226206944051200,RepDWStweets,Democrat,http://pbs.twimg.com/media/FtiSAVlWwAEyYyT.jpg,1646226206944051200_a1442762f6ac.jpg,tweet_images/1646226206944051200_a1442762f6ac.jpg
1646226206944051200,RepDWStweets,Democrat,http://pbs.twimg.com/media/FtiSAZOWwAAs4gY.jpg,1646226206944051200_87f2a9ebf682.jpg,tweet_images/1646226206944051200_87f2a9ebf682.jpg
1426888166204715011,RepDonBacon,Republican,http://pbs.twimg.com/media/E8zwlojXIAI84j0.png,1426888166204715011_6f798dca7efb.png,tweet_images/1426888166204715011_6f798dca7efb.png
1100141437411381248,SpeakerPelosi,Democrat,http://pbs.twimg.com/media/D0R8wMaWsAAOlyx.jpg,1100141437411381248_f9d2e3d0b317.jpg,tweet_images/1100141437411381248_f9d2e3d0b317.jpg
1637841148390563841,RepTedLieu,Democrat,http://pbs.twimg.com/media/FrrGuJxWIAQuBtN.jpg,1637841148390563841_54e5c816573a.jpg,tweet_images/1637841148390563841_54e5c816573a.jpg
1637841148390563841,RepTedLieu,Democrat,http://pbs.twimg.com/media/FrrGzx_XsAIgW1d.jpg,1637841148390563841_1713729ccf0e.jpg,tweet_images/1637841148390563841_1713729ccf0e.jpg
1637841148390563841,RepTedLieu,Democrat,http://pbs.twimg.com/media/FrrG41MWwAQgbj3.jpg,1637841148390563841_e48acb4d3ca5.jpg,tweet_images/1637841148390563841_e48acb4d3ca5.jpg
1133118067800793088,rep_stevewomack,Republican,http://pbs.twimg.com/media/D7mk3nvXYAE48bY.jpg,1133118067800793088_67d2b1b53015.jpg,tweet_images/1133118067800793088_67d2b1b53015.jpg
1138823065662644224,rep_stevewomack,Republican,http://pbs.twimg.com/media/D8zEXW1XYAA7H_H.jpg,1138823065662644224_d10b7b84553e.jpg,tweet_images/1138823065662644224_d10b7b84553e.jpg
1268683493342613504,EleanorNorton,Democrat,http://pbs.twimg.com/media/EZtEoxFWkAACVeP.jpg,1268683493342613504_ba5bfadf8c55.jpg,tweet_images/1268683493342613504_ba5bfadf8c55.jpg
1255306580037447682,RepTedLieu,Democrat,http://pbs.twimg.com/media/EWu5gK8XsAMEl8U.jpg,1255306580037447682_8c44ac404432.jpg,tweet_images/1255306580037447682_8c44ac404432.jpg
1146893715794878464,RonWyden,Democrat,http://pbs.twimg.com/media/D-qVwBUVAAA6EPj.jpg,1146893715794878464_966ad8d15776.jpg,tweet_images/1146893715794878464_966ad8d15776.jpg
1362454413827186688,repdinatitus,Democrat,http://pbs.twimg.com/media/EuD5dEzWQAEodmm.jpg,1362454413827186688_6166d54e2d62.jpg,tweet_images/1362454413827186688_6166d54e2d62.jpg
1557434072254791681,RepHoulahan,Democrat,http://pbs.twimg.com/media/FZ0d2-JXgAAJj-J.jpg,1557434072254791681_8d951524da2c.jpg,tweet_images/1557434072254791681_8d951524da2c.jpg
930487028973793280,RepJohnLarson,Democrat,http://pbs.twimg.com/media/DOnAqQfWkAAnQy2.jpg,930487028973793280_0b3766ef1b95.jpg,tweet_images/930487028973793280_0b3766ef1b95.jpg
1228000004310274048,JoaquinCastrotx,Democrat,http://pbs.twimg.com/media/EQqn2q1VAAEJd4n.png,1228000004310274048_2860c1a24d84.png,tweet_images/1228000004310274048_2860c1a24d84.png
1228000004310274048,JoaquinCastrotx,Democrat,http://pbs.twimg.com/media/EQqn3-DUwAAyP6G.png,1228000004310274048_70539399c51b.png,tweet_images/1228000004310274048_70539399c51b.png
1228000004310274048,JoaquinCastrotx,Democrat,http://pbs.twimg.com/media/EQqn5xvUcAccKsz.jpg,1228000004310274048_73a1979184ef.jpg,tweet_images/1228000004310274048_73a1979184ef.jpg
1525633182086754305,JohnCornyn,Republican,http://pbs.twimg.com/media/FSuCTKMX0AAXU9-.jpg,1525633182086754305_d03e8ba0d018.jpg,tweet_images/1525633182086754305_d03e8ba0d018.jpg
929047738259517440,RepAndyHarrisMD,Republican,http://pbs.twimg.com/media/DOSj_HMXcAEbYW6.jpg,929047738259517440_4663ab806f47.jpg,tweet_images/929047738259517440_4663ab806f47.jpg
1346570272007221248,CongressmanGT,Republican,http://pbs.twimg.com/media/Eq_6hizWMAYDGBP.jpg,1346570272007221248_a6556e5d9567.jpg,tweet_images/1346570272007221248_a6556e5d9567.jpg
1249727827403931649,RepAndyBiggsAZ,Republican,http://pbs.twimg.com/media/EVfk5IfUcAAKDR6.jpg,1249727827403931649_0c8541df9dd8.jpg,tweet_images/1249727827403931649_0c8541df9dd8.jpg
1470468994482196480,SenatorRisch,Republican,http://pbs.twimg.com/media/FFsg4QaVgAE2NRy.jpg,1470468994482196480_fdbefe57eec5.jpg,tweet_images/1470468994482196480_fdbefe57eec5.jpg
1622675281071771648,SenSchumer,Democrat,http://pbs.twimg.com/media/FoS0hi6XsAAP139.jpg,1622675281071771648_342c5b75588c.jpg,tweet_images/1622675281071771648_342c5b75588c.jpg
1622675281071771648,SenSchumer,Democrat,http://pbs.twimg.com/media/FoS0hjQX0AAN_PQ.jpg,1622675281071771648_a7b533ff0216.jpg,tweet_images/1622675281071771648_a7b533ff0216.jpg
1622675281071771648,SenSchumer,Democrat,http://pbs.twimg.com/media/FoS0hi9WYAE8PxQ.jpg,1622675281071771648_382dadb45251.jpg,tweet_images/1622675281071771648_382dadb45251.jpg
990636920530227200,RepJayapal,Democrat,http://pbs.twimg.com/media/Db9zB1qWsAEWA_J.jpg,990636920530227200_1d44407123f5.jpg,tweet_images/990636920530227200_1d44407123f5.jpg
1177036707138592768,SenSchumer,Democrat,http://pbs.twimg.com/media/EFWshqBWkAY9Zmb.jpg,1177036707138592768_8befe94f47af.jpg,tweet_images/1177036707138592768_8befe94f47af.jpg
1263236766636609536,NydiaVelazquez,Democrat,http://pbs.twimg.com/media/EYehycJXsAkCdBG.jpg,1263236766636609536_acdb0153f9f0.jpg,tweet_images/1263236766636609536_acdb0153f9f0.jpg
1582541812912508929,RepSusieLee,Democrat,http://pbs.twimg.com/media/FfZRY-jWIAMdgrz.jpg,1582541812912508929_b81804b87d71.jpg,tweet_images/1582541812912508929_b81804b87d71.jpg
1582541812912508929,RepSusieLee,Democrat,http://pbs.twimg.com/media/FfZRY-gWAAEjwv6.jpg,1582541812912508929_c49606aee9a8.jpg,tweet_images/1582541812912508929_c49606aee9a8.jpg
1130920800314204161,RepJimmyGomez,Democrat,http://pbs.twimg.com/media/D7HWeNNUcAAxuId.jpg,1130920800314204161_0dce1d1fb701.jpg,tweet_images/1130920800314204161_0dce1d1fb701.jpg
1468984843610558467,SenHydeSmith,Republican,http://pbs.twimg.com/media/FGHOBtKVkAQjfF5.jpg,1468984843610558467_a527feb9f2f9.jpg,tweet_images/1468984843610558467_a527feb9f2f9.jpg
1430221157958103045,RepNikema,Democrat,http://pbs.twimg.com/media/E9kqQ1cWEA86vHL.jpg,1430221157958103045_26855531efa9.jpg,tweet_images/1430221157958103045_26855531efa9.jpg
1571929623222398976,RepJayapal,Democrat,http://pbs.twimg.com/media/Fc8x6EPXwAId6lr.jpg,1571929623222398976_f78bcfd53b3b.jpg,tweet_images/1571929623222398976_f78bcfd53b3b.jpg
1494413427556691970,SenJoniErnst,Republican,http://pbs.twimg.com/media/FL05F1OWQAMWQRN.jpg,1494413427556691970_56817d06bccf.jpg,tweet_images/1494413427556691970_56817d06bccf.jpg
1677324931510484993,RepFischbach,Republican,http://pbs.twimg.com/media/F0cOIPtXoAAFPj-.jpg,1677324931510484993_b8f1c6ba3768.jpg,tweet_images/1677324931510484993_b8f1c6ba3768.jpg
1369070762154483719,RepBrianBabin,Republican,http://pbs.twimg.com/media/Ev_qmdOXcAAoxp7.jpg,1369070762154483719_c6fa5f2abca3.jpg,tweet_images/1369070762154483719_c6fa5f2abca3.jpg
1572948505617891330,RepKClark,Democrat,http://pbs.twimg.com/media/FdQ4RLcWIAAl-S1.jpg,1572948505617891330_450e5e5f33da.jpg,tweet_images/1572948505617891330_450e5e5f33da.jpg
1411050936265580544,RepAdamSmith,Democrat,http://pbs.twimg.com/media/E5TkjcEWQAoHN6p.jpg,1411050936265580544_fe3680adcb0a.jpg,tweet_images/1411050936265580544_fe3680adcb0a.jpg
1166146918260662272,RepMGS,Democrat,http://pbs.twimg.com/media/EC6PeRgX4AEG25y.jpg,1166146918260662272_91ada4f46a7f.jpg,tweet_images/1166146918260662272_91ada4f46a7f.jpg
1643757911947239424,RepRaulRuizMD,Democrat,http://pbs.twimg.com/media/Fs_HoQdWIAAGaT4.jpg,1643757911947239424_2ee7952f9614.jpg,tweet_images/1643757911947239424_2ee7952f9614.jpg
1643757911947239424,RepRaulRuizMD,Democrat,http://pbs.twimg.com/media/Fs_HuT7WwAABQ2v.jpg,1643757911947239424_a444cf722b51.jpg,tweet_images/1643757911947239424_a444cf722b51.jpg
1090275553268109313,RepJohnCurtis,Republican,http://pbs.twimg.com/media/DyFnEfrU0AEY5SZ.jpg,1090275553268109313_13f1e265eb5d.jpg,tweet_images/1090275553268109313_13f1e265eb5d.jpg
1187391527062048770,SenSchumer,Democrat,http://pbs.twimg.com/media/EHpsTr-XUAUtWB-.jpg,1187391527062048770_9337e3561fd8.jpg,tweet_images/1187391527062048770_9337e3561fd8.jpg
1187391527062048770,SenSchumer,Democrat,http://pbs.twimg.com/media/EHpsTsUX0AAnjLq.jpg,1187391527062048770_427f4c361858.jpg,tweet_images/1187391527062048770_427f4c361858.jpg
1175588179866456065,PattyMurray,Democrat,http://pbs.twimg.com/media/EE0i0KaWwAA5mqR.png,1175588179866456065_8dce6cbacfb0.png,tweet_images/1175588179866456065_8dce6cbacfb0.png
893136598908506112,RepTerriSewell,Democrat,http://pbs.twimg.com/media/DGUO_VkUwAAezCK.jpg,893136598908506112_88904722aa5f.jpg,tweet_images/893136598908506112_88904722aa5f.jpg
1138827559788056576,RepDwightEvans,Democrat,http://pbs.twimg.com/media/D83tnRAXsAApim8.jpg,1138827559788056576_70550454f3ee.jpg,tweet_images/1138827559788056576_70550454f3ee.jpg
1589251504778530816,SenRickScott,Republican,http://pbs.twimg.com/media/FgvnIBQWYAAKWIU.jpg,1589251504778530816_18a67c1029ab.jpg,tweet_images/1589251504778530816_18a67c1029ab.jpg
1096905084728950785,RepDwightEvans,Democrat,http://pbs.twimg.com/media/DzdVVneWwAI_8YO.jpg,1096905084728950785_27cfb88afa48.jpg,tweet_images/1096905084728950785_27cfb88afa48.jpg
1348663352843771904,RepNewhouse,Republican,http://pbs.twimg.com/media/ErdaRCpXMAUIJox.jpg,1348663352843771904_1ac126ca35da.jpg,tweet_images/1348663352843771904_1ac126ca35da.jpg
1310581084367843328,RepThompson,Democrat,http://pbs.twimg.com/media/EjAHgQFUMAEAe8t.jpg,1310581084367843328_c8e26de7a4ae.jpg,tweet_images/1310581084367843328_c8e26de7a4ae.jpg
1110711868648312833,RepLucyMcBath,Democrat,http://pbs.twimg.com/media/D2oKjUFWwAEBBEx.jpg,1110711868648312833_9633e7af64d2.jpg,tweet_images/1110711868648312833_9633e7af64d2.jpg
1110711868648312833,RepLucyMcBath,Democrat,http://pbs.twimg.com/media/D2oKjURX4AATd07.jpg,1110711868648312833_79536ec01082.jpg,tweet_images/1110711868648312833_79536ec01082.jpg
887717605800366080,SenatorHassan,Democrat,http://pbs.twimg.com/media/DFG0rJiXoAEwqqm.jpg,887717605800366080_5daf3cce26a0.jpg,tweet_images/887717605800366080_5daf3cce26a0.jpg
1389731567497515010,RepEscobar,Democrat,http://pbs.twimg.com/media/E0lA5S1XEAMiAgm.jpg,1389731567497515010_02c0359bdbe4.jpg,tweet_images/1389731567497515010_02c0359bdbe4.jpg
1635746757500870657,RepPeteStauber,Republican,http://pbs.twimg.com/media/FrNPfZyXgCg-n3D.jpg,1635746757500870657_4f258a6dc57f.jpg,tweet_images/1635746757500870657_4f258a6dc57f.jpg
1172528747045634048,RepRashida,Democrat,http://pbs.twimg.com/media/EEWorieW4AA0RmK.jpg,1172528747045634048_2585bfb3c8d2.jpg,tweet_images/1172528747045634048_2585bfb3c8d2.jpg
1541868694925713410,RepRobinKelly,Democrat,http://pbs.twimg.com/media/FWXQ9f2XoAAjFpG.jpg,1541868694925713410_65a60831a971.jpg,tweet_images/1541868694925713410_65a60831a971.jpg
1161687376336494592,RepYvetteClarke,Democrat,http://pbs.twimg.com/media/EBe6QS5XUAAuAqI.jpg,1161687376336494592_f1e10d6b3460.jpg,tweet_images/1161687376336494592_f1e10d6b3460.jpg
1161687376336494592,RepYvetteClarke,Democrat,http://pbs.twimg.com/media/EBe6QQRXkAA77qf.jpg,1161687376336494592_cad3842661c1.jpg,tweet_images/1161687376336494592_cad3842661c1.jpg
1161687376336494592,RepYvetteClarke,Democrat,http://pbs.twimg.com/media/EBe6QO_XUAEvR0b.jpg,1161687376336494592_242ef975bb09.jpg,tweet_images/1161687376336494592_242ef975bb09.jpg
1659403017991462912,RepRickLarsen,Democrat,http://pbs.twimg.com/media/FwdiP98XsAA6H4q.jpg,1659403017991462912_9a9240de5e47.jpg,tweet_images/1659403017991462912_9a9240de5e47.jpg
1425138722299863045,SenRonJohnson,Republican,http://pbs.twimg.com/media/E8cb-yjXIAQZKJc.jpg,1425138722299863045_8a29e85a38d5.jpg,tweet_images/1425138722299863045_8a29e85a38d5.jpg
1343666556761468930,RepBeatty,Democrat,http://pbs.twimg.com/media/EqWpmNtXIAEMJ7o.jpg,1343666556761468930_f2c6f3ebcfb7.jpg,tweet_images/1343666556761468930_f2c6f3ebcfb7.jpg
1522315193505570816,RepBonamici,Democrat,http://pbs.twimg.com/media/FSBZSnKVcAAzDUT.jpg,1522315193505570816_03001e6c2c47.jpg,tweet_images/1522315193505570816_03001e6c2c47.jpg
1522315193505570816,RepBonamici,Democrat,http://pbs.twimg.com/media/FSBZSnLVUAASa0s.jpg,1522315193505570816_e086fa2b4c0a.jpg,tweet_images/1522315193505570816_e086fa2b4c0a.jpg
1241081298296483853,RepCuellar,Democrat,http://pbs.twimg.com/media/ETkRJrIWAAEH1lS.jpg,1241081298296483853_f9986a1d15a2.jpg,tweet_images/1241081298296483853_f9986a1d15a2.jpg
902238825497362440,RepArrington,Republican,http://pbs.twimg.com/media/DIVlbKMXcAEuzOn.jpg,902238825497362440_b5b1f837ddc2.jpg,tweet_images/902238825497362440_b5b1f837ddc2.jpg
902238825497362440,RepArrington,Republican,http://pbs.twimg.com/media/DIVlbKMWsAAZ336.jpg,902238825497362440_b1873d618018.jpg,tweet_images/902238825497362440_b1873d618018.jpg
1189276982191808513,RepJoeWilson,Republican,http://pbs.twimg.com/media/EIElvnQW4AE1kj8.jpg,1189276982191808513_5c8f78dd31ad.jpg,tweet_images/1189276982191808513_5c8f78dd31ad.jpg
1666187694546771969,MikeKellyPA,Republican,http://pbs.twimg.com/media/Fx9z32gXwAUlm4F.jpg,1666187694546771969_c0955c7bb652.jpg,tweet_images/1666187694546771969_c0955c7bb652.jpg
1541531864325840897,RepSaraJacobs,Democrat,http://pbs.twimg.com/media/FWQtopGWAAAN5j5.jpg,1541531864325840897_fd61fce94047.jpg,tweet_images/1541531864325840897_fd61fce94047.jpg
899636059994288132,SenSchumer,Democrat,http://pbs.twimg.com/media/DHuqytPXcAEEHA4.jpg,899636059994288132_39690e2e766e.jpg,tweet_images/899636059994288132_39690e2e766e.jpg
1497670302746038272,SenAlexPadilla,Democrat,http://pbs.twimg.com/media/FMjHbY1X0AYYTEm.jpg,1497670302746038272_78adf869ed4e.jpg,tweet_images/1497670302746038272_78adf869ed4e.jpg
1093143726896103425,RepYvetteClarke,Democrat,http://pbs.twimg.com/media/DyugaWLW0AIe_WR.jpg,1093143726896103425_460f2650fc68.jpg,tweet_images/1093143726896103425_460f2650fc68.jpg
1583505545855574022,BettyMcCollum04,Democrat,http://pbs.twimg.com/media/Ffm92sqWQAMZ4Ug.jpg,1583505545855574022_604db3a75ed7.jpg,tweet_images/1583505545855574022_604db3a75ed7.jpg
1583505545855574022,BettyMcCollum04,Democrat,http://pbs.twimg.com/media/Ffm93x2X0AIf-lO.jpg,1583505545855574022_35fee8487244.jpg,tweet_images/1583505545855574022_35fee8487244.jpg
1583505545855574022,BettyMcCollum04,Democrat,http://pbs.twimg.com/media/Ffm94zLXgAEUR9a.jpg,1583505545855574022_5de7b8ff482e.jpg,tweet_images/1583505545855574022_5de7b8ff482e.jpg
1445770569316663303,janschakowsky,Democrat,http://pbs.twimg.com/media/FBBoqzEVQBQqD6g.jpg,1445770569316663303_83f5e43fb2c4.jpg,tweet_images/1445770569316663303_83f5e43fb2c4.jpg
1445770569316663303,janschakowsky,Democrat,http://pbs.twimg.com/media/FBBoqzFVkAcX-sp.jpg,1445770569316663303_9db5cd556944.jpg,tweet_images/1445770569316663303_9db5cd556944.jpg
1206944924203192321,RepTedLieu,Democrat,http://pbs.twimg.com/media/EL7MsOHXkAE2EJO.jpg,1206944924203192321_c7b458ff6af1.jpg,tweet_images/1206944924203192321_c7b458ff6af1.jpg
1121233779299954689,RepGregoryMeeks,Democrat,http://pbs.twimg.com/media/D49gwMUW4AEj_xF.jpg,1121233779299954689_33eddce2d005.jpg,tweet_images/1121233779299954689_33eddce2d005.jpg
1464250444708995075,RepChuyGarcia,Democrat,http://pbs.twimg.com/media/EmfET9qXMAIkVCg.jpg,1464250444708995075_45bfa0f04024.jpg,tweet_images/1464250444708995075_45bfa0f04024.jpg
973920390354472967,RepRalphNorman,Republican,http://pbs.twimg.com/media/DYQJB3MWsAYQnx_.jpg,973920390354472967_fd0f884af91d.jpg,tweet_images/973920390354472967_fd0f884af91d.jpg
1068943092475146241,repdinatitus,Democrat,http://pbs.twimg.com/media/DtWmE93XgAATlD8.jpg,1068943092475146241_0a069e6844ec.jpg,tweet_images/1068943092475146241_0a069e6844ec.jpg
1474736486704721925,RepTedBudd,Republican,http://pbs.twimg.com/media/FHdRBGxWQAcGD8E.jpg,1474736486704721925_cf6090e362e4.jpg,tweet_images/1474736486704721925_cf6090e362e4.jpg
933067316539031553,JohnBoozman,Republican,http://pbs.twimg.com/media/DPLKmNJVwAA3hGr.jpg,933067316539031553_ef3c2fd3cc7f.jpg,tweet_images/933067316539031553_ef3c2fd3cc7f.jpg
1300912566365900800,RepRoKhanna,Democrat,http://pbs.twimg.com/media/EgcaCbJUYAItGVb.jpg,1300912566365900800_62c1ff2b27fb.jpg,tweet_images/1300912566365900800_62c1ff2b27fb.jpg
1250874879467032577,RepThompson,Democrat,http://pbs.twimg.com/media/EVv_6BhWkAEg_Kd.jpg,1250874879467032577_6d9dfab0432d.jpg,tweet_images/1250874879467032577_6d9dfab0432d.jpg
1250874879467032577,RepThompson,Democrat,http://pbs.twimg.com/media/EVv_7-rXgAEJyRT.jpg,1250874879467032577_fc51733afa6f.jpg,tweet_images/1250874879467032577_fc51733afa6f.jpg
1286481009362513920,MarshaBlackburn,Republican,http://pbs.twimg.com/media/Edp_qL4WAAMh_vT.jpg,1286481009362513920_2dcf17015243.jpg,tweet_images/1286481009362513920_2dcf17015243.jpg
990264767259561985,SenRonJohnson,Republican,http://pbs.twimg.com/media/Db4gjOsW0AAhWu_.jpg,990264767259561985_5927a2ac12d1.jpg,tweet_images/990264767259561985_5927a2ac12d1.jpg
988492405694500864,JohnBoozman,Republican,http://pbs.twimg.com/media/DbfUc7EXcAIAMd9.jpg,988492405694500864_00ebbed1ec8b.jpg,tweet_images/988492405694500864_00ebbed1ec8b.jpg
988492405694500864,JohnBoozman,Republican,http://pbs.twimg.com/media/DbfUc7RWAAEjG-A.jpg,988492405694500864_270d47fb5ba6.jpg,tweet_images/988492405694500864_270d47fb5ba6.jpg
988492405694500864,JohnBoozman,Republican,http://pbs.twimg.com/media/DbfUc7JXUAcuz2u.jpg,988492405694500864_90a4816cf8d9.jpg,tweet_images/988492405694500864_90a4816cf8d9.jpg
988492405694500864,JohnBoozman,Republican,http://pbs.twimg.com/media/DbfUc7QW4AAoCzp.jpg,988492405694500864_0bdec49a4967.jpg,tweet_images/988492405694500864_0bdec49a4967.jpg
1539627791003557888,RepDavidKustoff,Republican,http://pbs.twimg.com/media/FV3bPgyXoAIzFQC.jpg,1539627791003557888_3c20d126c693.jpg,tweet_images/1539627791003557888_3c20d126c693.jpg
1315515388130734081,BradSherman,Democrat,http://pbs.twimg.com/media/EkGmRWNWsAE_nu4.jpg,1315515388130734081_cf8bd5855ac9.jpg,tweet_images/1315515388130734081_cf8bd5855ac9.jpg
1315515388130734081,BradSherman,Democrat,http://pbs.twimg.com/media/EkGmRW_XgAAOQIT.jpg,1315515388130734081_393a5729f0b5.jpg,tweet_images/1315515388130734081_393a5729f0b5.jpg
1477142554600742912,RepEspaillat,Democrat,http://pbs.twimg.com/media/FH90Pt0XIAYA0Na.jpg,1477142554600742912_45ff12656c59.jpg,tweet_images/1477142554600742912_45ff12656c59.jpg
1579233902216216576,RepBrianBabin,Republican,http://pbs.twimg.com/media/FeqQ3FSWYAEAz6F.jpg,1579233902216216576_824c03b747e2.jpg,tweet_images/1579233902216216576_824c03b747e2.jpg
1579233902216216576,RepBrianBabin,Republican,http://pbs.twimg.com/media/FeqQ3FOXEAATduy.jpg,1579233902216216576_34149a94c449.jpg,tweet_images/1579233902216216576_34149a94c449.jpg
1677401524605952000,RepJenKiggans,Republican,http://pbs.twimg.com/media/F0ce2t7WYAA3BXJ.jpg,1677401524605952000_b17b33727e4a.jpg,tweet_images/1677401524605952000_b17b33727e4a.jpg
1677401524605952000,RepJenKiggans,Republican,http://pbs.twimg.com/media/F0ce215WAAA9FLN.jpg,1677401524605952000_2b8a43f980b9.jpg,tweet_images/1677401524605952000_2b8a43f980b9.jpg
1677401524605952000,RepJenKiggans,Republican,http://pbs.twimg.com/media/F0ce2-_WYAEBte_.jpg,1677401524605952000_10e78ef78784.jpg,tweet_images/1677401524605952000_10e78ef78784.jpg
1677401524605952000,RepJenKiggans,Republican,http://pbs.twimg.com/media/F0ce3OJXsAIdHYI.jpg,1677401524605952000_813cbb75886c.jpg,tweet_images/1677401524605952000_813cbb75886c.jpg
1405170843496247301,RepChuyGarcia,Democrat,http://pbs.twimg.com/media/E4AqyilVkAIi3_n.png,1405170843496247301_7f9d38b74237.png,tweet_images/1405170843496247301_7f9d38b74237.png
1405170843496247301,RepChuyGarcia,Democrat,http://pbs.twimg.com/media/E4AqyimUUAURTfO.png,1405170843496247301_f997b71ebf6b.png,tweet_images/1405170843496247301_f997b71ebf6b.png
1516869322542616577,MikeCrapo,Republican,http://pbs.twimg.com/media/FQzI5FjWUAEX78Q.jpg,1516869322542616577_7438bda095b3.jpg,tweet_images/1516869322542616577_7438bda095b3.jpg
1630966240863715334,RepStefanik,Republican,http://pbs.twimg.com/media/FqJa-bLX0AMEXjD.jpg,1630966240863715334_82ad6b6bdb2f.jpg,tweet_images/1630966240863715334_82ad6b6bdb2f.jpg
1512534963190652933,JohnBoozman,Republican,http://pbs.twimg.com/media/FP2WjyyXoAo8h85.png,1512534963190652933_0fccdc7acd56.png,tweet_images/1512534963190652933_0fccdc7acd56.png
1232780320262512641,RepDannyDavis,Democrat,http://pbs.twimg.com/media/ERu076eXkAQYci6.jpg,1232780320262512641_657ce0a5e927.jpg,tweet_images/1232780320262512641_657ce0a5e927.jpg
890632126701469698,SenatorCantwell,Democrat,http://pbs.twimg.com/media/DFwloI0W0AAGC01.jpg,890632126701469698_cd8e8f47aca1.jpg,tweet_images/890632126701469698_cd8e8f47aca1.jpg
1181628367319252992,SenatorDurbin,Democrat,http://pbs.twimg.com/media/EGX8vF-XYAAwBNN.png,1181628367319252992_d3e32ee571cf.png,tweet_images/1181628367319252992_d3e32ee571cf.png
1002629206117965826,RepScottPerry,Republican,http://pbs.twimg.com/media/DeoLWfUXUAE9Avq.jpg,1002629206117965826_f1eda766e45b.jpg,tweet_images/1002629206117965826_f1eda766e45b.jpg
1446140075406942211,JoaquinCastrotx,Democrat,http://pbs.twimg.com/media/FBGx_itWEAAd9tP.jpg,1446140075406942211_7d09d9dd01f2.jpg,tweet_images/1446140075406942211_7d09d9dd01f2.jpg
1429130172708626432,RepJoeMorelle,Democrat,http://pbs.twimg.com/media/E9VKSqoXoAgJIeF.jpg,1429130172708626432_64434bc8e710.jpg,tweet_images/1429130172708626432_64434bc8e710.jpg
1429130172708626432,RepJoeMorelle,Democrat,http://pbs.twimg.com/media/E9VKSqkX0AwOfib.jpg,1429130172708626432_932d1026f505.jpg,tweet_images/1429130172708626432_932d1026f505.jpg
1429130172708626432,RepJoeMorelle,Democrat,http://pbs.twimg.com/media/E9VKSrOXsAMNonc.jpg,1429130172708626432_911501861e4c.jpg,tweet_images/1429130172708626432_911501861e4c.jpg
1169341972575903745,RepJohnRose,Republican,http://pbs.twimg.com/media/EDpWU0IWsAANYCq.jpg,1169341972575903745_3d17e2dae029.jpg,tweet_images/1169341972575903745_3d17e2dae029.jpg
1169341972575903745,RepJohnRose,Republican,http://pbs.twimg.com/media/EDpWU0IWwAAcOCW.jpg,1169341972575903745_40309b5468a6.jpg,tweet_images/1169341972575903745_40309b5468a6.jpg
1169341972575903745,RepJohnRose,Republican,http://pbs.twimg.com/media/EDpWU0iWwAEzJv5.jpg,1169341972575903745_b64d4863d590.jpg,tweet_images/1169341972575903745_b64d4863d590.jpg
1169341972575903745,RepJohnRose,Republican,http://pbs.twimg.com/media/EDpWU1JWwAMlZEW.jpg,1169341972575903745_b2900ca727ea.jpg,tweet_images/1169341972575903745_b2900ca727ea.jpg
954380262909018112,MikeKellyPA,Republican,http://pbs.twimg.com/media/DT3gYmHWAAAkiHc.jpg,954380262909018112_72e977d20460.jpg,tweet_images/954380262909018112_72e977d20460.jpg
1103745859030781959,SenAmyKlobuchar,Democrat,http://pbs.twimg.com/media/D1FKHvKWwAAQjvP.jpg,1103745859030781959_129fa878a03a.jpg,tweet_images/1103745859030781959_129fa878a03a.jpg
1664733594550501376,repdavidscott,Democrat,http://pbs.twimg.com/media/FxpSYa5WcAExZIm.jpg,1664733594550501376_4b17be14c1f3.jpg,tweet_images/1664733594550501376_4b17be14c1f3.jpg
1128022828622630912,repdinatitus,Democrat,http://pbs.twimg.com/media/D6eKw9NU0AAny3W.jpg,1128022828622630912_24b424ca75e0.jpg,tweet_images/1128022828622630912_24b424ca75e0.jpg
1128022828622630912,repdinatitus,Democrat,http://pbs.twimg.com/media/D6eKw9QU8AAe4uD.jpg,1128022828622630912_a0da00d2148a.jpg,tweet_images/1128022828622630912_a0da00d2148a.jpg
1119031349954994176,RepTimBurchett,Republican,http://pbs.twimg.com/media/D4eZE24WsAI1PyC.jpg,1119031349954994176_22aa724a34c7.jpg,tweet_images/1119031349954994176_22aa724a34c7.jpg
1119031349954994176,RepTimBurchett,Republican,http://pbs.twimg.com/media/D4eZE24WwAAH6kT.jpg,1119031349954994176_6482a17c5166.jpg,tweet_images/1119031349954994176_6482a17c5166.jpg
1283104285375508480,RepBillFoster,Democrat,http://pbs.twimg.com/media/Ec5_GdcWsAQ1pQL.jpg,1283104285375508480_0f6be58bd8e3.jpg,tweet_images/1283104285375508480_0f6be58bd8e3.jpg
1014566837734932480,RepJayapal,Democrat,http://pbs.twimg.com/media/DhMwPjAX0AA-_G_.jpg,1014566837734932480_d0ce007c4512.jpg,tweet_images/1014566837734932480_d0ce007c4512.jpg
1239943124753014788,TomColeOK04,Republican,http://pbs.twimg.com/media/ETRE5CRWsAAPWv9.png,1239943124753014788_2922c327c247.png,tweet_images/1239943124753014788_2922c327c247.png
1244767728520572928,RepMcGovern,Democrat,http://pbs.twimg.com/media/EUZD4H6XQAAJ_w0.jpg,1244767728520572928_9040eed8a0df.jpg,tweet_images/1244767728520572928_9040eed8a0df.jpg
1244767728520572928,RepMcGovern,Democrat,http://pbs.twimg.com/media/EUZD4JfXgAE9JiV.jpg,1244767728520572928_2144007a562e.jpg,tweet_images/1244767728520572928_2144007a562e.jpg
1631398763519438850,RepDavids,Democrat,http://pbs.twimg.com/media/FqPaxoXWIAIQFkW.jpg,1631398763519438850_092d5f3b8801.jpg,tweet_images/1631398763519438850_092d5f3b8801.jpg
1631398763519438850,RepDavids,Democrat,http://pbs.twimg.com/media/FqPkaAAWAAgaDVd.jpg,1631398763519438850_731f9a237932.jpg,tweet_images/1631398763519438850_731f9a237932.jpg
1631398763519438850,RepDavids,Democrat,http://pbs.twimg.com/media/FqPkemZXsAInVnh.jpg,1631398763519438850_b933eb695ff5.jpg,tweet_images/1631398763519438850_b933eb695ff5.jpg
1633268248715116544,RepGraceMeng,Democrat,http://pbs.twimg.com/media/FqqHnM8WwAA6_sj.jpg,1633268248715116544_c54687b32fe6.jpg,tweet_images/1633268248715116544_c54687b32fe6.jpg
1582408128582549504,BettyMcCollum04,Democrat,http://pbs.twimg.com/media/FfXXxwAWAAAO_6T.jpg,1582408128582549504_2770481511e6.jpg,tweet_images/1582408128582549504_2770481511e6.jpg
1525445827375685632,RepCasten,Democrat,http://pbs.twimg.com/media/FSqZt0cXoAAX3gu.jpg,1525445827375685632_7234f625b4d8.jpg,tweet_images/1525445827375685632_7234f625b4d8.jpg
1525445827375685632,RepCasten,Democrat,http://pbs.twimg.com/media/FSqZt0eXEAASCGA.jpg,1525445827375685632_624ec64e2317.jpg,tweet_images/1525445827375685632_624ec64e2317.jpg
1525445827375685632,RepCasten,Democrat,http://pbs.twimg.com/media/FSqZt0fX0AIAd74.jpg,1525445827375685632_f51168b1a331.jpg,tweet_images/1525445827375685632_f51168b1a331.jpg
1659204118815318024,RepMcClellan,Democrat,http://pbs.twimg.com/media/FwV3ICxXsAUgGKL.jpg,1659204118815318024_ae008438bc4e.jpg,tweet_images/1659204118815318024_ae008438bc4e.jpg
1527754966798147585,RepEspaillat,Democrat,http://pbs.twimg.com/media/FTOtCx1WAAIuMnC.jpg,1527754966798147585_5259e5b9eac4.jpg,tweet_images/1527754966798147585_5259e5b9eac4.jpg
1532791451922448385,RepCuellar,Democrat,http://pbs.twimg.com/media/FUWRs0gWUAAwRM-.jpg,1532791451922448385_1483a16878f9.jpg,tweet_images/1532791451922448385_1483a16878f9.jpg
1217826003000664069,RepJahanaHayes,Democrat,http://pbs.twimg.com/media/EOaWSzdW4AAJEwZ.jpg,1217826003000664069_0b10eea89597.jpg,tweet_images/1217826003000664069_0b10eea89597.jpg
1437543995652124673,RepAdams,Democrat,http://pbs.twimg.com/media/E_MupN2WEAEhOTH.jpg,1437543995652124673_e8c0eccdce50.jpg,tweet_images/1437543995652124673_e8c0eccdce50.jpg
1437543995652124673,RepAdams,Democrat,http://pbs.twimg.com/media/E-9auVxXoAsOuD_.jpg,1437543995652124673_f9bee0672baa.jpg,tweet_images/1437543995652124673_f9bee0672baa.jpg
1171844149865328640,RepAndyBiggsAZ,Republican,http://pbs.twimg.com/media/EEMxPoVUYAEjh5C.jpg,1171844149865328640_51aaa7f88419.jpg,tweet_images/1171844149865328640_51aaa7f88419.jpg
1238234387671592960,RepGolden,Democrat,http://pbs.twimg.com/media/ES6DyzVXsAAvwn2.jpg,1238234387671592960_c163ed40cd29.jpg,tweet_images/1238234387671592960_c163ed40cd29.jpg
1479122376931557376,SenBooker,Democrat,http://pbs.twimg.com/media/FIbl38aXIAEjNda.jpg,1479122376931557376_5f13fa8092c9.jpg,tweet_images/1479122376931557376_5f13fa8092c9.jpg
1441530885807874052,repdinatitus,Democrat,http://pbs.twimg.com/media/FAFYmjkVkAAEI6V.png,1441530885807874052_c5ae52b4213b.png,tweet_images/1441530885807874052_c5ae52b4213b.png
1441530885807874052,repdinatitus,Democrat,http://pbs.twimg.com/media/FAFYnK9UYAM5QUt.png,1441530885807874052_5ddfa57d617c.png,tweet_images/1441530885807874052_5ddfa57d617c.png
1480275372537225219,JayObernolte,Republican,http://pbs.twimg.com/media/FIr-fU0XsA4x1kI.jpg,1480275372537225219_cb27d7814203.jpg,tweet_images/1480275372537225219_cb27d7814203.jpg
1433535337054277632,SenJoniErnst,Republican,http://pbs.twimg.com/media/E-Twt5iX0AELcau.jpg,1433535337054277632_cbcb8b98c421.jpg,tweet_images/1433535337054277632_cbcb8b98c421.jpg
1309174820026884102,RepCarbajal,Democrat,http://pbs.twimg.com/media/EisfjtJWAAA3aOF.jpg,1309174820026884102_7c3f2ab50336.jpg,tweet_images/1309174820026884102_7c3f2ab50336.jpg
1420118328304091147,RepHankJohnson,Democrat,http://pbs.twimg.com/media/E7VGF6mWEAk824b.jpg,1420118328304091147_d6c8cb1e2046.jpg,tweet_images/1420118328304091147_d6c8cb1e2046.jpg
1604511607983263745,RepSwalwell,Democrat,http://pbs.twimg.com/media/FkRezV1UEAIGomI.jpg,1604511607983263745_fc2a9a8f1ac2.jpg,tweet_images/1604511607983263745_fc2a9a8f1ac2.jpg
1427678358331084809,janschakowsky,Democrat,http://pbs.twimg.com/media/E9AbK72XIAIj-cI.jpg,1427678358331084809_501b55adfb01.jpg,tweet_images/1427678358331084809_501b55adfb01.jpg
1095013799977988100,RepBeatty,Democrat,http://pbs.twimg.com/media/DzJE6wuWwAMjvXq.jpg,1095013799977988100_b4acf64d77c1.jpg,tweet_images/1095013799977988100_b4acf64d77c1.jpg
1129422730342883328,BennieGThompson,Democrat,http://pbs.twimg.com/media/D6yD_D4WkAAn8cf.jpg,1129422730342883328_ff63e143064d.jpg,tweet_images/1129422730342883328_ff63e143064d.jpg
1340674442914004994,RepAndyBiggsAZ,Republican,http://pbs.twimg.com/media/EpsFwVXXUAAvyEJ.jpg,1340674442914004994_85b5a410b067.jpg,tweet_images/1340674442914004994_85b5a410b067.jpg
1437900382445969412,ChrisVanHollen,Democrat,http://pbs.twimg.com/media/E_Ryg40XEAIwAL1.jpg,1437900382445969412_156a6bcdfe92.jpg,tweet_images/1437900382445969412_156a6bcdfe92.jpg
1365311018415640579,RepThomasMassie,Republican,http://pbs.twimg.com/media/EvKPInSXYAsGiWA.jpg,1365311018415640579_3ab93352142a.jpg,tweet_images/1365311018415640579_3ab93352142a.jpg
1170063181944893442,RepJoeMorelle,Democrat,http://pbs.twimg.com/media/EDzmQrXWsAAifTa.jpg,1170063181944893442_f6d4b95e11d2.jpg,tweet_images/1170063181944893442_f6d4b95e11d2.jpg
906177094757044224,SenCapito,Republican,http://pbs.twimg.com/media/DJNjQBQXcAAVnDF.jpg,906177094757044224_5e7e510152d1.jpg,tweet_images/906177094757044224_5e7e510152d1.jpg
1361057553040502787,RepBrownley,Democrat,http://pbs.twimg.com/media/EuNymiUXUAIhJMc.png,1361057553040502787_5f8c0bf91ccd.png,tweet_images/1361057553040502787_5f8c0bf91ccd.png
1419833139829125135,RepFrenchHill,Republican,http://pbs.twimg.com/media/E7RCt05XsAEqvxs.jpg,1419833139829125135_113cb82de33d.jpg,tweet_images/1419833139829125135_113cb82de33d.jpg
1154852948754743296,RepKClark,Democrat,http://pbs.twimg.com/media/EAa4tRRXsAAsL10.jpg,1154852948754743296_6460b0e3923e.jpg,tweet_images/1154852948754743296_6460b0e3923e.jpg
1640846476887871488,RepLisaMcClain,Republican,http://pbs.twimg.com/media/FsVVNqJX0Acubps.jpg,1640846476887871488_caf3a5ca0dce.jpg,tweet_images/1640846476887871488_caf3a5ca0dce.jpg
1640846476887871488,RepLisaMcClain,Republican,http://pbs.twimg.com/media/FsVVNqHX0BgATBr.jpg,1640846476887871488_99a24007cc78.jpg,tweet_images/1640846476887871488_99a24007cc78.jpg
1022267444792975361,SteveScalise,Republican,http://pbs.twimg.com/media/Di-8jz1W0AEhHmb.jpg,1022267444792975361_1d13ff623eb9.jpg,tweet_images/1022267444792975361_1d13ff623eb9.jpg
954439386631897088,RepAdrianSmith,Republican,http://pbs.twimg.com/media/DT7W_dwWsAAaift.jpg,954439386631897088_b284b3cf0289.jpg,tweet_images/954439386631897088_b284b3cf0289.jpg
979119842832855042,boblatta,Republican,http://pbs.twimg.com/media/DZaITgdX0AA7f8n.jpg,979119842832855042_db640bb3d4a9.jpg,tweet_images/979119842832855042_db640bb3d4a9.jpg
1163556402008416257,RepJoeCourtney,Democrat,http://pbs.twimg.com/media/ECXIX4-WwAYiQ1A.jpg,1163556402008416257_af54c8bce686.jpg,tweet_images/1163556402008416257_af54c8bce686.jpg
1163556402008416257,RepJoeCourtney,Democrat,http://pbs.twimg.com/media/ECXIX5QWkAEG-N3.jpg,1163556402008416257_6f8cb3af797e.jpg,tweet_images/1163556402008416257_6f8cb3af797e.jpg
1656405061533089793,RepBrianFitz,Republican,http://pbs.twimg.com/media/Fvy7n4cXwAEji4P.jpg,1656405061533089793_ecf322e56671.jpg,tweet_images/1656405061533089793_ecf322e56671.jpg
1088526098248265728,RepThompson,Democrat,http://pbs.twimg.com/media/Dxs3XakX4AAl_jr.jpg,1088526098248265728_e9fb8afc3151.jpg,tweet_images/1088526098248265728_e9fb8afc3151.jpg
1500631734500708361,SenJackyRosen,Democrat,http://pbs.twimg.com/media/FNNQmwyXwAQNL5g.jpg,1500631734500708361_9fd28924ac68.jpg,tweet_images/1500631734500708361_9fd28924ac68.jpg
1130541374640549888,RepMcCaul,Republican,http://pbs.twimg.com/media/D7BwpiAUwAAnCp3.png,1130541374640549888_6a29eb6a8cd0.png,tweet_images/1130541374640549888_6a29eb6a8cd0.png
1316488879835406338,RepWalberg,Republican,http://pbs.twimg.com/media/EkUbXMyXcAMWwmm.jpg,1316488879835406338_209762571ae6.jpg,tweet_images/1316488879835406338_209762571ae6.jpg
1275940173189189634,SenGaryPeters,Democrat,http://pbs.twimg.com/media/EbSi2LnXsAAxHTG.jpg,1275940173189189634_3967f79eae04.jpg,tweet_images/1275940173189189634_3967f79eae04.jpg
1422570648354934790,RepJohnRose,Republican,http://pbs.twimg.com/media/E738U2FXsAM3e-I.jpg,1422570648354934790_f1caeb3f11ba.jpg,tweet_images/1422570648354934790_f1caeb3f11ba.jpg
1588249961379991555,ChuckGrassley,Republican,http://pbs.twimg.com/media/FgqY6mnWQAAI2vN.jpg,1588249961379991555_d8a8f736282c.jpg,tweet_images/1588249961379991555_d8a8f736282c.jpg
1579876024531431425,RepMikeQuigley,Democrat,http://pbs.twimg.com/media/FezWOqcWYAA6USV.jpg,1579876024531431425_c48b4ccab4b7.jpg,tweet_images/1579876024531431425_c48b4ccab4b7.jpg
928020237710131200,SenatorBaldwin,Democrat,http://pbs.twimg.com/media/DOD6U6pWkAEzMB8.jpg,928020237710131200_7caa71c5ac17.jpg,tweet_images/928020237710131200_7caa71c5ac17.jpg
1097956679923220481,SenJohnBarrasso,Republican,http://pbs.twimg.com/media/DzyyZ6mU8AAj-BC.jpg,1097956679923220481_ecf791b59527.jpg,tweet_images/1097956679923220481_ecf791b59527.jpg
1097956679923220481,SenJohnBarrasso,Republican,http://pbs.twimg.com/media/DzyyaTWUcAAU8XX.jpg,1097956679923220481_af307f9935b8.jpg,tweet_images/1097956679923220481_af307f9935b8.jpg
1146871301966925824,SenWhitehouse,Democrat,http://pbs.twimg.com/media/D-pq6x8WsAASDYw.jpg,1146871301966925824_565e36542c43.jpg,tweet_images/1146871301966925824_565e36542c43.jpg
1316822602334244866,SenatorShaheen,Democrat,http://pbs.twimg.com/media/EkZLFnyWkAMDwv5.jpg,1316822602334244866_7d9cb2a34d95.jpg,tweet_images/1316822602334244866_7d9cb2a34d95.jpg
1316822602334244866,SenatorShaheen,Democrat,http://pbs.twimg.com/media/EkZLFpMX0AAqU7V.jpg,1316822602334244866_e4e9d6b5fe7e.jpg,tweet_images/1316822602334244866_e4e9d6b5fe7e.jpg
971863439860781058,RepRoKhanna,Democrat,http://pbs.twimg.com/media/DXzAgf1X4AIVqdg.jpg,971863439860781058_98fab23c0451.jpg,tweet_images/971863439860781058_98fab23c0451.jpg
1205610419819335680,RepAndyBiggsAZ,Republican,http://pbs.twimg.com/media/ELsZkuoVUAE_8XZ.jpg,1205610419819335680_f7c1986b54c0.jpg,tweet_images/1205610419819335680_f7c1986b54c0.jpg
1622601027634581504,WarrenDavidson,Republican,http://pbs.twimg.com/media/FoSZiuDWIAQ-ZNV.jpg,1622601027634581504_68da52463f4f.jpg,tweet_images/1622601027634581504_68da52463f4f.jpg
1168225781077762050,RepDonBacon,Republican,http://pbs.twimg.com/media/EDZfJ8AXsAAlR7W.jpg,1168225781077762050_49a4031e5984.jpg,tweet_images/1168225781077762050_49a4031e5984.jpg
1168225781077762050,RepDonBacon,Republican,http://pbs.twimg.com/media/EDZfJ66WkAA8wLR.jpg,1168225781077762050_bfa794a37df1.jpg,tweet_images/1168225781077762050_bfa794a37df1.jpg
1168225781077762050,RepDonBacon,Republican,http://pbs.twimg.com/media/EDZfJ7HXsAAOCvV.jpg,1168225781077762050_94ea46e783ca.jpg,tweet_images/1168225781077762050_94ea46e783ca.jpg
1168225781077762050,RepDonBacon,Republican,http://pbs.twimg.com/media/EDZfJ4FX4AIJEAf.jpg,1168225781077762050_f41d0b39a5cb.jpg,tweet_images/1168225781077762050_f41d0b39a5cb.jpg
1019379245867569153,RepAndyBiggsAZ,Republican,http://pbs.twimg.com/media/DiVxb-aVMAAvbXr.jpg,1019379245867569153_6050ee0bf7b3.jpg,tweet_images/1019379245867569153_6050ee0bf7b3.jpg
1663174038150164488,SenJohnBarrasso,Republican,http://pbs.twimg.com/media/FxTH-P8WIAQCY5W.jpg,1663174038150164488_f9cc443ff352.jpg,tweet_images/1663174038150164488_f9cc443ff352.jpg
1112439292771606528,SenatorHassan,Democrat,http://pbs.twimg.com/media/D3AtoJ4X0AIlkBp.jpg,1112439292771606528_488e3b31d19c.jpg,tweet_images/1112439292771606528_488e3b31d19c.jpg
1039905336856064001,RepVeasey,Democrat,http://pbs.twimg.com/media/Dm58TCuX0AAqzkp.jpg,1039905336856064001_0133201a31f9.jpg,tweet_images/1039905336856064001_0133201a31f9.jpg
1019939872545624064,RepTerriSewell,Democrat,http://pbs.twimg.com/media/DieN5hvWsAAs8js.jpg,1019939872545624064_eb5418ad8b27.jpg,tweet_images/1019939872545624064_eb5418ad8b27.jpg
1045323184822767616,RepGwenMoore,Democrat,http://pbs.twimg.com/media/DoG75NZX0AAFAbr.jpg,1045323184822767616_07cb7974d145.jpg,tweet_images/1045323184822767616_07cb7974d145.jpg
1468394334441644034,repdinatitus,Democrat,http://pbs.twimg.com/media/FGCLeJEVQAEP5Oc.jpg,1468394334441644034_b454f3cb0c8e.jpg,tweet_images/1468394334441644034_b454f3cb0c8e.jpg
1482054872501559298,rosadelauro,Democrat,http://pbs.twimg.com/media/FJFNZq3WYAU5Sne.jpg,1482054872501559298_6cc4aca35def.jpg,tweet_images/1482054872501559298_6cc4aca35def.jpg
965644946698047488,SenatorFischer,Republican,http://pbs.twimg.com/media/DWao8TdVwAAdZji.jpg,965644946698047488_7e81795afd95.jpg,tweet_images/965644946698047488_7e81795afd95.jpg
965644946698047488,SenatorFischer,Republican,http://pbs.twimg.com/media/DWao8TcVoAEdP3x.jpg,965644946698047488_8b116398c553.jpg,tweet_images/965644946698047488_8b116398c553.jpg
965644946698047488,SenatorFischer,Republican,http://pbs.twimg.com/media/DWao8TaVoAIquJn.jpg,965644946698047488_1c543b80e762.jpg,tweet_images/965644946698047488_1c543b80e762.jpg
965644946698047488,SenatorFischer,Republican,http://pbs.twimg.com/media/DWao8TcU8AAHC7f.jpg,965644946698047488_a1a2fcf6e0b9.jpg,tweet_images/965644946698047488_a1a2fcf6e0b9.jpg
1128714660692148224,PattyMurray,Democrat,http://pbs.twimg.com/media/D6nw8wJWwAUBNR2.jpg,1128714660692148224_720c723033bd.jpg,tweet_images/1128714660692148224_720c723033bd.jpg
1232772326569070592,SenToddYoung,Republican,http://pbs.twimg.com/media/ERuk6S-WAAQuYEw.jpg,1232772326569070592_d3b03d5d7887.jpg,tweet_images/1232772326569070592_d3b03d5d7887.jpg
1232772326569070592,SenToddYoung,Republican,http://pbs.twimg.com/media/ERuk6TcW4AIkPNk.jpg,1232772326569070592_6a1256952e06.jpg,tweet_images/1232772326569070592_6a1256952e06.jpg
1232772326569070592,SenToddYoung,Republican,http://pbs.twimg.com/media/ERuk6S-XYAAVh1n.jpg,1232772326569070592_1b8c91fb9f77.jpg,tweet_images/1232772326569070592_1b8c91fb9f77.jpg
1638290117889540096,RepMonicaDLC,Republican,http://pbs.twimg.com/media/FrxgLU1XgAMmR86.jpg,1638290117889540096_884725650f82.jpg,tweet_images/1638290117889540096_884725650f82.jpg
1372303013008846850,RepMikeLevin,Democrat,http://pbs.twimg.com/media/EwtmUQmWYAMmFHe.jpg,1372303013008846850_3cd89e027e0d.jpg,tweet_images/1372303013008846850_3cd89e027e0d.jpg
1148618952966311937,RepWilson,Democrat,http://pbs.twimg.com/media/D_C21_AXsAAeL5J.jpg,1148618952966311937_36e35fc4a91f.jpg,tweet_images/1148618952966311937_36e35fc4a91f.jpg
1366438511314931720,RepRickLarsen,Democrat,http://pbs.twimg.com/media/EvZ3J8yWYAgN3OE.png,1366438511314931720_57ebb215b8ee.png,tweet_images/1366438511314931720_57ebb215b8ee.png
1366438511314931720,RepRickLarsen,Democrat,http://pbs.twimg.com/media/EvZ3J8-XcAAkV9b.jpg,1366438511314931720_81901f57699d.jpg,tweet_images/1366438511314931720_81901f57699d.jpg
1121159193699000324,RepScottPerry,Republican,http://pbs.twimg.com/media/D48oTMAWsAAUKGR.jpg,1121159193699000324_51fe26171896.jpg,tweet_images/1121159193699000324_51fe26171896.jpg
1121159193699000324,RepScottPerry,Republican,http://pbs.twimg.com/media/D48oUCuXkAM5_eu.jpg,1121159193699000324_8e3bb95f2529.jpg,tweet_images/1121159193699000324_8e3bb95f2529.jpg
1121159193699000324,RepScottPerry,Republican,http://pbs.twimg.com/media/D48oVA_WsAItwfM.jpg,1121159193699000324_f428bbb2a404.jpg,tweet_images/1121159193699000324_f428bbb2a404.jpg
1121159193699000324,RepScottPerry,Republican,http://pbs.twimg.com/media/D48oVYAXsAAyXse.jpg,1121159193699000324_6dd2d7d006d2.jpg,tweet_images/1121159193699000324_6dd2d7d006d2.jpg
1294012869571477504,RepDwightEvans,Democrat,http://pbs.twimg.com/media/EfUhHWeX0AEWA5V.jpg,1294012869571477504_eacd94bbbd27.jpg,tweet_images/1294012869571477504_eacd94bbbd27.jpg
1134549951684497408,RepJoeWilson,Republican,http://pbs.twimg.com/media/D766rrmXkAAGhk5.jpg,1134549951684497408_15b702a3949a.jpg,tweet_images/1134549951684497408_15b702a3949a.jpg
1268701461082406915,SenatorHassan,Democrat,http://pbs.twimg.com/media/EZsLIbXVAAAEzir.jpg,1268701461082406915_bcd2d0de5e65.jpg,tweet_images/1268701461082406915_bcd2d0de5e65.jpg
1141053735902359554,NormaJTorres,Democrat,http://pbs.twimg.com/media/D9XWSyVWkAAfrPb.jpg,1141053735902359554_38cdce7c630c.jpg,tweet_images/1141053735902359554_38cdce7c630c.jpg
1665038480093634565,SenCortezMasto,Democrat,http://pbs.twimg.com/media/FxtltjAXgAIbA5a.jpg,1665038480093634565_e228f4ea67f9.jpg,tweet_images/1665038480093634565_e228f4ea67f9.jpg
999380899966971905,RepRaskin,Democrat,http://pbs.twimg.com/media/Dd56GVmVQAAiIUV.jpg,999380899966971905_10753ad3fb9b.jpg,tweet_images/999380899966971905_10753ad3fb9b.jpg
1279415296693088256,RepRutherfordFL,Republican,http://pbs.twimg.com/media/EcFlbjEWsAMMN1h.jpg,1279415296693088256_63d1ad9dad26.jpg,tweet_images/1279415296693088256_63d1ad9dad26.jpg
1372188714437345281,RepMikeJohnson,Republican,http://pbs.twimg.com/media/Ewr-V74WEAgaNiW.jpg,1372188714437345281_7dcd84098566.jpg,tweet_images/1372188714437345281_7dcd84098566.jpg
1189008096468852736,RepThompson,Democrat,http://pbs.twimg.com/media/EIAz7iJWoAE-8vL.png,1189008096468852736_0d0cd4ff3512.png,tweet_images/1189008096468852736_0d0cd4ff3512.png
1143945861661171713,RepDelBene,Democrat,http://pbs.twimg.com/media/D-Aa167X4AIFt9H.png,1143945861661171713_fdca1be3f7ca.png,tweet_images/1143945861661171713_fdca1be3f7ca.png
1166762091090337792,RepJimmyGomez,Democrat,http://pbs.twimg.com/media/EDEr7zdUEAAcgiP.jpg,1166762091090337792_b3103fa4316e.jpg,tweet_images/1166762091090337792_b3103fa4316e.jpg
1166762091090337792,RepJimmyGomez,Democrat,http://pbs.twimg.com/media/EDEr773U0AAlr4M.jpg,1166762091090337792_73d21a242eec.jpg,tweet_images/1166762091090337792_73d21a242eec.jpg
1188214991587074048,RepDonBacon,Republican,http://pbs.twimg.com/media/EH1jPOfXYAI1hRx.jpg,1188214991587074048_5ae55627e48a.jpg,tweet_images/1188214991587074048_5ae55627e48a.jpg
924341179960971269,RepThomasMassie,Republican,http://pbs.twimg.com/media/DNPnHsXVoAATq-O.jpg,924341179960971269_2f457484e4e6.jpg,tweet_images/924341179960971269_2f457484e4e6.jpg
1636479606168461314,RepJerryNadler,Democrat,http://pbs.twimg.com/media/FrM_xU4WABM36ac.png,1636479606168461314_9fef757698f1.png,tweet_images/1636479606168461314_9fef757698f1.png
1401304886839590918,RepDannyDavis,Democrat,http://pbs.twimg.com/media/E3De081XoAEXrEj.jpg,1401304886839590918_650ff15f786b.jpg,tweet_images/1401304886839590918_650ff15f786b.jpg
1651631001699856385,RepEscobar,Democrat,http://pbs.twimg.com/media/FuvFmGTXoAwktJX.jpg,1651631001699856385_30b40a9e9586.jpg,tweet_images/1651631001699856385_30b40a9e9586.jpg
938805156019400705,RepGwenMoore,Democrat,http://pbs.twimg.com/media/DQdM7uAU8AEfrMR.jpg,938805156019400705_c007f438757a.jpg,tweet_images/938805156019400705_c007f438757a.jpg
1513940890598793216,SenatorHassan,Democrat,http://pbs.twimg.com/media/FQFCtyDWUAQcBWE.jpg,1513940890598793216_a4852c879c89.jpg,tweet_images/1513940890598793216_a4852c879c89.jpg
1513940890598793216,SenatorHassan,Democrat,http://pbs.twimg.com/media/FQFCt_pWUAoSYRq.jpg,1513940890598793216_d8e63019b318.jpg,tweet_images/1513940890598793216_d8e63019b318.jpg
1513940890598793216,SenatorHassan,Democrat,http://pbs.twimg.com/media/FQFCuNVWUAQS_P4.jpg,1513940890598793216_d091c303f13d.jpg,tweet_images/1513940890598793216_d091c303f13d.jpg
1513940890598793216,SenatorHassan,Democrat,http://pbs.twimg.com/media/FQFCubSWQAMC-_d.jpg,1513940890598793216_d5b9be893874.jpg,tweet_images/1513940890598793216_d5b9be893874.jpg
1106228090177548288,NormaJTorres,Democrat,http://pbs.twimg.com/media/D1ocgl1WkAMsBs0.jpg,1106228090177548288_0c47843e2e95.jpg,tweet_images/1106228090177548288_0c47843e2e95.jpg
1556744611053404160,RepThompson,Democrat,http://pbs.twimg.com/media/FZqq99VWYAEoscz.jpg,1556744611053404160_3d7ee04bef18.jpg,tweet_images/1556744611053404160_3d7ee04bef18.jpg
1556744611053404160,RepThompson,Democrat,http://pbs.twimg.com/media/FZqq97oXkAE2ysN.jpg,1556744611053404160_dc3addacde40.jpg,tweet_images/1556744611053404160_dc3addacde40.jpg
1443932916602519563,PeterWelch,Democrat,http://pbs.twimg.com/media/FAndzmMWYAEkCeO.jpg,1443932916602519563_742c2a0fa846.jpg,tweet_images/1443932916602519563_742c2a0fa846.jpg
1519325017439358976,RepChuyGarcia,Democrat,http://pbs.twimg.com/media/FRWzyDkWUAEZZnU.png,1519325017439358976_0216b552f688.png,tweet_images/1519325017439358976_0216b552f688.png
1519325017439358976,RepChuyGarcia,Democrat,http://pbs.twimg.com/media/FRWzyDjXEAA6mEE.png,1519325017439358976_cf7334c7b2ae.png,tweet_images/1519325017439358976_cf7334c7b2ae.png
1429084140893257729,RepDeborahRoss,Democrat,http://pbs.twimg.com/media/E9PwuWnXsAENav2.jpg,1429084140893257729_943badc26db8.jpg,tweet_images/1429084140893257729_943badc26db8.jpg
1333986959849447426,RepRoKhanna,Democrat,http://pbs.twimg.com/media/EoNGAdbUYAALeDz.jpg,1333986959849447426_e82bf3f99ee3.jpg,tweet_images/1333986959849447426_e82bf3f99ee3.jpg
903063734935060481,RepRubenGallego,Democrat,http://pbs.twimg.com/media/DIhMltEWAAIi9Rj.png,903063734935060481_8c96929022bc.png,tweet_images/903063734935060481_8c96929022bc.png
1386714027519324163,RepKatCammack,Republican,http://pbs.twimg.com/media/Ez6XOGDWEAw3Uzf.jpg,1386714027519324163_45c22f896682.jpg,tweet_images/1386714027519324163_45c22f896682.jpg
1491880733127946242,repcleaver,Democrat,http://pbs.twimg.com/media/FLQ5g-YXIAUBfWP.jpg,1491880733127946242_86deb7926f51.jpg,tweet_images/1491880733127946242_86deb7926f51.jpg
1349802708430172162,RepMariaSalazar,Republican,http://pbs.twimg.com/media/ErsbslzXIAgbT3y.jpg,1349802708430172162_83495c99aebb.jpg,tweet_images/1349802708430172162_83495c99aebb.jpg
1349802708430172162,RepMariaSalazar,Republican,http://pbs.twimg.com/media/ErsbsmOXEAA4uye.jpg,1349802708430172162_8b0cd39f170d.jpg,tweet_images/1349802708430172162_8b0cd39f170d.jpg
1349802708430172162,RepMariaSalazar,Republican,http://pbs.twimg.com/media/ErsbslxW4AAl9xT.jpg,1349802708430172162_68d4e99b352d.jpg,tweet_images/1349802708430172162_68d4e99b352d.jpg
1349802708430172162,RepMariaSalazar,Republican,http://pbs.twimg.com/media/ErsbslwXEAEYb3q.jpg,1349802708430172162_806a2f8704f9.jpg,tweet_images/1349802708430172162_806a2f8704f9.jpg
1089936639512727555,RepChuck,Republican,http://pbs.twimg.com/media/DyA7kxVWkAgk3m0.jpg,1089936639512727555_fd649ab81a35.jpg,tweet_images/1089936639512727555_fd649ab81a35.jpg
1368741477602521089,repdavidscott,Democrat,http://pbs.twimg.com/media/Ev6_Hj0XYAESQQq.jpg,1368741477602521089_d0270588abad.jpg,tweet_images/1368741477602521089_d0270588abad.jpg
1515468234048348165,JoaquinCastrotx,Democrat,http://pbs.twimg.com/media/FQgFzY6XwAEWXuB.jpg,1515468234048348165_9672fd3ee8cc.jpg,tweet_images/1515468234048348165_9672fd3ee8cc.jpg
1514995443620626443,RepJahanaHayes,Democrat,http://pbs.twimg.com/media/FQZYUz-WYAw_pCs.jpg,1514995443620626443_d776338b46cf.jpg,tweet_images/1514995443620626443_d776338b46cf.jpg
1176589613793759232,RepDelBene,Democrat,http://pbs.twimg.com/media/EFQWA9LWsAcNbeE.jpg,1176589613793759232_cadf2ddfe753.jpg,tweet_images/1176589613793759232_cadf2ddfe753.jpg
1532148023249326080,RepChrisPappas,Democrat,http://pbs.twimg.com/media/FUNIgL3XEAAy83x.jpg,1532148023249326080_2c588e2a047a.jpg,tweet_images/1532148023249326080_2c588e2a047a.jpg
1532148023249326080,RepChrisPappas,Democrat,http://pbs.twimg.com/media/FUNIgMjXwAQ2txv.jpg,1532148023249326080_1fb3281e6fcf.jpg,tweet_images/1532148023249326080_1fb3281e6fcf.jpg
1085266369510223872,PattyMurray,Democrat,http://pbs.twimg.com/media/Dw7SI6nXgAA8Jhz.jpg,1085266369510223872_7cac0631c957.jpg,tweet_images/1085266369510223872_7cac0631c957.jpg
1646283353136455683,RepDonBacon,Republican,http://pbs.twimg.com/media/FtjF-5bX0AEZ2Wn.jpg,1646283353136455683_0800e989df5e.jpg,tweet_images/1646283353136455683_0800e989df5e.jpg
1646283353136455683,RepDonBacon,Republican,http://pbs.twimg.com/media/FtjF-6gXoAIUqGW.jpg,1646283353136455683_5aeb335657b3.jpg,tweet_images/1646283353136455683_5aeb335657b3.jpg
1579138757307297793,RepMGS,Democrat,http://pbs.twimg.com/media/FemVRSZXoAMtINL.jpg,1579138757307297793_db020a69bfd3.jpg,tweet_images/1579138757307297793_db020a69bfd3.jpg
1519795175148634114,RepDannyDavis,Democrat,http://pbs.twimg.com/media/FRdloQfWYAMv-hI.jpg,1519795175148634114_cbe42efe8ceb.jpg,tweet_images/1519795175148634114_cbe42efe8ceb.jpg
1408179267381366785,RepPatFallon,Republican,http://pbs.twimg.com/media/E4rbPTjXoAEXMRI.jpg,1408179267381366785_15284c78236c.jpg,tweet_images/1408179267381366785_15284c78236c.jpg
1222548923069468679,RepHorsford,Democrat,http://pbs.twimg.com/media/EPdZDqnU4AAckCn.jpg,1222548923069468679_0b0c69b00e3f.jpg,tweet_images/1222548923069468679_0b0c69b00e3f.jpg
1560390824252346369,SenGaryPeters,Democrat,http://pbs.twimg.com/media/Faec6TSWQAICAAG.jpg,1560390824252346369_cd4ce738fde0.jpg,tweet_images/1560390824252346369_cd4ce738fde0.jpg
1520165044692135936,RepJimmyPanetta,Democrat,http://pbs.twimg.com/media/FRi1cs-XMAEIuTE.jpg,1520165044692135936_a7d14d2e7bbb.jpg,tweet_images/1520165044692135936_a7d14d2e7bbb.jpg
1520165044692135936,RepJimmyPanetta,Democrat,http://pbs.twimg.com/media/FRi1efVX0AEhh8-.jpg,1520165044692135936_e33d4c8d2ce9.jpg,tweet_images/1520165044692135936_e33d4c8d2ce9.jpg
1657121316137324564,RepJoeCourtney,Democrat,http://pbs.twimg.com/media/Fv9G9AnX0CoTLXC.jpg,1657121316137324564_47bbcf36dc76.jpg,tweet_images/1657121316137324564_47bbcf36dc76.jpg
1657121316137324564,RepJoeCourtney,Democrat,http://pbs.twimg.com/media/Fv9G-JzX0Ag1Qf_.jpg,1657121316137324564_d39c376df5d0.jpg,tweet_images/1657121316137324564_d39c376df5d0.jpg
1657121316137324564,RepJoeCourtney,Democrat,http://pbs.twimg.com/media/Fv9HBD8X0A01ZPU.jpg,1657121316137324564_e7ce4b724a50.jpg,tweet_images/1657121316137324564_e7ce4b724a50.jpg
1024394508178534401,McConnellPress,Republican,http://pbs.twimg.com/media/DjdYxGrXgAAiIqp.jpg,1024394508178534401_c9170e9a81d7.jpg,tweet_images/1024394508178534401_c9170e9a81d7.jpg
1522592144741044224,RepEspaillat,Democrat,http://pbs.twimg.com/media/FR2Bu2VX0AMnNId.jpg,1522592144741044224_edc65cf66ee1.jpg,tweet_images/1522592144741044224_edc65cf66ee1.jpg
1375211390156296194,RepLucyMcBath,Democrat,http://pbs.twimg.com/media/ExWpu5HXEAQ4pE0.jpg,1375211390156296194_4c3b24ec0e51.jpg,tweet_images/1375211390156296194_4c3b24ec0e51.jpg
1182373325873582081,SenatorWicker,Republican,http://pbs.twimg.com/media/EGigna-XYAAjZmX.jpg,1182373325873582081_bb6b35a715d0.jpg,tweet_images/1182373325873582081_bb6b35a715d0.jpg
1006596094376148997,RepDonBeyer,Democrat,http://pbs.twimg.com/media/DffZQUwVAAEtDrK.jpg,1006596094376148997_3204ddd92795.jpg,tweet_images/1006596094376148997_3204ddd92795.jpg
1494712598008324098,RepSaraJacobs,Democrat,http://pbs.twimg.com/media/FL5JL50XMAkQYh2.jpg,1494712598008324098_f39d199f0706.jpg,tweet_images/1494712598008324098_f39d199f0706.jpg
1638965898999365635,SenJoniErnst,Republican,http://pbs.twimg.com/media/Fr7GqpoWcAQNQ_H.jpg,1638965898999365635_1adedfa45570.jpg,tweet_images/1638965898999365635_1adedfa45570.jpg
1621493884810399745,MarshaBlackburn,Republican,http://pbs.twimg.com/media/FoC0GAJXoAAyNDT.jpg,1621493884810399745_40db5f5a436d.jpg,tweet_images/1621493884810399745_40db5f5a436d.jpg
1621493884810399745,MarshaBlackburn,Republican,http://pbs.twimg.com/media/FoC0GAKWQAEH-EK.jpg,1621493884810399745_466af8f9653e.jpg,tweet_images/1621493884810399745_466af8f9653e.jpg
1621493884810399745,MarshaBlackburn,Republican,http://pbs.twimg.com/media/FoC0GAOWYAAa5us.jpg,1621493884810399745_7f383494474d.jpg,tweet_images/1621493884810399745_7f383494474d.jpg
1420776855293071361,RepArrington,Republican,http://pbs.twimg.com/media/E7dvxMjWUAMPbmk.jpg,1420776855293071361_679920e9eb28.jpg,tweet_images/1420776855293071361_679920e9eb28.jpg
1420776855293071361,RepArrington,Republican,http://pbs.twimg.com/media/E7dvxMlXIAU69NH.jpg,1420776855293071361_c1a3b176993c.jpg,tweet_images/1420776855293071361_c1a3b176993c.jpg
1045740719699349504,RepBeatty,Democrat,http://pbs.twimg.com/media/DoM0KhfX0AI36Rw.jpg,1045740719699349504_1618c5ea4979.jpg,tweet_images/1045740719699349504_1618c5ea4979.jpg
1448804787185672193,RepPeteAguilar,Democrat,http://pbs.twimg.com/media/FBspNDsUcAgQatg.jpg,1448804787185672193_d5a4dfcbfc5b.jpg,tweet_images/1448804787185672193_d5a4dfcbfc5b.jpg
1281342111527219200,RepJimmyPanetta,Democrat,http://pbs.twimg.com/media/EcfzQZUWAAA1ypW.png,1281342111527219200_724aa5b59e2a.png,tweet_images/1281342111527219200_724aa5b59e2a.png
1281342111527219200,RepJimmyPanetta,Democrat,http://pbs.twimg.com/media/EcfzQZSXkAQHCvB.jpg,1281342111527219200_41154cc22dd9.jpg,tweet_images/1281342111527219200_41154cc22dd9.jpg
1385292754612260866,RepDonBacon,Republican,http://pbs.twimg.com/media/EzmMaymWEAA5ti3.jpg,1385292754612260866_3645e3e0c984.jpg,tweet_images/1385292754612260866_3645e3e0c984.jpg
1666141120525369346,SanfordBishop,Democrat,http://pbs.twimg.com/media/Fx9SeurWAAUR0z8.png,1666141120525369346_52e61199e507.png,tweet_images/1666141120525369346_52e61199e507.png
1263477677312348160,RepBryanSteil,Republican,http://pbs.twimg.com/media/EYjGPHIXkAQE_iF.jpg,1263477677312348160_6e6386b8469d.jpg,tweet_images/1263477677312348160_6e6386b8469d.jpg
1167141939520638976,RepHuizenga,Republican,http://pbs.twimg.com/media/EDJgRHEX4AAEUp0.jpg,1167141939520638976_dca0a3408407.jpg,tweet_images/1167141939520638976_dca0a3408407.jpg
1531305700034588674,RepAngieCraig,Democrat,http://pbs.twimg.com/media/FUBKX1TWAAIUev4.jpg,1531305700034588674_08a2dcd057b5.jpg,tweet_images/1531305700034588674_08a2dcd057b5.jpg
1559266534962380800,RepMGS,Democrat,http://pbs.twimg.com/media/FaHrMgCXwAAGuUF.jpg,1559266534962380800_58713187583a.jpg,tweet_images/1559266534962380800_58713187583a.jpg
891771697640218625,RepTerriSewell,Democrat,http://pbs.twimg.com/media/DGA1lhaXoAEnfua.jpg,891771697640218625_f135a5738ea6.jpg,tweet_images/891771697640218625_f135a5738ea6.jpg
1638941213612015616,RepJimmyGomez,Democrat,http://pbs.twimg.com/media/Fr6wWNiWIAU1btn.jpg,1638941213612015616_6c9577542084.jpg,tweet_images/1638941213612015616_6c9577542084.jpg
1638941213612015616,RepJimmyGomez,Democrat,http://pbs.twimg.com/media/Fr6wWNkWcAExF11.jpg,1638941213612015616_a292c75c3bc3.jpg,tweet_images/1638941213612015616_a292c75c3bc3.jpg
1638941213612015616,RepJimmyGomez,Democrat,http://pbs.twimg.com/media/Fr6wWNhXwAA3I0f.jpg,1638941213612015616_6451e22a80b0.jpg,tweet_images/1638941213612015616_6451e22a80b0.jpg
1308482828846477312,CongBoyle,Democrat,http://pbs.twimg.com/media/EiipzImWAAAd_Vw.png,1308482828846477312_e149de917636.png,tweet_images/1308482828846477312_e149de917636.png
1235613556336463876,RepRaskin,Democrat,http://pbs.twimg.com/media/ESXHyruXsAA4AW-.jpg,1235613556336463876_f1641f91df81.jpg,tweet_images/1235613556336463876_f1641f91df81.jpg
1165659457822646273,RepRoKhanna,Democrat,http://pbs.twimg.com/media/EC1BFL4XsAIClqn.jpg,1165659457822646273_1b402cdfbd61.jpg,tweet_images/1165659457822646273_1b402cdfbd61.jpg
1154021145924050951,RepHankJohnson,Democrat,http://pbs.twimg.com/media/EAPoGetXoAEkdSb.jpg,1154021145924050951_6cd3e42e4ec2.jpg,tweet_images/1154021145924050951_6cd3e42e4ec2.jpg
1246207222650191872,RepSusieLee,Democrat,http://pbs.twimg.com/media/EUtj62LWoAAwraC.jpg,1246207222650191872_e6a9c60f9aaa.jpg,tweet_images/1246207222650191872_e6a9c60f9aaa.jpg
958415974725832706,RepBeatty,Democrat,http://pbs.twimg.com/media/DUz5UuXWkAEBLIS.jpg,958415974725832706_9b6b43331f6d.jpg,tweet_images/958415974725832706_9b6b43331f6d.jpg
958415974725832706,RepBeatty,Democrat,http://pbs.twimg.com/media/DUz5VzWX4AINEPx.jpg,958415974725832706_045ff335e3b5.jpg,tweet_images/958415974725832706_045ff335e3b5.jpg
958415974725832706,RepBeatty,Democrat,http://pbs.twimg.com/media/DUz5XGDW4AARLB6.jpg,958415974725832706_11f683923a5e.jpg,tweet_images/958415974725832706_11f683923a5e.jpg
1401278453945667587,Jim_Jordan,Republican,http://pbs.twimg.com/media/E3JWGCKWUAYrYmU.jpg,1401278453945667587_bc2c8a82d360.jpg,tweet_images/1401278453945667587_bc2c8a82d360.jpg
1128404267419807756,RepDannyDavis,Democrat,http://pbs.twimg.com/media/D6jjDeuXkAAQksk.jpg,1128404267419807756_a47f2bbfbc83.jpg,tweet_images/1128404267419807756_a47f2bbfbc83.jpg
1658094238809112577,repdinatitus,Democrat,http://pbs.twimg.com/media/FwJJyuVXgAIhv7-.jpg,1658094238809112577_d9d50eac12bc.jpg,tweet_images/1658094238809112577_d9d50eac12bc.jpg
1162433742708891649,RepJimmyPanetta,Democrat,http://pbs.twimg.com/media/ECHLU70WsAAPEfr.jpg,1162433742708891649_315631d5b212.jpg,tweet_images/1162433742708891649_315631d5b212.jpg
1125815809874505729,RepRoKhanna,Democrat,http://pbs.twimg.com/media/D5-ji24WwAMqawt.jpg,1125815809874505729_e67eb0c610fd.jpg,tweet_images/1125815809874505729_e67eb0c610fd.jpg
1629895440396165122,RepDwightEvans,Democrat,http://pbs.twimg.com/media/Fp5iWdSXwAALd7Y.jpg,1629895440396165122_ab0a40eeff03.jpg,tweet_images/1629895440396165122_ab0a40eeff03.jpg
1317254245947645954,RepHorsford,Democrat,http://pbs.twimg.com/media/EkCmxIbWsAE1AJY.jpg,1317254245947645954_15db3e1afb19.jpg,tweet_images/1317254245947645954_15db3e1afb19.jpg
941024747936190464,MarioDB,Republican,http://pbs.twimg.com/media/DQ8tm-OXkAAJp0w.jpg,941024747936190464_9aaeb02d4de0.jpg,tweet_images/941024747936190464_9aaeb02d4de0.jpg
1594775505613750272,RepGregStanton,Democrat,http://pbs.twimg.com/media/FiHGQwkXgAEL3rB.jpg,1594775505613750272_5776bad0e118.jpg,tweet_images/1594775505613750272_5776bad0e118.jpg
1594775505613750272,RepGregStanton,Democrat,http://pbs.twimg.com/media/FiHGQ-oXEBIhEkD.jpg,1594775505613750272_b6a3bff6cddf.jpg,tweet_images/1594775505613750272_b6a3bff6cddf.jpg
1594775505613750272,RepGregStanton,Democrat,http://pbs.twimg.com/media/FiHGTweXEBcem2W.jpg,1594775505613750272_d4087d0c0d89.jpg,tweet_images/1594775505613750272_d4087d0c0d89.jpg
1462421024331472903,RepDwightEvans,Democrat,http://pbs.twimg.com/media/FEt09TLXEAArWAq.jpg,1462421024331472903_ebc736673fde.jpg,tweet_images/1462421024331472903_ebc736673fde.jpg
1462421024331472903,RepDwightEvans,Democrat,http://pbs.twimg.com/media/FEt09TDXoAUFnRn.jpg,1462421024331472903_22b923b5ea20.jpg,tweet_images/1462421024331472903_22b923b5ea20.jpg
1141006663434088448,RepPressley,Democrat,http://pbs.twimg.com/media/D9WqDihXUAABx6C.png,1141006663434088448_37dc5672b475.png,tweet_images/1141006663434088448_37dc5672b475.png
1083374932543844352,RepLloydDoggett,Democrat,http://pbs.twimg.com/media/Dwjrc12W0AAHFZ6.jpg,1083374932543844352_12f9aa0f5fe1.jpg,tweet_images/1083374932543844352_12f9aa0f5fe1.jpg
963142264573911040,FrankPallone,Democrat,http://pbs.twimg.com/media/DV3Ea6EWkAA_xcH.jpg,963142264573911040_21c98f228506.jpg,tweet_images/963142264573911040_21c98f228506.jpg
900752202851078149,JoaquinCastrotx,Democrat,http://pbs.twimg.com/media/DIAU8oEU0AABq5F.jpg,900752202851078149_99354df749e9.jpg,tweet_images/900752202851078149_99354df749e9.jpg
1021853972859113474,RepDannyDavis,Democrat,http://pbs.twimg.com/media/Di5awxlXcAAuSFr.jpg,1021853972859113474_90959a5488a9.jpg,tweet_images/1021853972859113474_90959a5488a9.jpg
1498741080317173767,RepRWilliams,Republican,http://pbs.twimg.com/media/FMyTnyHXsAMnCP2.jpg,1498741080317173767_ea2aa6a49154.jpg,tweet_images/1498741080317173767_ea2aa6a49154.jpg
1427725701063581700,RepDianaDeGette,Democrat,http://pbs.twimg.com/media/E9BM3nLWUAI9LXQ.jpg,1427725701063581700_7bf5b19b782d.jpg,tweet_images/1427725701063581700_7bf5b19b782d.jpg
1491856812173406208,RepBrownley,Democrat,http://pbs.twimg.com/media/FLQjyJ3WUAMeL7m.jpg,1491856812173406208_7ad522355484.jpg,tweet_images/1491856812173406208_7ad522355484.jpg
1559715629581705219,SenRickScott,Republican,http://pbs.twimg.com/media/FaU5F-LWAAIDJHm.jpg,1559715629581705219_0efee921347f.jpg,tweet_images/1559715629581705219_0efee921347f.jpg
1559715629581705219,SenRickScott,Republican,http://pbs.twimg.com/media/FaU5GOGWYAA2-iO.jpg,1559715629581705219_2b0d7cdae2c0.jpg,tweet_images/1559715629581705219_2b0d7cdae2c0.jpg
1126915453685727235,RepCarolMiller,Republican,http://pbs.twimg.com/media/D6ObobqX4AIxBv2.jpg,1126915453685727235_e6aa3a5000e1.jpg,tweet_images/1126915453685727235_e6aa3a5000e1.jpg
1491860242602287108,RepLoisFrankel,Democrat,http://pbs.twimg.com/media/FLQm-0uXEAIlO2C.jpg,1491860242602287108_3c9c606670a6.jpg,tweet_images/1491860242602287108_3c9c606670a6.jpg
1425838217081851904,RepChuyGarcia,Democrat,http://pbs.twimg.com/media/E8mRdedUcBI2Uk5.jpg,1425838217081851904_6853866745b2.jpg,tweet_images/1425838217081851904_6853866745b2.jpg
1650166338952785922,SenatorBaldwin,Democrat,http://pbs.twimg.com/media/FuaRJBnWAAMHn5j.jpg,1650166338952785922_ee9b903cde2d.jpg,tweet_images/1650166338952785922_ee9b903cde2d.jpg
1248312102361669633,RepMcCaul,Republican,http://pbs.twimg.com/media/EVLCwwTUYAAlw7r.jpg,1248312102361669633_7180c1cbfa87.jpg,tweet_images/1248312102361669633_7180c1cbfa87.jpg
1190277200840409089,janschakowsky,Democrat,http://pbs.twimg.com/media/EIOtfMeXYAAfY16.jpg,1190277200840409089_2321552c9544.jpg,tweet_images/1190277200840409089_2321552c9544.jpg
1286741461480943617,SenatorCollins,Republican,http://pbs.twimg.com/media/EdtpNF7WsAE4MRf.jpg,1286741461480943617_13d09b5b9cbf.jpg,tweet_images/1286741461480943617_13d09b5b9cbf.jpg
1286741461480943617,SenatorCollins,Republican,http://pbs.twimg.com/media/EdtpQJJXkAIJ3Oq.jpg,1286741461480943617_2427ed63310a.jpg,tweet_images/1286741461480943617_2427ed63310a.jpg
1560045056131620866,PattyMurray,Democrat,http://pbs.twimg.com/media/FaZNOLOWYAclL6o.jpg,1560045056131620866_e33238b87c0c.jpg,tweet_images/1560045056131620866_e33238b87c0c.jpg
1560045056131620866,PattyMurray,Democrat,http://pbs.twimg.com/media/FaZNOLNX0AABoiH.jpg,1560045056131620866_3c70de4872a6.jpg,tweet_images/1560045056131620866_3c70de4872a6.jpg
1098985084399611911,RepBonamici,Democrat,http://pbs.twimg.com/media/Dz-n8R4WsAEmMkY.jpg,1098985084399611911_fb3e048d7376.jpg,tweet_images/1098985084399611911_fb3e048d7376.jpg
1218715170458996736,SenatorRounds,Republican,http://pbs.twimg.com/media/EOm8lGKWAAAJVkT.jpg,1218715170458996736_d8ae65e42347.jpg,tweet_images/1218715170458996736_d8ae65e42347.jpg
1029921239362621442,RepDelBene,Democrat,http://pbs.twimg.com/media/DksD5s_VAAABc5m.jpg,1029921239362621442_28510b7da2b8.jpg,tweet_images/1029921239362621442_28510b7da2b8.jpg
1029921239362621442,RepDelBene,Democrat,http://pbs.twimg.com/media/DksD5s9UYAAwgY6.jpg,1029921239362621442_52e3b51865e3.jpg,tweet_images/1029921239362621442_52e3b51865e3.jpg
1536812644174376962,SenJohnBarrasso,Republican,http://pbs.twimg.com/media/FVPauaLWQAEMBKF.jpg,1536812644174376962_51cd1e0b71d5.jpg,tweet_images/1536812644174376962_51cd1e0b71d5.jpg
1415113967958118408,RepHorsford,Democrat,http://pbs.twimg.com/media/E6N-p47XMAYrXHM.jpg,1415113967958118408_8c61cd8f5c63.jpg,tweet_images/1415113967958118408_8c61cd8f5c63.jpg
1180255214009507840,JohnCornyn,Republican,http://pbs.twimg.com/media/EGEQD8vVUAAEgL4.jpg,1180255214009507840_51c377d180bd.jpg,tweet_images/1180255214009507840_51c377d180bd.jpg
1416423195155079171,RepGrothman,Republican,http://pbs.twimg.com/media/E6cglEyXoAYG8bx.jpg,1416423195155079171_a36082da69cb.jpg,tweet_images/1416423195155079171_a36082da69cb.jpg
1532416919675994114,RepCasten,Democrat,http://pbs.twimg.com/media/FUQ78eoXwAA60lA.png,1532416919675994114_4ffa824ba3de.png,tweet_images/1532416919675994114_4ffa824ba3de.png
1219667651078823943,MarioDB,Republican,http://pbs.twimg.com/media/EO0hPgAX4AISNJT.jpg,1219667651078823943_581610ec1303.jpg,tweet_images/1219667651078823943_581610ec1303.jpg
1219667651078823943,MarioDB,Republican,http://pbs.twimg.com/media/EO0hPgQWkAAA8LS.jpg,1219667651078823943_655b645332d2.jpg,tweet_images/1219667651078823943_655b645332d2.jpg
1308878181362028553,chelliepingree,Democrat,http://pbs.twimg.com/media/EioRtEqWsAE_6Dc.jpg,1308878181362028553_6a1d8dd69908.jpg,tweet_images/1308878181362028553_6a1d8dd69908.jpg
1430232680327692294,RepMGS,Democrat,http://pbs.twimg.com/media/E9kqQ1cWEA86vHL.jpg,1430232680327692294_26855531efa9.jpg,tweet_images/1430232680327692294_26855531efa9.jpg
1648323641476542464,RepPeteStauber,Republican,http://pbs.twimg.com/media/FuAFnNuWIAAKfcA.jpg,1648323641476542464_af0cace805b2.jpg,tweet_images/1648323641476542464_af0cace805b2.jpg
1222656685870845952,BettyMcCollum04,Democrat,http://pbs.twimg.com/media/EPe_xlLWoAcsIQe.jpg,1222656685870845952_514e62070f7d.jpg,tweet_images/1222656685870845952_514e62070f7d.jpg
1313592937306107907,RepLaHood,Republican,http://pbs.twimg.com/media/EjrRzbVXcAUpZXR.jpg,1313592937306107907_e40b21d058f7.jpg,tweet_images/1313592937306107907_e40b21d058f7.jpg
1313592937306107907,RepLaHood,Republican,http://pbs.twimg.com/media/EjrRzbUX0AMpwOB.jpg,1313592937306107907_9babd44edaa7.jpg,tweet_images/1313592937306107907_9babd44edaa7.jpg
1313592937306107907,RepLaHood,Republican,http://pbs.twimg.com/media/EjrRzbUX0AIip_5.jpg,1313592937306107907_007bb88030c6.jpg,tweet_images/1313592937306107907_007bb88030c6.jpg
1313592937306107907,RepLaHood,Republican,http://pbs.twimg.com/media/EjrRzdtXgAAtnu2.jpg,1313592937306107907_ccd82cadb487.jpg,tweet_images/1313592937306107907_ccd82cadb487.jpg
1222596900169363456,RepFrankLucas,Republican,http://pbs.twimg.com/media/EPeIMuVWAAIZfMA.jpg,1222596900169363456_5d07d65259fc.jpg,tweet_images/1222596900169363456_5d07d65259fc.jpg
1206772740994293760,SenBlumenthal,Democrat,http://pbs.twimg.com/media/EL8WKReXkAElueV.jpg,1206772740994293760_d9a64a3987b8.jpg,tweet_images/1206772740994293760_d9a64a3987b8.jpg
1391744712990773253,RepAndyBiggsAZ,Republican,http://pbs.twimg.com/media/E09SX9pWUAEkAFw.jpg,1391744712990773253_179ec8ba1973.jpg,tweet_images/1391744712990773253_179ec8ba1973.jpg
1296531196453642240,SenKevinCramer,Republican,http://pbs.twimg.com/media/Ef4DxmiXYAIx--j.jpg,1296531196453642240_c3389b67c5bf.jpg,tweet_images/1296531196453642240_c3389b67c5bf.jpg
1658624197877198858,RepBenCline,Republican,http://pbs.twimg.com/media/FwSd6izX0AAQByH.jpg,1658624197877198858_c92a4e3f6ad0.jpg,tweet_images/1658624197877198858_c92a4e3f6ad0.jpg
1658624197877198858,RepBenCline,Republican,http://pbs.twimg.com/media/FwSd6i2WYAECwbO.jpg,1658624197877198858_8dd72a5c5c59.jpg,tweet_images/1658624197877198858_8dd72a5c5c59.jpg
1658624197877198858,RepBenCline,Republican,http://pbs.twimg.com/media/FwSd6iyWcAArdk4.jpg,1658624197877198858_9cf76f2e68da.jpg,tweet_images/1658624197877198858_9cf76f2e68da.jpg
1658624197877198858,RepBenCline,Republican,http://pbs.twimg.com/media/FwSd6i0XsAAujjl.jpg,1658624197877198858_649404b3ce02.jpg,tweet_images/1658624197877198858_649404b3ce02.jpg
1308137844356132868,NydiaVelazquez,Democrat,http://pbs.twimg.com/media/EiYswnqWAAA4fqI.jpg,1308137844356132868_e2e8c54e925e.jpg,tweet_images/1308137844356132868_e2e8c54e925e.jpg
1421128612716191744,BettyMcCollum04,Democrat,http://pbs.twimg.com/media/E7jc6-oWEAIcQV8.jpg,1421128612716191744_55da3378eeed.jpg,tweet_images/1421128612716191744_55da3378eeed.jpg
1232421457625526272,WarrenDavidson,Republican,http://pbs.twimg.com/media/ERpwRRtWAAE5YSW.png,1232421457625526272_d4f9b6724db0.png,tweet_images/1232421457625526272_d4f9b6724db0.png
1252313302484606979,RepSchneider,Democrat,http://pbs.twimg.com/media/EV5ZVVUWAAQ_m98.jpg,1252313302484606979_f59f0995c534.jpg,tweet_images/1252313302484606979_f59f0995c534.jpg
1481683962963668992,RepMcCaul,Republican,http://pbs.twimg.com/media/FI_XAqdUUAY2xQO.jpg,1481683962963668992_26c1d755917d.jpg,tweet_images/1481683962963668992_26c1d755917d.jpg
1481683962963668992,RepMcCaul,Republican,http://pbs.twimg.com/media/FI_XKhqVQAILEyI.jpg,1481683962963668992_4f314b1917cc.jpg,tweet_images/1481683962963668992_4f314b1917cc.jpg
1481683962963668992,RepMcCaul,Republican,http://pbs.twimg.com/media/FI_XLgCVgA4Mqk9.jpg,1481683962963668992_aada0fd0f96d.jpg,tweet_images/1481683962963668992_aada0fd0f96d.jpg
1481683962963668992,RepMcCaul,Republican,http://pbs.twimg.com/media/FI_XMCaUUAI6Mbs.jpg,1481683962963668992_c672c5c586e0.jpg,tweet_images/1481683962963668992_c672c5c586e0.jpg
1411724932392882184,RepDebDingell,Democrat,http://pbs.twimg.com/media/E5d0V6LWEAUFSHJ.jpg,1411724932392882184_bfe3397bbce6.jpg,tweet_images/1411724932392882184_bfe3397bbce6.jpg
909876546906845184,SenSchumer,Democrat,http://pbs.twimg.com/media/DKCHsJAW0AEqNQG.jpg,909876546906845184_b94b9fb2a63a.jpg,tweet_images/909876546906845184_b94b9fb2a63a.jpg
1114221975466053632,RepCarolMiller,Republican,http://pbs.twimg.com/media/D3aC-yJW0AAl51a.jpg,1114221975466053632_f5d964f22da9.jpg,tweet_images/1114221975466053632_f5d964f22da9.jpg
1319685264940224512,RepBeatty,Democrat,http://pbs.twimg.com/media/ElBkclTW0AAwgFk.jpg,1319685264940224512_c5b95331e239.jpg,tweet_images/1319685264940224512_c5b95331e239.jpg
906233427422314497,RepRoKhanna,Democrat,http://pbs.twimg.com/media/DJNDpxEXUAAqxEM.jpg,906233427422314497_2dd7e8a65305.jpg,tweet_images/906233427422314497_2dd7e8a65305.jpg
1469736959790702592,RepChrisPappas,Democrat,http://pbs.twimg.com/media/FGWN-J4XsAsCqOg.jpg,1469736959790702592_26e1671b70d9.jpg,tweet_images/1469736959790702592_26e1671b70d9.jpg
1469736959790702592,RepChrisPappas,Democrat,http://pbs.twimg.com/media/FGWN-J9WUAQUEU2.jpg,1469736959790702592_e28b37afa80c.jpg,tweet_images/1469736959790702592_e28b37afa80c.jpg
1469736959790702592,RepChrisPappas,Democrat,http://pbs.twimg.com/media/FGWN-J8XIAg__W2.jpg,1469736959790702592_dbffb7fa095c.jpg,tweet_images/1469736959790702592_dbffb7fa095c.jpg
1469736959790702592,RepChrisPappas,Democrat,http://pbs.twimg.com/media/FGWN-J-XsAcLmKJ.jpg,1469736959790702592_fffcb3739fe3.jpg,tweet_images/1469736959790702592_fffcb3739fe3.jpg
1542598690241650688,RepDwightEvans,Democrat,http://pbs.twimg.com/media/FWXq51TWQAE0Fl7.jpg,1542598690241650688_cd9800c07fb4.jpg,tweet_images/1542598690241650688_cd9800c07fb4.jpg
1503127546174611463,RepJohnLarson,Democrat,http://pbs.twimg.com/media/FNwKYv_WUAYjqiA.jpg,1503127546174611463_e386e0ef793a.jpg,tweet_images/1503127546174611463_e386e0ef793a.jpg
1663930917117648896,RepWesterman,Republican,http://pbs.twimg.com/media/Fxd3hYiXgAMBPWg.jpg,1663930917117648896_05245c7faa1b.jpg,tweet_images/1663930917117648896_05245c7faa1b.jpg
1516489099791716353,RepAndyBarr,Republican,http://pbs.twimg.com/media/FQumzHxXsAcFzlL.jpg,1516489099791716353_9f20a82807ce.jpg,tweet_images/1516489099791716353_9f20a82807ce.jpg
1516489099791716353,RepAndyBarr,Republican,http://pbs.twimg.com/media/FQumzHvXsAAh87E.jpg,1516489099791716353_d22457ca9f47.jpg,tweet_images/1516489099791716353_d22457ca9f47.jpg
1516489099791716353,RepAndyBarr,Republican,http://pbs.twimg.com/media/FQumzHuXwAgJHuc.jpg,1516489099791716353_0334b4114dac.jpg,tweet_images/1516489099791716353_0334b4114dac.jpg
1193924042643922947,RepWebster,Republican,http://pbs.twimg.com/media/EJGrlH9WsAMMd4y.jpg,1193924042643922947_b83192bc32ba.jpg,tweet_images/1193924042643922947_b83192bc32ba.jpg
1193924042643922947,RepWebster,Republican,http://pbs.twimg.com/media/EJGrlIHWwAAHbi_.jpg,1193924042643922947_a72a25f46382.jpg,tweet_images/1193924042643922947_a72a25f46382.jpg
1303733479197245440,BennieGThompson,Democrat,http://pbs.twimg.com/media/EhfKsFAWsAQNITA.jpg,1303733479197245440_9cacfed3672e.jpg,tweet_images/1303733479197245440_9cacfed3672e.jpg
1514648826472288268,RepNancyMace,Republican,http://pbs.twimg.com/media/FQUdFDAWQAQHYmo.jpg,1514648826472288268_d81e4f252e1e.jpg,tweet_images/1514648826472288268_d81e4f252e1e.jpg
1362853927989952525,RepTeresaLF,Democrat,http://pbs.twimg.com/media/EunN0tQXUAU2P2U.jpg,1362853927989952525_d284481ff013.jpg,tweet_images/1362853927989952525_d284481ff013.jpg
1643799764360892417,RepFeenstra,Republican,http://pbs.twimg.com/media/Fs-pmSxWIAIntih.jpg,1643799764360892417_a767a3d31b59.jpg,tweet_images/1643799764360892417_a767a3d31b59.jpg
1641518515344515075,RepAdams,Democrat,http://pbs.twimg.com/media/FsfYSi-WIAEjtVW.jpg,1641518515344515075_f8f5e0242978.jpg,tweet_images/1641518515344515075_f8f5e0242978.jpg
1653892188613537792,SenatorWarnock,Democrat,http://pbs.twimg.com/media/FvO-X1sXwA4j7-d.jpg,1653892188613537792_e921ded00693.jpg,tweet_images/1653892188613537792_e921ded00693.jpg
1175132717685628934,SenWhitehouse,Democrat,http://pbs.twimg.com/media/EE7o-cmWkAYliFS.jpg,1175132717685628934_10573b7c3eaf.jpg,tweet_images/1175132717685628934_10573b7c3eaf.jpg
1030250622912749569,RepRalphNorman,Republican,http://pbs.twimg.com/media/DkwvdT6VAAAupez.jpg,1030250622912749569_08438d639402.jpg,tweet_images/1030250622912749569_08438d639402.jpg
1030250622912749569,RepRalphNorman,Republican,http://pbs.twimg.com/media/DkwvdSuU4AAJteA.jpg,1030250622912749569_e9ada4d41f20.jpg,tweet_images/1030250622912749569_e9ada4d41f20.jpg
1030250622912749569,RepRalphNorman,Republican,http://pbs.twimg.com/media/DkwvdSuV4AEiVyg.jpg,1030250622912749569_6555958554b3.jpg,tweet_images/1030250622912749569_6555958554b3.jpg
1030250622912749569,RepRalphNorman,Republican,http://pbs.twimg.com/media/DkwvdT6VsAEh2w9.jpg,1030250622912749569_fb29b920421d.jpg,tweet_images/1030250622912749569_fb29b920421d.jpg
971823154883649536,RepDianaDeGette,Democrat,http://pbs.twimg.com/media/DXyb0w6W4AEOw6K.jpg,971823154883649536_a278511ff067.jpg,tweet_images/971823154883649536_a278511ff067.jpg
1227730253616943109,RepJahanaHayes,Democrat,http://pbs.twimg.com/media/EQnGKEhWsAIIehU.jpg,1227730253616943109_30a331c99080.jpg,tweet_images/1227730253616943109_30a331c99080.jpg
1506367124847181827,repmarkpocan,Democrat,http://pbs.twimg.com/media/FOevbE4XsAYYv1Z.jpg,1506367124847181827_a1dd847e052f.jpg,tweet_images/1506367124847181827_a1dd847e052f.jpg
1337518931775545344,RepDwightEvans,Democrat,http://pbs.twimg.com/media/Eol5g8nW8AEvkI5.jpg,1337518931775545344_53341dc960c9.jpg,tweet_images/1337518931775545344_53341dc960c9.jpg
1202242929840001024,SenToddYoung,Republican,http://pbs.twimg.com/media/EK85kiWW4AAHLe9.jpg,1202242929840001024_bcb716280dba.jpg,tweet_images/1202242929840001024_bcb716280dba.jpg
1627814632411869185,RepDarrenSoto,Democrat,http://pbs.twimg.com/media/FpcopuiXgAUSuw8.jpg,1627814632411869185_0c6eb555d00a.jpg,tweet_images/1627814632411869185_0c6eb555d00a.jpg
1012420601707941888,RepRoKhanna,Democrat,http://pbs.twimg.com/media/DgzXAXPXUAEGfzf.jpg,1012420601707941888_3c81c95e33c0.jpg,tweet_images/1012420601707941888_3c81c95e33c0.jpg
1012420601707941888,RepRoKhanna,Democrat,http://pbs.twimg.com/media/DgzXAXwW0AANVWX.jpg,1012420601707941888_8fdf537b3177.jpg,tweet_images/1012420601707941888_8fdf537b3177.jpg
1012420601707941888,RepRoKhanna,Democrat,http://pbs.twimg.com/media/DgzXEWmW0AIMXn4.jpg,1012420601707941888_d145d94182b1.jpg,tweet_images/1012420601707941888_d145d94182b1.jpg
1012420601707941888,RepRoKhanna,Democrat,http://pbs.twimg.com/media/DgzXFKsXcAAnrCH.jpg,1012420601707941888_72f660dcd5c9.jpg,tweet_images/1012420601707941888_72f660dcd5c9.jpg
1158811448568664065,SenJoniErnst,Republican,http://pbs.twimg.com/media/EBTsvIVWsAA6cLB.jpg,1158811448568664065_4f8ff85d394b.jpg,tweet_images/1158811448568664065_4f8ff85d394b.jpg
1278037575563763712,NormaJTorres,Democrat,http://pbs.twimg.com/media/EbyAPfgU4AIc-Rz.jpg,1278037575563763712_116cfa436029.jpg,tweet_images/1278037575563763712_116cfa436029.jpg
910918180390019073,MarioDB,Republican,http://pbs.twimg.com/media/DJ8kG2vXcAA7uCc.jpg,910918180390019073_7e21fec99e2c.jpg,tweet_images/910918180390019073_7e21fec99e2c.jpg
1009151808919494656,RepDannyDavis,Democrat,http://pbs.twimg.com/media/DgE1ghnW0AcQTXN.jpg,1009151808919494656_283e2e4cff0a.jpg,tweet_images/1009151808919494656_283e2e4cff0a.jpg
1217513231255769090,SpeakerPelosi,Democrat,http://pbs.twimg.com/media/EOV503nWkAMHKSw.jpg,1217513231255769090_ec86a0b9e7fa.jpg,tweet_images/1217513231255769090_ec86a0b9e7fa.jpg
1328485481793937408,RepRubenGallego,Democrat,http://pbs.twimg.com/media/Em9X6hWXcAEpoFf.jpg,1328485481793937408_7ee1e6dbdc79.jpg,tweet_images/1328485481793937408_7ee1e6dbdc79.jpg
1187038933701541888,JohnBoozman,Republican,http://pbs.twimg.com/media/EHkJJU8WoCANIgI.jpg,1187038933701541888_16774d835952.jpg,tweet_images/1187038933701541888_16774d835952.jpg
905116780812804096,CongressmanRaja,Democrat,http://pbs.twimg.com/media/DI-eToWXcAAMApq.jpg,905116780812804096_4bd0fd607a72.jpg,tweet_images/905116780812804096_4bd0fd607a72.jpg
1296834502086598656,RepSwalwell,Democrat,http://pbs.twimg.com/media/Ef0uyIFWAAAipue.jpg,1296834502086598656_c67ec357daf7.jpg,tweet_images/1296834502086598656_c67ec357daf7.jpg
1652042543746412544,RepDwightEvans,Democrat,http://pbs.twimg.com/media/Fu0778WWIAUH_EV.jpg,1652042543746412544_0ae9defd70b3.jpg,tweet_images/1652042543746412544_0ae9defd70b3.jpg
1352068791971307520,RepLloydDoggett,Democrat,http://pbs.twimg.com/media/EsODZmqXcAEJaPb.jpg,1352068791971307520_d04fbafc2124.jpg,tweet_images/1352068791971307520_d04fbafc2124.jpg
951862906102124545,RepEspaillat,Democrat,http://pbs.twimg.com/media/DTWq_2RX0AEbFT1.jpg,951862906102124545_f4a0324ca586.jpg,tweet_images/951862906102124545_f4a0324ca586.jpg
978736660337840128,RepHankJohnson,Democrat,http://pbs.twimg.com/media/DZUiNw8V4AAvFpR.jpg,978736660337840128_98b2bf95c781.jpg,tweet_images/978736660337840128_98b2bf95c781.jpg
1554239396500541441,Rep_Stansbury,Democrat,http://pbs.twimg.com/media/FZHEZyvVsAAl0Nr.jpg,1554239396500541441_64e121fa39c3.jpg,tweet_images/1554239396500541441_64e121fa39c3.jpg
1290286810652905472,SenatorCollins,Republican,http://pbs.twimg.com/media/Eef-LoZWAAAgIFa.jpg,1290286810652905472_51b764e99c6f.jpg,tweet_images/1290286810652905472_51b764e99c6f.jpg
1290286810652905472,SenatorCollins,Republican,http://pbs.twimg.com/media/Eef-MCKX0AIHIDG.jpg,1290286810652905472_e4c0743f7ae1.jpg,tweet_images/1290286810652905472_e4c0743f7ae1.jpg
1249071271415029763,RepRobinKelly,Democrat,http://pbs.twimg.com/media/EVWXshcWsAYvClW.jpg,1249071271415029763_48110626c92c.jpg,tweet_images/1249071271415029763_48110626c92c.jpg
1431301537704431616,RepGraceMeng,Democrat,http://pbs.twimg.com/media/E90BEpJXIAg9gUS.jpg,1431301537704431616_5c0e81beba4f.jpg,tweet_images/1431301537704431616_5c0e81beba4f.jpg
1291743896624599042,SenBillCassidy,Republican,http://pbs.twimg.com/media/Ee0XVLUXgAADvaO.jpg,1291743896624599042_c610265f8aad.jpg,tweet_images/1291743896624599042_c610265f8aad.jpg
903307901908987904,RepWalberg,Republican,http://pbs.twimg.com/media/DIkxeS2XUAAr1G1.jpg,903307901908987904_4815050ef178.jpg,tweet_images/903307901908987904_4815050ef178.jpg
1372997338118115331,RepBrianBabin,Republican,http://pbs.twimg.com/media/Ew3X8ECWQAUt5jq.jpg,1372997338118115331_d8d1ea35ace8.jpg,tweet_images/1372997338118115331_d8d1ea35ace8.jpg
1403078640938766343,RepDwightEvans,Democrat,http://pbs.twimg.com/media/E3imhl6WEAMloHv.jpg,1403078640938766343_e5c791341b9d.jpg,tweet_images/1403078640938766343_e5c791341b9d.jpg
1275581364054745093,RepTrentKelly,Republican,http://pbs.twimg.com/media/EbPE_e-XQAIhY3G.jpg,1275581364054745093_7c8dfceecf56.jpg,tweet_images/1275581364054745093_7c8dfceecf56.jpg
1613941233075748864,RepWesterman,Republican,http://pbs.twimg.com/media/FmXW09fX0AI5IXP.png,1613941233075748864_26fac0d704b3.png,tweet_images/1613941233075748864_26fac0d704b3.png
1577352871074566151,repcleaver,Democrat,http://pbs.twimg.com/media/FePiEIdXgAMzlgq.jpg,1577352871074566151_c73837803e40.jpg,tweet_images/1577352871074566151_c73837803e40.jpg
1432795862283993093,RepBarryMoore,Republican,http://pbs.twimg.com/media/E-JOyYIXMAEeSle.jpg,1432795862283993093_5d35d97ddaac.jpg,tweet_images/1432795862283993093_5d35d97ddaac.jpg
1524487381717557248,RepDonBacon,Republican,http://pbs.twimg.com/media/FSgGz2mXMAIoVwV.jpg,1524487381717557248_0f7d66053e69.jpg,tweet_images/1524487381717557248_0f7d66053e69.jpg
1524487381717557248,RepDonBacon,Republican,http://pbs.twimg.com/media/FSgGz3RX0AAFeGo.jpg,1524487381717557248_576f9f387c7b.jpg,tweet_images/1524487381717557248_576f9f387c7b.jpg
1110898584516476929,RepWilson,Democrat,http://pbs.twimg.com/media/DoDc6F8XoAYRNML.jpg,1110898584516476929_4e3273c610a0.jpg,tweet_images/1110898584516476929_4e3273c610a0.jpg
1641438177251688450,JohnCornyn,Republican,http://pbs.twimg.com/media/FseI3LJWIAEQqMY.jpg,1641438177251688450_da2ec26f0809.jpg,tweet_images/1641438177251688450_da2ec26f0809.jpg
1273696039594274818,RepRichHudson,Republican,http://pbs.twimg.com/media/Ea0QjcqXkAA_E9C.jpg,1273696039594274818_bbf1d2b4a3d4.jpg,tweet_images/1273696039594274818_bbf1d2b4a3d4.jpg
1290062116347686916,RepJimmyGomez,Democrat,http://pbs.twimg.com/media/Eec4pNVWsAAn6wX.jpg,1290062116347686916_3a1675c5138c.jpg,tweet_images/1290062116347686916_3a1675c5138c.jpg
1290062116347686916,RepJimmyGomez,Democrat,http://pbs.twimg.com/media/Eec4pNVX0AQ-SIm.jpg,1290062116347686916_eaf87655c6ff.jpg,tweet_images/1290062116347686916_eaf87655c6ff.jpg
1290062116347686916,RepJimmyGomez,Democrat,http://pbs.twimg.com/media/Eec4pNUXgAAq5H_.jpg,1290062116347686916_1a765f470f85.jpg,tweet_images/1290062116347686916_1a765f470f85.jpg
1251228117496102914,SenatorShaheen,Democrat,http://pbs.twimg.com/media/EV1BR-sWAAE2uHz.jpg,1251228117496102914_9850da6fc714.jpg,tweet_images/1251228117496102914_9850da6fc714.jpg
1251228117496102914,SenatorShaheen,Democrat,http://pbs.twimg.com/media/EV1BTjAXYAQ5hu0.jpg,1251228117496102914_e6002787d738.jpg,tweet_images/1251228117496102914_e6002787d738.jpg
1663156060847321090,RepAndyHarrisMD,Republican,http://pbs.twimg.com/media/FxS3n2zWwAE3xFh.jpg,1663156060847321090_9e2d0bdcc25c.jpg,tweet_images/1663156060847321090_9e2d0bdcc25c.jpg
1595898333809319936,RepMikeCarey,Republican,http://pbs.twimg.com/media/FiXFE0fXkA8jMSI.jpg,1595898333809319936_90c44883a502.jpg,tweet_images/1595898333809319936_90c44883a502.jpg
1243638514660638721,RepTrentKelly,Republican,http://pbs.twimg.com/media/EUIuKBnWoAAppMe.jpg,1243638514660638721_c37c6ddcd38e.jpg,tweet_images/1243638514660638721_c37c6ddcd38e.jpg
880103731265765377,RepTedLieu,Democrat,http://pbs.twimg.com/media/DDa-PXKXcAA8Rof.jpg,880103731265765377_87bd95b07d50.jpg,tweet_images/880103731265765377_87bd95b07d50.jpg
1171468885209468934,ChrisCoons,Democrat,http://pbs.twimg.com/media/EEHkeJAUYAEJ9ZR.jpg,1171468885209468934_48bb6f5c1a36.jpg,tweet_images/1171468885209468934_48bb6f5c1a36.jpg
1121428760509788160,RepLoriTrahan,Democrat,http://pbs.twimg.com/media/D5Adg1hW0AAoTvW.jpg,1121428760509788160_2c5d8fca077c.jpg,tweet_images/1121428760509788160_2c5d8fca077c.jpg
1545157862657335299,boblatta,Republican,http://pbs.twimg.com/media/FXGAehvXoAMvH8i.jpg,1545157862657335299_4790907d21e7.jpg,tweet_images/1545157862657335299_4790907d21e7.jpg
1545157862657335299,boblatta,Republican,http://pbs.twimg.com/media/FXGAehuX0AAJDuC.jpg,1545157862657335299_80430bd3fbc4.jpg,tweet_images/1545157862657335299_80430bd3fbc4.jpg
1058096636000432128,SenJeffMerkley,Democrat,http://pbs.twimg.com/media/Dq8dI--V4AAAZhp.jpg,1058096636000432128_b5b526acc705.jpg,tweet_images/1058096636000432128_b5b526acc705.jpg
1210013095583715328,USRepKCastor,Democrat,http://pbs.twimg.com/media/EMrUfiqWwAAp7yF.jpg,1210013095583715328_49d42850f691.jpg,tweet_images/1210013095583715328_49d42850f691.jpg
935301836923396096,SenSanders,Independent,http://pbs.twimg.com/media/DPrb-nsW0AEoHvy.jpg,935301836923396096_aafdb350e873.jpg,tweet_images/935301836923396096_aafdb350e873.jpg
935301836923396096,SenSanders,Independent,http://pbs.twimg.com/media/DPrb_QpWAAEj52a.jpg,935301836923396096_ea007dbfbf6b.jpg,tweet_images/935301836923396096_ea007dbfbf6b.jpg
1615445397211602957,SenatorBaldwin,Democrat,http://pbs.twimg.com/media/Fms3Br7WYAAxjOQ.jpg,1615445397211602957_6177c5f466c9.jpg,tweet_images/1615445397211602957_6177c5f466c9.jpg
1480608886449131523,MikeCrapo,Republican,http://pbs.twimg.com/media/FIwiAxZX0AALC_B.jpg,1480608886449131523_06b68b37bc02.jpg,tweet_images/1480608886449131523_06b68b37bc02.jpg
1360059604068159503,RepDeSaulnier,Democrat,http://pbs.twimg.com/media/Et9ymrdUcAAgdR7.jpg,1360059604068159503_153590d4f790.jpg,tweet_images/1360059604068159503_153590d4f790.jpg
1471847392890785797,SenTedCruz,Republican,http://pbs.twimg.com/media/FG0NSWNXwAQslxo.jpg,1471847392890785797_a14eaceedc16.jpg,tweet_images/1471847392890785797_a14eaceedc16.jpg
1034498992158265345,SenToddYoung,Republican,http://pbs.twimg.com/media/DltGBjfX0AEhh-3.jpg,1034498992158265345_69105cf3e68d.jpg,tweet_images/1034498992158265345_69105cf3e68d.jpg
1034498992158265345,SenToddYoung,Republican,http://pbs.twimg.com/media/DltGCcgW0AE8QyP.jpg,1034498992158265345_034c8d5ee60a.jpg,tweet_images/1034498992158265345_034c8d5ee60a.jpg
907363381417570304,SenWhitehouse,Democrat,http://pbs.twimg.com/media/DJeaBxcWAAEMjXK.jpg,907363381417570304_bfc36b93425d.jpg,tweet_images/907363381417570304_bfc36b93425d.jpg
1519717221483917314,RepMikeJohnson,Republican,http://pbs.twimg.com/media/FRcecQCWQAE804K.jpg,1519717221483917314_300a2dddb698.jpg,tweet_images/1519717221483917314_300a2dddb698.jpg
1438923186670870535,RepDonBeyer,Democrat,http://pbs.twimg.com/media/E_f8g5vXoAsoIJI.jpg,1438923186670870535_1c20f813e5fd.jpg,tweet_images/1438923186670870535_1c20f813e5fd.jpg
1436057295897579526,RepEdCase,Democrat,http://pbs.twimg.com/media/E-3mfX6VUA8SMbK.jpg,1436057295897579526_0d41982947ac.jpg,tweet_images/1436057295897579526_0d41982947ac.jpg
1425565916344037380,RepEspaillat,Democrat,http://pbs.twimg.com/media/E8igkJGXMAcAqJ3.jpg,1425565916344037380_d8bc81e88607.jpg,tweet_images/1425565916344037380_d8bc81e88607.jpg
1233068224150941697,SenCapito,Republican,http://pbs.twimg.com/media/ERy89G7WkAE_DGg.jpg,1233068224150941697_0804fc02d9d6.jpg,tweet_images/1233068224150941697_0804fc02d9d6.jpg
1060150537566515200,RepJerryNadler,Democrat,http://pbs.twimg.com/media/DrX6aIXWwAE5zVA.jpg,1060150537566515200_db6318832b31.jpg,tweet_images/1060150537566515200_db6318832b31.jpg
1007410669963137031,SenCapito,Republican,http://pbs.twimg.com/media/DfsKqWqWsAI4B9w.jpg,1007410669963137031_48cd67c27b33.jpg,tweet_images/1007410669963137031_48cd67c27b33.jpg
1376222956335022084,RepWesterman,Republican,http://pbs.twimg.com/media/ExlTZeIWUAIO7NN.jpg,1376222956335022084_82d148ab8161.jpg,tweet_images/1376222956335022084_82d148ab8161.jpg
1156565090113675265,RepBost,Republican,http://pbs.twimg.com/media/EAzx0QQW4AM-54S.jpg,1156565090113675265_953cfd6c86f4.jpg,tweet_images/1156565090113675265_953cfd6c86f4.jpg
1233443804012851202,RepKClark,Democrat,http://pbs.twimg.com/media/ER4QppyWoAIqN2K.jpg,1233443804012851202_5c688b55cd62.jpg,tweet_images/1233443804012851202_5c688b55cd62.jpg
1233443804012851202,RepKClark,Democrat,http://pbs.twimg.com/media/ER4RWPuXsAERNQg.jpg,1233443804012851202_f7c98e1c6a0f.jpg,tweet_images/1233443804012851202_f7c98e1c6a0f.jpg
1233443804012851202,RepKClark,Democrat,http://pbs.twimg.com/media/ER4SR-IWAAAWNKO.jpg,1233443804012851202_d8a92d867d99.jpg,tweet_images/1233443804012851202_d8a92d867d99.jpg
1462945591642763274,RepMeuser,Republican,http://pbs.twimg.com/media/FE1tQnNWUAYgDtx.jpg,1462945591642763274_0f386fa51a9c.jpg,tweet_images/1462945591642763274_0f386fa51a9c.jpg
1462945591642763274,RepMeuser,Republican,http://pbs.twimg.com/media/FE1tQnPXwAMK1sP.jpg,1462945591642763274_d29628e6957d.jpg,tweet_images/1462945591642763274_d29628e6957d.jpg
1462945591642763274,RepMeuser,Republican,http://pbs.twimg.com/media/FE1tQnyXIAAin3o.jpg,1462945591642763274_36db786e2035.jpg,tweet_images/1462945591642763274_36db786e2035.jpg
1462945591642763274,RepMeuser,Republican,http://pbs.twimg.com/media/FE1tQnxXsAEBsf_.jpg,1462945591642763274_b7c1a7b049f5.jpg,tweet_images/1462945591642763274_b7c1a7b049f5.jpg
1217478283647954946,SenCapito,Republican,http://pbs.twimg.com/media/EOVU6tVWsAAQAGp.jpg,1217478283647954946_b41b3e11a17a.jpg,tweet_images/1217478283647954946_b41b3e11a17a.jpg
1284487344842780673,RepMarcyKaptur,Democrat,http://pbs.twimg.com/media/EdLijvsWAAYvb4y.jpg,1284487344842780673_9f15d51f0115.jpg,tweet_images/1284487344842780673_9f15d51f0115.jpg
1574402818039025669,RepKimSchrier,Democrat,http://pbs.twimg.com/media/FdilG7_VUAUAONd.jpg,1574402818039025669_8fc3c0428574.jpg,tweet_images/1574402818039025669_8fc3c0428574.jpg
1445426018118942724,RepAndyBarr,Republican,http://pbs.twimg.com/media/FA5WzSKXMAMiMkz.jpg,1445426018118942724_d8faf29e3eaa.jpg,tweet_images/1445426018118942724_d8faf29e3eaa.jpg
1445426018118942724,RepAndyBarr,Republican,http://pbs.twimg.com/media/FA5W_OKXsAIEC_P.jpg,1445426018118942724_ab3b301ea5aa.jpg,tweet_images/1445426018118942724_ab3b301ea5aa.jpg
1445426018118942724,RepAndyBarr,Republican,http://pbs.twimg.com/media/FA5XBj8XoAIaggo.jpg,1445426018118942724_d0b433b3de74.jpg,tweet_images/1445426018118942724_d0b433b3de74.jpg
1445426018118942724,RepAndyBarr,Republican,http://pbs.twimg.com/media/FA5XDcIWQAEGUFj.jpg,1445426018118942724_f69db831ea78.jpg,tweet_images/1445426018118942724_f69db831ea78.jpg
961609345208332289,chelliepingree,Democrat,http://pbs.twimg.com/media/DVhPTtOW4AAh1ru.jpg,961609345208332289_3aeae4ecd00c.jpg,tweet_images/961609345208332289_3aeae4ecd00c.jpg
1186096085019824129,BobbyScott,Democrat,http://pbs.twimg.com/media/EHXcFZAX4AAif0E.jpg,1186096085019824129_26572045743a.jpg,tweet_images/1186096085019824129_26572045743a.jpg
1208059027189620736,RepJimmyPanetta,Democrat,http://pbs.twimg.com/media/EMPiRFzWwAI78mW.jpg,1208059027189620736_39519485affc.jpg,tweet_images/1208059027189620736_39519485affc.jpg
1254865928514187271,RepCarbajal,Democrat,http://pbs.twimg.com/media/EWn7HKHWAAEMxRN.jpg,1254865928514187271_303c61d74878.jpg,tweet_images/1254865928514187271_303c61d74878.jpg
1254865928514187271,RepCarbajal,Democrat,http://pbs.twimg.com/media/EWn7HKHWAAIXzKE.jpg,1254865928514187271_2e020be48044.jpg,tweet_images/1254865928514187271_2e020be48044.jpg
1254865928514187271,RepCarbajal,Democrat,http://pbs.twimg.com/media/EWn7HKIWkAAcJCd.jpg,1254865928514187271_1d09f8e54d7a.jpg,tweet_images/1254865928514187271_1d09f8e54d7a.jpg
1254865928514187271,RepCarbajal,Democrat,http://pbs.twimg.com/media/EWn7HKcX0AMOtYw.jpg,1254865928514187271_0b5900f869a7.jpg,tweet_images/1254865928514187271_0b5900f869a7.jpg
1133464865694265344,BennieGThompson,Democrat,http://pbs.twimg.com/media/D7rgSSLW0AA2AbY.jpg,1133464865694265344_7650b64fd83e.jpg,tweet_images/1133464865694265344_7650b64fd83e.jpg
1115955872382050305,RepDonBeyer,Democrat,http://pbs.twimg.com/media/D3uWvIjWsAMp6hZ.jpg,1115955872382050305_96f668def811.jpg,tweet_images/1115955872382050305_96f668def811.jpg
1115955872382050305,RepDonBeyer,Democrat,http://pbs.twimg.com/media/D3uWwLiW0AEgbLV.jpg,1115955872382050305_25cdf6af4a46.jpg,tweet_images/1115955872382050305_25cdf6af4a46.jpg
1115955872382050305,RepDonBeyer,Democrat,http://pbs.twimg.com/media/D3uWxfrWAAA55yB.jpg,1115955872382050305_aeafa092ef59.jpg,tweet_images/1115955872382050305_aeafa092ef59.jpg
958066915091591168,RepDonBeyer,Democrat,http://pbs.twimg.com/media/DUqaxXzWkAALnTi.jpg,958066915091591168_86b7f9724fb0.jpg,tweet_images/958066915091591168_86b7f9724fb0.jpg
908021740273532928,MarioDB,Republican,http://pbs.twimg.com/media/DJnwHlRXcAACBSO.jpg,908021740273532928_aa16bdf8f869.jpg,tweet_images/908021740273532928_aa16bdf8f869.jpg
908021740273532928,MarioDB,Republican,http://pbs.twimg.com/media/DJnwHlVWAAMbWcg.jpg,908021740273532928_6c01f5810191.jpg,tweet_images/908021740273532928_6c01f5810191.jpg
1014967511006220293,SteveDaines,Republican,http://pbs.twimg.com/media/DhXexOfUEAAP7ws.jpg,1014967511006220293_e9aa9d6039bf.jpg,tweet_images/1014967511006220293_e9aa9d6039bf.jpg
1651562466445344768,SenTedCruz,Republican,http://pbs.twimg.com/media/FuuHH99XgAMRyca.jpg,1651562466445344768_9ed5fb17295a.jpg,tweet_images/1651562466445344768_9ed5fb17295a.jpg
1335280246753357824,repdinatitus,Democrat,http://pbs.twimg.com/media/EofeRBqU8AAxdzh.jpg,1335280246753357824_3c880845aab8.jpg,tweet_images/1335280246753357824_3c880845aab8.jpg
1287816898097360898,SenatorBennet,Democrat,http://pbs.twimg.com/media/Edn6jT9XgAAkGaA.jpg,1287816898097360898_bbb1616f2014.jpg,tweet_images/1287816898097360898_bbb1616f2014.jpg
945710962153156609,RepJimCosta,Democrat,http://pbs.twimg.com/media/DR3rhKBUEAAQSLm.jpg,945710962153156609_2a15ddd95b4c.jpg,tweet_images/945710962153156609_2a15ddd95b4c.jpg
1252254750810222597,BennieGThompson,Democrat,http://pbs.twimg.com/media/EWDld__WoAwqtWF.jpg,1252254750810222597_0261ae277074.jpg,tweet_images/1252254750810222597_0261ae277074.jpg
1568286865207488513,RepVeasey,Democrat,http://pbs.twimg.com/media/FcOslh5X0AA9P8u.jpg,1568286865207488513_79a0d11020eb.jpg,tweet_images/1568286865207488513_79a0d11020eb.jpg
1568286865207488513,RepVeasey,Democrat,http://pbs.twimg.com/media/FcOslh5XwAEmT0M.jpg,1568286865207488513_476341319d85.jpg,tweet_images/1568286865207488513_476341319d85.jpg
1568286865207488513,RepVeasey,Democrat,http://pbs.twimg.com/media/FcOslh3XEAkygcb.jpg,1568286865207488513_a3e41c410f4e.jpg,tweet_images/1568286865207488513_a3e41c410f4e.jpg
1530229846395199489,SenatorHagerty,Republican,http://pbs.twimg.com/media/FTpQC1YWQAEEaXB.png,1530229846395199489_6374c21dc00b.png,tweet_images/1530229846395199489_6374c21dc00b.png
1249330579641860096,RepEspaillat,Democrat,http://pbs.twimg.com/media/EVaDiTiWoAArLDA.jpg,1249330579641860096_21f8ee89308b.jpg,tweet_images/1249330579641860096_21f8ee89308b.jpg
1563938195586392064,RepDwightEvans,Democrat,http://pbs.twimg.com/media/FbQVd86XoAEn8rB.jpg,1563938195586392064_742d4dd04bd7.jpg,tweet_images/1563938195586392064_742d4dd04bd7.jpg
1326157688368226306,RepRichardNeal,Democrat,http://pbs.twimg.com/media/EmEv-kmWoAIrvFA.jpg,1326157688368226306_96d53618766a.jpg,tweet_images/1326157688368226306_96d53618766a.jpg
1382703309472038919,RepLaHood,Republican,http://pbs.twimg.com/media/EzBWD5RXEAQIyuI.jpg,1382703309472038919_12cd3faa4427.jpg,tweet_images/1382703309472038919_12cd3faa4427.jpg
1136377151110885376,RepMikeQuigley,Democrat,http://pbs.twimg.com/media/D8ToVtjUEAEk-hW.png,1136377151110885376_d6efefc82cf7.png,tweet_images/1136377151110885376_d6efefc82cf7.png
1083498767792381953,NydiaVelazquez,Democrat,http://pbs.twimg.com/media/DwlcSj1X0AEmaH4.jpg,1083498767792381953_278310df718f.jpg,tweet_images/1083498767792381953_278310df718f.jpg
1166092307365543937,NydiaVelazquez,Democrat,http://pbs.twimg.com/media/EC7KxbCWsAIdhcf.jpg,1166092307365543937_232edc3e3361.jpg,tweet_images/1166092307365543937_232edc3e3361.jpg
1172573884442435585,SenatorBaldwin,Democrat,http://pbs.twimg.com/media/EEXRua8WwAYxwAQ.jpg,1172573884442435585_f7f790f8667c.jpg,tweet_images/1172573884442435585_f7f790f8667c.jpg
1172573884442435585,SenatorBaldwin,Democrat,http://pbs.twimg.com/media/EEXRubCWsAAS6Pq.jpg,1172573884442435585_ac90b224ca2e.jpg,tweet_images/1172573884442435585_ac90b224ca2e.jpg
1172573884442435585,SenatorBaldwin,Democrat,http://pbs.twimg.com/media/EEXRua8WkAEGJm3.jpg,1172573884442435585_8b9dfb8ab8db.jpg,tweet_images/1172573884442435585_8b9dfb8ab8db.jpg
1172573884442435585,SenatorBaldwin,Democrat,http://pbs.twimg.com/media/EEXRua9XsAAKRF4.jpg,1172573884442435585_8fb219d9956f.jpg,tweet_images/1172573884442435585_8fb219d9956f.jpg
1582815809650720770,rep_stevewomack,Republican,http://pbs.twimg.com/media/FfdDJ-oXkAAa0cF.png,1582815809650720770_26e991f790bf.png,tweet_images/1582815809650720770_26e991f790bf.png
1582815809650720770,rep_stevewomack,Republican,http://pbs.twimg.com/media/FfdFIw2XEAsXO3h.jpg,1582815809650720770_c6291f880ea6.jpg,tweet_images/1582815809650720770_c6291f880ea6.jpg
1668700519274037249,RepBonamici,Democrat,http://pbs.twimg.com/media/Fyg8ExOaQAEDamO.jpg,1668700519274037249_cc378490a651.jpg,tweet_images/1668700519274037249_cc378490a651.jpg
1143559225806860288,RepBryanSteil,Republican,http://pbs.twimg.com/media/D969CkLXUAAVKsB.jpg,1143559225806860288_d651e34dc2f5.jpg,tweet_images/1143559225806860288_d651e34dc2f5.jpg
1143559225806860288,RepBryanSteil,Republican,http://pbs.twimg.com/media/D969CkNWkAAuZhP.jpg,1143559225806860288_dcb404651aab.jpg,tweet_images/1143559225806860288_dcb404651aab.jpg
1414940720646037508,RepWesterman,Republican,http://pbs.twimg.com/media/E6LfZ4OWYAUpiPt.png,1414940720646037508_f459439cccb4.png,tweet_images/1414940720646037508_f459439cccb4.png
1414940720646037508,RepWesterman,Republican,http://pbs.twimg.com/media/E6LfOrAXIAAKEVf.png,1414940720646037508_8dfce8f18476.png,tweet_images/1414940720646037508_8dfce8f18476.png
1187744882321973249,JerryMoran,Republican,http://pbs.twimg.com/media/EHu3quhXkAEXfVc.jpg,1187744882321973249_1d0dc02d4f82.jpg,tweet_images/1187744882321973249_1d0dc02d4f82.jpg
1003660711409709056,SenCortezMasto,Democrat,http://pbs.twimg.com/media/De23aQOX0AAiw9H.jpg,1003660711409709056_e91fa1a7f06b.jpg,tweet_images/1003660711409709056_e91fa1a7f06b.jpg
1003660711409709056,SenCortezMasto,Democrat,http://pbs.twimg.com/media/De23bRtW4AAkZJe.jpg,1003660711409709056_ec8cf0ae6dd0.jpg,tweet_images/1003660711409709056_ec8cf0ae6dd0.jpg
1095694725980532737,RepGrothman,Republican,http://pbs.twimg.com/media/DzOpiP9XcAECjgp.jpg,1095694725980532737_89fa672aec69.jpg,tweet_images/1095694725980532737_89fa672aec69.jpg
1502816888098799622,RepNikema,Democrat,http://pbs.twimg.com/media/FNsT_qpXwAED-LU.jpg,1502816888098799622_71d3f27f6793.jpg,tweet_images/1502816888098799622_71d3f27f6793.jpg
1531619502760263681,RepKatCammack,Republican,http://pbs.twimg.com/media/FUCK8_qWAAMRh8V.jpg,1531619502760263681_4a79d75703a1.jpg,tweet_images/1531619502760263681_4a79d75703a1.jpg
1118147090918645761,SenCapito,Republican,http://pbs.twimg.com/media/D4Rz3kfXsAABuro.jpg,1118147090918645761_0aad22960edd.jpg,tweet_images/1118147090918645761_0aad22960edd.jpg
1118147090918645761,SenCapito,Republican,http://pbs.twimg.com/media/D4R0G8QW0AEqDbA.png,1118147090918645761_1f21bf38cb1b.png,tweet_images/1118147090918645761_1f21bf38cb1b.png
1118147090918645761,SenCapito,Republican,http://pbs.twimg.com/media/D4R0P_iWwAA0y7U.jpg,1118147090918645761_6bf4a76b994b.jpg,tweet_images/1118147090918645761_6bf4a76b994b.jpg
1118147090918645761,SenCapito,Republican,http://pbs.twimg.com/media/D4R0zlLX4AEzkjm.png,1118147090918645761_e7c12f6c0585.png,tweet_images/1118147090918645761_e7c12f6c0585.png
918700281633767425,RepThompson,Democrat,http://pbs.twimg.com/media/DL_gmxTUIAA7R-T.jpg,918700281633767425_a4bcc8fd2a56.jpg,tweet_images/918700281633767425_a4bcc8fd2a56.jpg
1477369536160534529,RepTenney,Republican,http://pbs.twimg.com/media/FHyhVWbXMAcQsXw.jpg,1477369536160534529_58ac112f3fdd.jpg,tweet_images/1477369536160534529_58ac112f3fdd.jpg
1093572541204123653,JohnCornyn,Republican,http://pbs.twimg.com/media/Dy0mbWMWwAET-ju.jpg,1093572541204123653_1fd44208e0aa.jpg,tweet_images/1093572541204123653_1fd44208e0aa.jpg
1583590201217191938,RepSmucker,Republican,http://pbs.twimg.com/media/Ffnji40XoAAHIin.png,1583590201217191938_76a86657e8e7.png,tweet_images/1583590201217191938_76a86657e8e7.png
1321492656141201409,repdinatitus,Democrat,http://pbs.twimg.com/media/Elbij1cU0AANJ27.jpg,1321492656141201409_5495e4294b61.jpg,tweet_images/1321492656141201409_5495e4294b61.jpg
1321492656141201409,repdinatitus,Democrat,http://pbs.twimg.com/media/Elbij1bU4AEj7tg.jpg,1321492656141201409_01c6589088fa.jpg,tweet_images/1321492656141201409_01c6589088fa.jpg
1321492656141201409,repdinatitus,Democrat,http://pbs.twimg.com/media/Elbij1bU8AAPp6c.jpg,1321492656141201409_69c0f5bfdbb0.jpg,tweet_images/1321492656141201409_69c0f5bfdbb0.jpg
1083129490476285959,DonaldNorcross,Democrat,http://pbs.twimg.com/media/DwgMbocW0AAAIaY.jpg,1083129490476285959_55aaf5a3ed02.jpg,tweet_images/1083129490476285959_55aaf5a3ed02.jpg
1010281275284860928,SenToddYoung,Republican,http://pbs.twimg.com/media/DgUl4CYUcAAJF_V.jpg,1010281275284860928_5699d69a8147.jpg,tweet_images/1010281275284860928_5699d69a8147.jpg
1461070071065886725,SenatorRisch,Republican,http://pbs.twimg.com/media/FEbB03MXIAsWLfl.jpg,1461070071065886725_f06d8a9715a6.jpg,tweet_images/1461070071065886725_f06d8a9715a6.jpg
1124427425838821376,RepDeSaulnier,Democrat,http://pbs.twimg.com/media/D5rEnhyUUAAXzFv.jpg,1124427425838821376_21d9c98457fc.jpg,tweet_images/1124427425838821376_21d9c98457fc.jpg
1124427425838821376,RepDeSaulnier,Democrat,http://pbs.twimg.com/media/D5rEo6JV4AAmOPL.jpg,1124427425838821376_8dc2682a938a.jpg,tweet_images/1124427425838821376_8dc2682a938a.jpg
1124427425838821376,RepDeSaulnier,Democrat,http://pbs.twimg.com/media/D5rEqFqUUAAxTyy.jpg,1124427425838821376_caf158950e5c.jpg,tweet_images/1124427425838821376_caf158950e5c.jpg
1343622244359135236,RepJimBanks,Republican,http://pbs.twimg.com/media/EUjDDo8WoAAUm2X.png,1343622244359135236_ee4ec6403bd1.png,tweet_images/1343622244359135236_ee4ec6403bd1.png
1343622244359135236,RepJimBanks,Republican,http://pbs.twimg.com/media/EUjDDrIXQAInglL.png,1343622244359135236_7d4819d67015.png,tweet_images/1343622244359135236_7d4819d67015.png
1343622244359135236,RepJimBanks,Republican,http://pbs.twimg.com/media/EUjDDroXQAI5jr1.png,1343622244359135236_3d67dc4ae2c2.png,tweet_images/1343622244359135236_3d67dc4ae2c2.png
1461843909009678343,SenTedCruz,Republican,http://pbs.twimg.com/media/FElxl-wXMAQUMhF.jpg,1461843909009678343_05e59c46ffe7.jpg,tweet_images/1461843909009678343_05e59c46ffe7.jpg
1651327583860998145,RepDustyJohnson,Republican,http://pbs.twimg.com/media/FuqxrwRWwAEVaS_.jpg,1651327583860998145_c7ff5937d4fb.jpg,tweet_images/1651327583860998145_c7ff5937d4fb.jpg
1568251526115737602,RepMGS,Democrat,http://pbs.twimg.com/media/FcOMc6ZWAAIuoNW.jpg,1568251526115737602_c93cfa2b1ab9.jpg,tweet_images/1568251526115737602_c93cfa2b1ab9.jpg
1046951423773032448,repdinatitus,Democrat,http://pbs.twimg.com/media/DoeEwwLUwAI0DHb.jpg,1046951423773032448_7c214f8399d7.jpg,tweet_images/1046951423773032448_7c214f8399d7.jpg
1046951423773032448,repdinatitus,Democrat,http://pbs.twimg.com/media/DoeEwwLU8AAsb0W.jpg,1046951423773032448_386a6cfab878.jpg,tweet_images/1046951423773032448_386a6cfab878.jpg
1537112024286744578,RepDwightEvans,Democrat,http://pbs.twimg.com/media/FVTHSpqXEAA4Kwl.png,1537112024286744578_1bd8d25fab2f.png,tweet_images/1537112024286744578_1bd8d25fab2f.png
1393284843778289670,RepDarrenSoto,Democrat,http://pbs.twimg.com/media/E1XxLkvX0AAnL3d.jpg,1393284843778289670_d054eceb1fa2.jpg,tweet_images/1393284843778289670_d054eceb1fa2.jpg
1300551506194825218,JohnCornyn,Republican,http://pbs.twimg.com/media/Egx8s1tXcAIDkng.jpg,1300551506194825218_fb442698c482.jpg,tweet_images/1300551506194825218_fb442698c482.jpg
1300551506194825218,JohnCornyn,Republican,http://pbs.twimg.com/media/Egx8s1sWsAU3SyR.jpg,1300551506194825218_6dfc36981700.jpg,tweet_images/1300551506194825218_6dfc36981700.jpg
1089224060528197632,RepBryanSteil,Republican,http://pbs.twimg.com/media/Dx2zgYeXQAYJy1I.jpg,1089224060528197632_5e2478d9ba5d.jpg,tweet_images/1089224060528197632_5e2478d9ba5d.jpg
1149729381973020672,RepScottPeters,Democrat,http://pbs.twimg.com/media/D_SIcS4UYAAIzPR.jpg,1149729381973020672_80ccf3fa3fb4.jpg,tweet_images/1149729381973020672_80ccf3fa3fb4.jpg
1253451708388331521,RepRWilliams,Republican,http://pbs.twimg.com/media/EWUnrq9XkAM5KdQ.jpg,1253451708388331521_4f5b2389f60b.jpg,tweet_images/1253451708388331521_4f5b2389f60b.jpg
1572409739518136321,SenTedCruz,Republican,http://pbs.twimg.com/media/FdJSO0EXkAAmqAH.jpg,1572409739518136321_5403fef47725.jpg,tweet_images/1572409739518136321_5403fef47725.jpg
1676684820733149185,ChuckGrassley,Republican,http://pbs.twimg.com/media/F0TH6fyX0AAbnHR.jpg,1676684820733149185_69b18ccaf4c0.jpg,tweet_images/1676684820733149185_69b18ccaf4c0.jpg
1021785914878636033,RepGonzalez,Democrat,http://pbs.twimg.com/media/Di4cy1bXsAAcv7F.jpg,1021785914878636033_fbafd82208b4.jpg,tweet_images/1021785914878636033_fbafd82208b4.jpg
1021785914878636033,RepGonzalez,Democrat,http://pbs.twimg.com/media/Di4cy1jX0AAxYME.jpg,1021785914878636033_6eebfec133e2.jpg,tweet_images/1021785914878636033_6eebfec133e2.jpg
1021785914878636033,RepGonzalez,Democrat,http://pbs.twimg.com/media/Di4cy1YWsAEMa7g.jpg,1021785914878636033_cdde694d25f4.jpg,tweet_images/1021785914878636033_cdde694d25f4.jpg
1021785914878636033,RepGonzalez,Democrat,http://pbs.twimg.com/media/Di4cy1ZW0AEvVYr.jpg,1021785914878636033_a05cca5b1d3b.jpg,tweet_images/1021785914878636033_a05cca5b1d3b.jpg
1326213062014144518,RepGwenMoore,Democrat,http://pbs.twimg.com/media/EmenvvOXcAMKaEB.jpg,1326213062014144518_6686133e7029.jpg,tweet_images/1326213062014144518_6686133e7029.jpg
1028373206388928512,RepMikeQuigley,Democrat,http://pbs.twimg.com/media/DkWD6kyUcAAhn1m.jpg,1028373206388928512_2e3139e50aa1.jpg,tweet_images/1028373206388928512_2e3139e50aa1.jpg
1028373206388928512,RepMikeQuigley,Democrat,http://pbs.twimg.com/media/DkWD6k_UYAAVIbY.jpg,1028373206388928512_6125c82cdc8a.jpg,tweet_images/1028373206388928512_6125c82cdc8a.jpg
1638546980296171531,RepJuanVargas,Democrat,http://pbs.twimg.com/media/Fr1JMUzWYAAwleS.jpg,1638546980296171531_9649ca9ba0a5.jpg,tweet_images/1638546980296171531_9649ca9ba0a5.jpg
1418932158555639812,SenJohnBarrasso,Republican,http://pbs.twimg.com/media/E7EPRtgXoAge2sw.jpg,1418932158555639812_3477b004c372.jpg,tweet_images/1418932158555639812_3477b004c372.jpg
1268575714661535749,SenatorBaldwin,Democrat,http://pbs.twimg.com/media/EZribT-WkAABNh_.jpg,1268575714661535749_3e426837527f.jpg,tweet_images/1268575714661535749_3e426837527f.jpg
994707014231187457,RepMcClintock,Republican,http://pbs.twimg.com/media/Dc3m1AQXUAExD_I.jpg,994707014231187457_16bbb7c015eb.jpg,tweet_images/994707014231187457_16bbb7c015eb.jpg
981593282869424128,RepJohnCurtis,Republican,http://pbs.twimg.com/media/DZ9JgKhVQAEmv13.jpg,981593282869424128_9151e70aa678.jpg,tweet_images/981593282869424128_9151e70aa678.jpg
981593282869424128,RepJohnCurtis,Republican,http://pbs.twimg.com/media/DZ9JgKgVAAIdy4Y.jpg,981593282869424128_b38399da7207.jpg,tweet_images/981593282869424128_b38399da7207.jpg
981593282869424128,RepJohnCurtis,Republican,http://pbs.twimg.com/media/DZ9JgLIVQAIkKOr.jpg,981593282869424128_2d29e7eb78bf.jpg,tweet_images/981593282869424128_2d29e7eb78bf.jpg
981593282869424128,RepJohnCurtis,Republican,http://pbs.twimg.com/media/DZ9JgLJUQAAwadu.jpg,981593282869424128_8ce829ea0bac.jpg,tweet_images/981593282869424128_8ce829ea0bac.jpg
1253414567394213890,RepCarbajal,Democrat,http://pbs.twimg.com/media/EWUFyYqUMAA-jdK.jpg,1253414567394213890_038b5342c5dc.jpg,tweet_images/1253414567394213890_038b5342c5dc.jpg
1451715881327906819,jahimes,Democrat,http://pbs.twimg.com/media/FCUWvKzX0AM0RJk.png,1451715881327906819_9f5699d3c80e.png,tweet_images/1451715881327906819_9f5699d3c80e.png
1313503224930893824,SenThomTillis,Republican,http://pbs.twimg.com/media/Ejpj2YHVgAAw13d.jpg,1313503224930893824_8c4c852de1d0.jpg,tweet_images/1313503224930893824_8c4c852de1d0.jpg
952264065413517312,FrankPallone,Democrat,http://pbs.twimg.com/media/DTcfGW_XkAAUrgS.jpg,952264065413517312_9eb853ffae56.jpg,tweet_images/952264065413517312_9eb853ffae56.jpg
1640390685395238917,BobbyScott,Democrat,http://pbs.twimg.com/media/FsPAoZZWYAAduyg.jpg,1640390685395238917_eb7d25a9b26c.jpg,tweet_images/1640390685395238917_eb7d25a9b26c.jpg
1640390685395238917,BobbyScott,Democrat,http://pbs.twimg.com/media/FsPAoZZWAAA0wAk.jpg,1640390685395238917_edb6b2367bd9.jpg,tweet_images/1640390685395238917_edb6b2367bd9.jpg
1640390685395238917,BobbyScott,Democrat,http://pbs.twimg.com/media/FsPAoZbWIAIzcMh.jpg,1640390685395238917_50f99fe320ab.jpg,tweet_images/1640390685395238917_50f99fe320ab.jpg
1640390685395238917,BobbyScott,Democrat,http://pbs.twimg.com/media/FsPAoZYWIAE3GQx.jpg,1640390685395238917_6569f8e9b238.jpg,tweet_images/1640390685395238917_6569f8e9b238.jpg
1310954058241499139,RepHuffman,Democrat,http://pbs.twimg.com/media/Eio5QpRWoAASuAn.jpg,1310954058241499139_4ab413babcd6.jpg,tweet_images/1310954058241499139_4ab413babcd6.jpg
1136619407415947264,MikeCrapo,Republican,http://pbs.twimg.com/media/D8UkyyrWwAkz9hn.jpg,1136619407415947264_bd04f6a3f6bc.jpg,tweet_images/1136619407415947264_bd04f6a3f6bc.jpg
931186214903996416,MarkWarner,Democrat,http://pbs.twimg.com/media/DOw831fWkAAyn48.jpg,931186214903996416_a5c811253de7.jpg,tweet_images/931186214903996416_a5c811253de7.jpg
1295860685554016261,RepMarkTakano,Democrat,http://pbs.twimg.com/media/EfukJ1ZWAAEnrj4.jpg,1295860685554016261_365ef2b9fe32.jpg,tweet_images/1295860685554016261_365ef2b9fe32.jpg
1312077976318734339,RepMarcyKaptur,Democrat,http://pbs.twimg.com/media/EjVv0YPXcAA2Z8k.jpg,1312077976318734339_7d89c15ed482.jpg,tweet_images/1312077976318734339_7d89c15ed482.jpg
1312077976318734339,RepMarcyKaptur,Democrat,http://pbs.twimg.com/media/EjVvtISWsAAu2ag.jpg,1312077976318734339_040305bd0d09.jpg,tweet_images/1312077976318734339_040305bd0d09.jpg
882049234568183808,RepJasonSmith,Republican,http://pbs.twimg.com/media/DD2rDsrWAAEej02.jpg,882049234568183808_a5b64a43e9d5.jpg,tweet_images/882049234568183808_a5b64a43e9d5.jpg
1187068210681733125,RepJohnJoyce,Republican,http://pbs.twimg.com/media/EHlQPm9X4AM7yKJ.jpg,1187068210681733125_5837c145bd5e.jpg,tweet_images/1187068210681733125_5837c145bd5e.jpg
1448030661684736006,RepRonEstes,Republican,http://pbs.twimg.com/media/FBhwIbZWEAYBd6I.jpg,1448030661684736006_290e3f79b48e.jpg,tweet_images/1448030661684736006_290e3f79b48e.jpg
943883574452858881,RepKClark,Democrat,http://pbs.twimg.com/media/DRlZFe0WsAIW5bo.jpg,943883574452858881_aadf3c000b91.jpg,tweet_images/943883574452858881_aadf3c000b91.jpg
1450463133672300545,JudgeCarter,Republican,http://pbs.twimg.com/media/FCETZtnXIAQyVNh.jpg,1450463133672300545_ebaf2e4f81e1.jpg,tweet_images/1450463133672300545_ebaf2e4f81e1.jpg
1450463133672300545,JudgeCarter,Republican,http://pbs.twimg.com/media/FCETcL7XoAwdFGN.jpg,1450463133672300545_716f11b9c77a.jpg,tweet_images/1450463133672300545_716f11b9c77a.jpg
1139306452412071936,SenJackyRosen,Democrat,http://pbs.twimg.com/media/D8-S4EtXYAEuJhR.jpg,1139306452412071936_4cfcb3d312fd.jpg,tweet_images/1139306452412071936_4cfcb3d312fd.jpg
1139306452412071936,SenJackyRosen,Democrat,http://pbs.twimg.com/media/D8-S4EvWkAYUea5.jpg,1139306452412071936_a9ba4fa051f6.jpg,tweet_images/1139306452412071936_a9ba4fa051f6.jpg
1139306452412071936,SenJackyRosen,Democrat,http://pbs.twimg.com/media/D8-S4EvX4AEaX3X.jpg,1139306452412071936_7712e3864718.jpg,tweet_images/1139306452412071936_7712e3864718.jpg
1300486440258854913,RepEspaillat,Democrat,http://pbs.twimg.com/media/EgxBejAWkAI962m.jpg,1300486440258854913_9587e49450ca.jpg,tweet_images/1300486440258854913_9587e49450ca.jpg
1300486440258854913,RepEspaillat,Democrat,http://pbs.twimg.com/media/EgxBei_XcAE8LNZ.jpg,1300486440258854913_36acb21d3553.jpg,tweet_images/1300486440258854913_36acb21d3553.jpg
1300486440258854913,RepEspaillat,Democrat,http://pbs.twimg.com/media/EgxBejgX0AAzMlb.jpg,1300486440258854913_bfef0d5a3fa5.jpg,tweet_images/1300486440258854913_bfef0d5a3fa5.jpg
1300486440258854913,RepEspaillat,Democrat,http://pbs.twimg.com/media/EgxBenBXYAINDTa.jpg,1300486440258854913_773eb87ab2ed.jpg,tweet_images/1300486440258854913_773eb87ab2ed.jpg
1449789954427609092,RepDarrenSoto,Democrat,http://pbs.twimg.com/media/FB6wR7EWUAMtaS8.jpg,1449789954427609092_9bde137cd479.jpg,tweet_images/1449789954427609092_9bde137cd479.jpg
1042121124207837184,RepKClark,Democrat,http://pbs.twimg.com/media/DnZT-ZPWwAEui5Z.jpg,1042121124207837184_4f769480880c.jpg,tweet_images/1042121124207837184_4f769480880c.jpg
1042121124207837184,RepKClark,Democrat,http://pbs.twimg.com/media/DnZUH-TW0AA1BOj.jpg,1042121124207837184_05e603235da8.jpg,tweet_images/1042121124207837184_05e603235da8.jpg
1472287085943996420,RepBrianMast,Republican,http://pbs.twimg.com/media/FG6aOzUWUAInBrG.jpg,1472287085943996420_6622511b6341.jpg,tweet_images/1472287085943996420_6622511b6341.jpg
1083495383370792960,DonaldNorcross,Democrat,http://pbs.twimg.com/media/DwlXy5hWsAMO90B.jpg,1083495383370792960_6905c018ddc5.jpg,tweet_images/1083495383370792960_6905c018ddc5.jpg
1124081632913371137,SenRonJohnson,Republican,http://pbs.twimg.com/media/D5l4Hs7XsAYCF4w.jpg,1124081632913371137_e50747407c11.jpg,tweet_images/1124081632913371137_e50747407c11.jpg
1581450927214858242,BobbyScott,Democrat,http://pbs.twimg.com/media/FfJxPA4WYAEJSzn.jpg,1581450927214858242_4c5a53743cbd.jpg,tweet_images/1581450927214858242_4c5a53743cbd.jpg
1581450927214858242,BobbyScott,Democrat,http://pbs.twimg.com/media/FfJxPA4XEAAuNIH.jpg,1581450927214858242_0ddc8b0e74f9.jpg,tweet_images/1581450927214858242_0ddc8b0e74f9.jpg
1581450927214858242,BobbyScott,Democrat,http://pbs.twimg.com/media/FfJxPA4WQAE0SLf.jpg,1581450927214858242_2726dede8aad.jpg,tweet_images/1581450927214858242_2726dede8aad.jpg
961991017066123264,RepGosar,Republican,http://pbs.twimg.com/media/DVmtumUW0AAGWjK.jpg,961991017066123264_04db0a79e57b.jpg,tweet_images/961991017066123264_04db0a79e57b.jpg
1368554161189625857,RepTerriSewell,Democrat,http://pbs.twimg.com/media/Ev4UwYpWgAIyH6e.jpg,1368554161189625857_f810e65195e0.jpg,tweet_images/1368554161189625857_f810e65195e0.jpg
1488916519216111616,RepHoulahan,Democrat,http://pbs.twimg.com/media/FKmxn0CWUAgszyu.jpg,1488916519216111616_b6469e4500b7.jpg,tweet_images/1488916519216111616_b6469e4500b7.jpg
1488916519216111616,RepHoulahan,Democrat,http://pbs.twimg.com/media/FKmxo8cXsAAxoFC.jpg,1488916519216111616_2e73585369fc.jpg,tweet_images/1488916519216111616_2e73585369fc.jpg
1549545471517007872,RepMGS,Democrat,http://pbs.twimg.com/media/FYDGZyEWIAIZFG-.jpg,1549545471517007872_d8fe6f9a8a9f.jpg,tweet_images/1549545471517007872_d8fe6f9a8a9f.jpg
1315044395629060097,DonaldNorcross,Democrat,http://pbs.twimg.com/media/Ej_53XQWAAIelLl.jpg,1315044395629060097_bfc010f26e5d.jpg,tweet_images/1315044395629060097_bfc010f26e5d.jpg
1031567736122630144,DesJarlaisTN04,Republican,http://pbs.twimg.com/media/DlDUvCzW0AArWlU.jpg,1031567736122630144_c91d4fd9b1c8.jpg,tweet_images/1031567736122630144_c91d4fd9b1c8.jpg
1244677468524556289,RepWebster,Republican,http://pbs.twimg.com/media/EUX7jxRWsAAtVP9.jpg,1244677468524556289_30e8ee31341d.jpg,tweet_images/1244677468524556289_30e8ee31341d.jpg
1360658323624898563,RepDwightEvans,Democrat,http://pbs.twimg.com/media/EuCcBnvXIAEoGHv.png,1360658323624898563_5fcb6ec3e4b1.png,tweet_images/1360658323624898563_5fcb6ec3e4b1.png
1360658323624898563,RepDwightEvans,Democrat,http://pbs.twimg.com/media/EuCcBmLWYAAH5Ym.png,1360658323624898563_2520122a58ba.png,tweet_images/1360658323624898563_2520122a58ba.png
1360658323624898563,RepDwightEvans,Democrat,http://pbs.twimg.com/media/EuCcBoqXEAAtJ07.png,1360658323624898563_d690e98f3c61.png,tweet_images/1360658323624898563_d690e98f3c61.png
1419639012424404994,RepCuellar,Democrat,http://pbs.twimg.com/media/E7Kw0KKXsAEHG-c.jpg,1419639012424404994_0be32b7deb50.jpg,tweet_images/1419639012424404994_0be32b7deb50.jpg
1419639012424404994,RepCuellar,Democrat,http://pbs.twimg.com/media/E7Kw0KKWQAAs9SY.jpg,1419639012424404994_88d2ac3e0e84.jpg,tweet_images/1419639012424404994_88d2ac3e0e84.jpg
1230537764405481475,RepJoeMorelle,Democrat,http://pbs.twimg.com/media/ERO_j7MX0AUBQhM.jpg,1230537764405481475_d5992dfba54a.jpg,tweet_images/1230537764405481475_d5992dfba54a.jpg
1230537764405481475,RepJoeMorelle,Democrat,http://pbs.twimg.com/media/ERO_kOUWsAc1tf8.jpg,1230537764405481475_fd464d090b10.jpg,tweet_images/1230537764405481475_fd464d090b10.jpg
1230537764405481475,RepJoeMorelle,Democrat,http://pbs.twimg.com/media/ERO_kdiVAAAHVdY.jpg,1230537764405481475_06715ddfca67.jpg,tweet_images/1230537764405481475_06715ddfca67.jpg
1230537764405481475,RepJoeMorelle,Democrat,http://pbs.twimg.com/media/ERO_kpTXYAEVGG5.jpg,1230537764405481475_72cbf2e6972e.jpg,tweet_images/1230537764405481475_72cbf2e6972e.jpg
919337051421634561,RepBonamici,Democrat,http://pbs.twimg.com/media/DMIi_BJVwAEbcWK.jpg,919337051421634561_2929871663b4.jpg,tweet_images/919337051421634561_2929871663b4.jpg
1463880125225873410,RepMalliotakis,Republican,http://pbs.twimg.com/media/FFC_NOmWYAEiJov.jpg,1463880125225873410_e75622d4343d.jpg,tweet_images/1463880125225873410_e75622d4343d.jpg
927941177860677632,RepWilson,Democrat,http://pbs.twimg.com/media/DOC1kWLVAAALQAg.jpg,927941177860677632_ac627e999556.jpg,tweet_images/927941177860677632_ac627e999556.jpg
1395797945711218688,repmarkpocan,Democrat,http://pbs.twimg.com/media/E16-BoAXEAkAsAU.png,1395797945711218688_c07637b56208.png,tweet_images/1395797945711218688_c07637b56208.png
1395797945711218688,repmarkpocan,Democrat,http://pbs.twimg.com/media/E16-Bn_WYAAfe46.png,1395797945711218688_90b6014e021f.png,tweet_images/1395797945711218688_90b6014e021f.png
1365356822941622276,RepBillFoster,Democrat,http://pbs.twimg.com/media/EvBsUGwWYAMfost.png,1365356822941622276_c25cb13613d7.png,tweet_images/1365356822941622276_c25cb13613d7.png
1523711518742745089,RepJerryNadler,Democrat,http://pbs.twimg.com/media/FSVOUPlWUAEhSHg.jpg,1523711518742745089_5892e61c2c18.jpg,tweet_images/1523711518742745089_5892e61c2c18.jpg
1523711518742745089,RepJerryNadler,Democrat,http://pbs.twimg.com/media/FSU3NI5WUAEEJ2L.jpg,1523711518742745089_2d2cb896424d.jpg,tweet_images/1523711518742745089_2d2cb896424d.jpg
1499022463023206401,RepTonyGonzales,Republican,http://pbs.twimg.com/media/FMpVlX4X0AYcw6s.jpg,1499022463023206401_40f58991ebd7.jpg,tweet_images/1499022463023206401_40f58991ebd7.jpg
974306735677587456,RepCarbajal,Democrat,http://pbs.twimg.com/media/DYSKNkUWAAINlHB.jpg,974306735677587456_9332d3d152f1.jpg,tweet_images/974306735677587456_9332d3d152f1.jpg
1271858574512267269,NydiaVelazquez,Democrat,http://pbs.twimg.com/media/EaaMZ52XYAIsNSh.jpg,1271858574512267269_009cb5b17c32.jpg,tweet_images/1271858574512267269_009cb5b17c32.jpg
1271858574512267269,NydiaVelazquez,Democrat,http://pbs.twimg.com/media/EaaMbBBWsAMwh0K.jpg,1271858574512267269_dc81b9ee6ece.jpg,tweet_images/1271858574512267269_dc81b9ee6ece.jpg
1271858574512267269,NydiaVelazquez,Democrat,http://pbs.twimg.com/media/EaaMcSrXQAANa4V.jpg,1271858574512267269_e1c67edcd349.jpg,tweet_images/1271858574512267269_e1c67edcd349.jpg
1123257381419462657,RepDebDingell,Democrat,http://pbs.twimg.com/media/D5acoatXkAE5r1G.jpg,1123257381419462657_2d6cc5d3d006.jpg,tweet_images/1123257381419462657_2d6cc5d3d006.jpg
968584053648740352,RepHalRogers,Republican,http://pbs.twimg.com/media/DXEaDgRX4Ac5k62.jpg,968584053648740352_f5e955c2c14b.jpg,tweet_images/968584053648740352_f5e955c2c14b.jpg
1325520792440942593,SteveDaines,Republican,http://pbs.twimg.com/media/EmUxuvvW8AAM7ku.jpg,1325520792440942593_706675db49cc.jpg,tweet_images/1325520792440942593_706675db49cc.jpg
1325520792440942593,SteveDaines,Republican,http://pbs.twimg.com/media/EmUxuvvWEAEYP5l.jpg,1325520792440942593_569849669618.jpg,tweet_images/1325520792440942593_569849669618.jpg
928319052400988160,SenSanders,Independent,http://pbs.twimg.com/media/DOIK6TgWsAAxpcC.jpg,928319052400988160_1271dc6210de.jpg,tweet_images/928319052400988160_1271dc6210de.jpg
1392837292256079875,RepNancyMace,Republican,http://pbs.twimg.com/media/E1RaIh-XEAMqyE-.jpg,1392837292256079875_7cd106d389f6.jpg,tweet_images/1392837292256079875_7cd106d389f6.jpg
1555631879931453440,RepEspaillat,Democrat,http://pbs.twimg.com/media/FZa27-vWYAAxRZj.jpg,1555631879931453440_a92d215e0719.jpg,tweet_images/1555631879931453440_a92d215e0719.jpg
1394664095471841281,SenBillCassidy,Republican,http://pbs.twimg.com/media/E1rVER6WQAYL5gw.png,1394664095471841281_3dbb3b1e502e.png,tweet_images/1394664095471841281_3dbb3b1e502e.png
1563249889819369475,RepTerriSewell,Democrat,http://pbs.twimg.com/media/FbHHfQeUcAMp7_o.jpg,1563249889819369475_2526246d88cf.jpg,tweet_images/1563249889819369475_2526246d88cf.jpg
1669329859535859713,RepDebDingell,Democrat,http://pbs.twimg.com/media/FyqmqHPWIAICkas.jpg,1669329859535859713_57c7903c2718.jpg,tweet_images/1669329859535859713_57c7903c2718.jpg
1088451358871543809,RepBalderson,Republican,http://pbs.twimg.com/media/DxjaxrzWwAA-mc6.jpg,1088451358871543809_f5b41fc22c03.jpg,tweet_images/1088451358871543809_f5b41fc22c03.jpg
